customer_id,name,email,age,country,purchase_amount
0,Customer_0,user0@gmail.com,62,USA,2130
1,Customer_1,user1@gmail.com,67,USA,2501
2,Customer_2,user2@gmail.com,66,USA,3582
3,Customer_3,user3@gmail.com,46,UK,3034
4,Customer_4,user4@gmail.com,51,USA,4471
5,Customer_5,user5@gmail.com,66,USA,3710
6,Customer_6,user6@gmail.com,46,UK,3608
7,Customer_7,user7@gmail.com,49,USA,1026
8,Customer_8,user8@gmail.com,61,UK,2900
9,Customer_9,user9@gmail.com,25,UK,3225
10,Customer_10,user10@gmail.com,69,UK,3917
11,Customer_11,user11@gmail.com,46,USA,801
12,Customer_12,user12@gmail.com,32,India,679
13,Customer_13,user13@gmail.com,65,UK,688
14,Customer_14,user14@gmail.com,49,India,2176
15,Customer_15,user15@gmail.com,34,UK,3430
16,Customer_16,user16@gmail.com,48,USA,2608
17,Customer_17,user17@gmail.com,24,UK,1175
18,Customer_18,user18@gmail.com,64,USA,4366
19,Customer_19,user19@gmail.com,22,UK,1277
20,Customer_20,user20@gmail.com,55,India,3363
21,Customer_21,user21@gmail.com,30,USA,2841
22,Customer_22,user22@gmail.com,47,UK,1678
23,Customer_23,user23@gmail.com,47,UK,522
24,Customer_24,user24@gmail.com,58,USA,888
25,Customer_25,user25@gmail.com,23,USA,3884
26,Customer_26,user26@gmail.com,37,USA,2011
27,Customer_27,user27@gmail.com,70,UK,4189
28,Customer_28,user28@gmail.com,68,India,2139
29,Customer_29,user29@gmail.com,37,UK,2463
30,Customer_30,user30@gmail.com,53,India,1488
31,Customer_31,user31@gmail.com,20,India,2354
32,Customer_32,user32@gmail.com,63,UK,963
33,Customer_33,user33@gmail.com,55,UK,4968
34,Customer_34,user34@gmail.com,23,USA,4626
35,Customer_35,user35@gmail.com,25,UK,502
36,Customer_36,user36@gmail.com,32,India,2378
37,Customer_37,user37@gmail.com,47,India,3644
38,Customer_38,user38@gmail.com,54,USA,3128
39,Customer_39,user39@gmail.com,52,USA,4548
40,Customer_40,user40@gmail.com,40,USA,3262
41,Customer_41,user41@gmail.com,28,UK,2360
42,Customer_42,user42@gmail.com,62,USA,278
43,Customer_43,user43@gmail.com,51,India,1465
44,Customer_44,user44@gmail.com,41,UK,4815
45,Customer_45,user45@gmail.com,51,UK,2133
46,Customer_46,user46@gmail.com,41,India,1603
47,Customer_47,user47@gmail.com,39,USA,2369
48,Customer_48,user48@gmail.com,33,UK,1127
49,Customer_49,user49@gmail.com,35,India,4354
50,Customer_50,user50@gmail.com,26,UK,3329
51,Customer_51,user51@gmail.com,45,India,4915
52,Customer_52,user52@gmail.com,35,India,2134
53,Customer_53,user53@gmail.com,51,UK,984
54,Customer_54,user54@gmail.com,25,UK,4825
55,Customer_55,user55@gmail.com,62,USA,2940
56,Customer_56,user56@gmail.com,30,USA,2803
57,Customer_57,user57@gmail.com,62,UK,4654
58,Customer_58,user58@gmail.com,34,India,2064
59,Customer_59,user59@gmail.com,64,UK,3794
60,Customer_60,user60@gmail.com,51,India,4237
61,Customer_61,user61@gmail.com,27,India,2175
62,Customer_62,user62@gmail.com,57,UK,1207
63,Customer_63,user63@gmail.com,62,UK,2927
64,Customer_64,user64@gmail.com,52,USA,3643
65,Customer_65,user65@gmail.com,51,USA,4607
66,Customer_66,user66@gmail.com,42,India,4532
67,Customer_67,user67@gmail.com,21,India,266
68,Customer_68,user68@gmail.com,53,UK,2597
69,Customer_69,user69@gmail.com,62,India,2162
70,Customer_70,user70@gmail.com,20,India,4419
71,Customer_71,user71@gmail.com,29,USA,3199
72,Customer_72,user72@gmail.com,64,UK,952
73,Customer_73,user73@gmail.com,38,India,2637
74,Customer_74,user74@gmail.com,45,UK,3453
75,Customer_75,user75@gmail.com,40,UK,1593
76,Customer_76,user76@gmail.com,48,USA,2464
77,Customer_77,user77@gmail.com,35,India,1073
78,Customer_78,user78@gmail.com,50,India,945
79,Customer_79,user79@gmail.com,57,India,4424
80,Customer_80,user80@gmail.com,41,UK,4535
81,Customer_81,user81@gmail.com,52,India,4475
82,Customer_82,user82@gmail.com,70,USA,4978
83,Customer_83,user83@gmail.com,68,USA,2796
84,Customer_84,user84@gmail.com,64,UK,4401
85,Customer_85,user85@gmail.com,36,India,2029
86,Customer_86,user86@gmail.com,56,USA,2264
87,Customer_87,user87@gmail.com,68,USA,4983
88,Customer_88,user88@gmail.com,60,India,1071
89,Customer_89,user89@gmail.com,69,UK,3962
90,Customer_90,user90@gmail.com,28,India,3085
91,Customer_91,user91@gmail.com,20,USA,388
92,Customer_92,user92@gmail.com,19,India,1879
93,Customer_93,user93@gmail.com,37,USA,4547
94,Customer_94,user94@gmail.com,65,USA,781
95,Customer_95,user95@gmail.com,70,USA,2064
96,Customer_96,user96@gmail.com,45,USA,2637
97,Customer_97,user97@gmail.com,37,India,4642
98,Customer_98,user98@gmail.com,21,USA,4749
99,Customer_99,user99@gmail.com,26,India,1087
100,Customer_100,user100@gmail.com,56,USA,2344
101,Customer_101,user101@gmail.com,53,India,4746
102,Customer_102,user102@gmail.com,33,UK,825
103,Customer_103,user103@gmail.com,43,UK,2596
104,Customer_104,user104@gmail.com,38,UK,3564
105,Customer_105,user105@gmail.com,70,USA,2512
106,Customer_106,user106@gmail.com,44,UK,4523
107,Customer_107,user107@gmail.com,54,USA,3779
108,Customer_108,user108@gmail.com,69,USA,3053
109,Customer_109,user109@gmail.com,41,UK,4100
110,Customer_110,user110@gmail.com,31,India,4192
111,Customer_111,user111@gmail.com,40,India,693
112,Customer_112,user112@gmail.com,50,USA,2481
113,Customer_113,user113@gmail.com,18,UK,2695
114,Customer_114,user114@gmail.com,28,UK,4840
115,Customer_115,user115@gmail.com,48,USA,2646
116,Customer_116,user116@gmail.com,21,India,3397
117,Customer_117,user117@gmail.com,31,USA,4819
118,Customer_118,user118@gmail.com,62,USA,3458
119,Customer_119,user119@gmail.com,64,UK,696
120,Customer_120,user120@gmail.com,35,India,259
121,Customer_121,user121@gmail.com,61,India,4220
122,Customer_122,user122@gmail.com,59,India,4989
123,Customer_123,user123@gmail.com,22,India,1106
124,Customer_124,user124@gmail.com,62,India,4253
125,Customer_125,user125@gmail.com,59,USA,4460
126,Customer_126,user126@gmail.com,31,UK,397
127,Customer_127,user127@gmail.com,62,USA,4466
128,Customer_128,user128@gmail.com,39,USA,2127
129,Customer_129,user129@gmail.com,28,UK,3560
130,Customer_130,user130@gmail.com,35,USA,2780
131,Customer_131,user131@gmail.com,66,India,3415
132,Customer_132,user132@gmail.com,57,USA,3245
133,Customer_133,user133@gmail.com,33,UK,4630
134,Customer_134,user134@gmail.com,54,USA,4699
135,Customer_135,user135@gmail.com,43,UK,938
136,Customer_136,user136@gmail.com,68,UK,2923
137,Customer_137,user137@gmail.com,34,USA,4138
138,Customer_138,user138@gmail.com,52,India,1295
139,Customer_139,user139@gmail.com,53,UK,1479
140,Customer_140,user140@gmail.com,63,USA,3654
141,Customer_141,user141@gmail.com,63,USA,3391
142,Customer_142,user142@gmail.com,32,USA,4620
143,Customer_143,user143@gmail.com,61,USA,999
144,Customer_144,user144@gmail.com,23,USA,1172
145,Customer_145,user145@gmail.com,54,USA,2835
146,Customer_146,user146@gmail.com,34,USA,2438
147,Customer_147,user147@gmail.com,65,UK,4928
148,Customer_148,user148@gmail.com,25,UK,4744
149,Customer_149,user149@gmail.com,40,India,4361
150,Customer_150,user150@gmail.com,38,USA,2943
151,Customer_151,user151@gmail.com,38,India,4952
152,Customer_152,user152@gmail.com,52,USA,4087
153,Customer_153,user153@gmail.com,51,India,945
154,Customer_154,user154@gmail.com,47,UK,852
155,Customer_155,user155@gmail.com,29,UK,2746
156,Customer_156,user156@gmail.com,56,India,3806
157,Customer_157,user157@gmail.com,28,UK,1293
158,Customer_158,user158@gmail.com,34,USA,4808
159,Customer_159,user159@gmail.com,33,UK,2158
160,Customer_160,user160@gmail.com,41,UK,2856
161,Customer_161,user161@gmail.com,49,USA,1483
162,Customer_162,user162@gmail.com,54,India,2388
163,Customer_163,user163@gmail.com,58,India,2655
164,Customer_164,user164@gmail.com,27,India,141
165,Customer_165,user165@gmail.com,68,India,372
166,Customer_166,user166@gmail.com,48,UK,3814
167,Customer_167,user167@gmail.com,65,India,1292
168,Customer_168,user168@gmail.com,59,UK,3913
169,Customer_169,user169@gmail.com,64,UK,4722
170,Customer_170,user170@gmail.com,41,USA,4078
171,Customer_171,user171@gmail.com,27,USA,342
172,Customer_172,user172@gmail.com,31,India,4105
173,Customer_173,user173@gmail.com,70,India,3729
174,Customer_174,user174@gmail.com,57,India,364
175,Customer_175,user175@gmail.com,65,USA,3173
176,Customer_176,user176@gmail.com,43,India,588
177,Customer_177,user177@gmail.com,69,UK,3427
178,Customer_178,user178@gmail.com,59,USA,4458
179,Customer_179,user179@gmail.com,46,USA,3605
180,Customer_180,user180@gmail.com,64,USA,2257
181,Customer_181,user181@gmail.com,65,UK,4510
182,Customer_182,user182@gmail.com,18,UK,3080
183,Customer_183,user183@gmail.com,61,UK,2571
184,Customer_184,user184@gmail.com,63,USA,3013
185,Customer_185,user185@gmail.com,54,India,3839
186,Customer_186,user186@gmail.com,62,India,390
187,Customer_187,user187@gmail.com,30,India,4325
188,Customer_188,user188@gmail.com,30,USA,2553
189,Customer_189,user189@gmail.com,26,UK,4353
190,Customer_190,user190@gmail.com,63,USA,570
191,Customer_191,user191@gmail.com,40,USA,2785
192,Customer_192,user192@gmail.com,53,UK,2127
193,Customer_193,user193@gmail.com,47,UK,4374
194,Customer_194,user194@gmail.com,29,USA,3839
195,Customer_195,user195@gmail.com,18,USA,1666
196,Customer_196,user196@gmail.com,22,India,3593
197,Customer_197,user197@gmail.com,63,USA,3331
198,Customer_198,user198@gmail.com,54,USA,2567
199,Customer_199,user199@gmail.com,41,India,1981
200,Customer_200,user200@gmail.com,60,USA,4116
201,Customer_201,user201@gmail.com,28,India,4174
202,Customer_202,user202@gmail.com,20,USA,3895
203,Customer_203,user203@gmail.com,39,UK,4100
204,Customer_204,user204@gmail.com,63,USA,1276
205,Customer_205,user205@gmail.com,39,UK,850
206,Customer_206,user206@gmail.com,41,UK,121
207,Customer_207,user207@gmail.com,66,USA,2386
208,Customer_208,user208@gmail.com,37,USA,149
209,Customer_209,user209@gmail.com,50,USA,1240
210,Customer_210,user210@gmail.com,28,India,2610
211,Customer_211,user211@gmail.com,34,USA,2436
212,Customer_212,user212@gmail.com,48,USA,4343
213,Customer_213,user213@gmail.com,66,UK,3398
214,Customer_214,user214@gmail.com,68,India,2777
215,Customer_215,user215@gmail.com,23,USA,2747
216,Customer_216,user216@gmail.com,58,India,1980
217,Customer_217,user217@gmail.com,64,USA,470
218,Customer_218,user218@gmail.com,65,India,2128
219,Customer_219,user219@gmail.com,18,India,4034
220,Customer_220,user220@gmail.com,38,UK,2712
221,Customer_221,user221@gmail.com,62,UK,717
222,Customer_222,user222@gmail.com,55,UK,4860
223,Customer_223,user223@gmail.com,46,India,4184
224,Customer_224,user224@gmail.com,24,India,4568
225,Customer_225,user225@gmail.com,31,India,140
226,Customer_226,user226@gmail.com,23,USA,2033
227,Customer_227,user227@gmail.com,31,USA,219
228,Customer_228,user228@gmail.com,21,UK,2752
229,Customer_229,user229@gmail.com,58,UK,1724
230,Customer_230,user230@gmail.com,62,India,582
231,Customer_231,user231@gmail.com,44,UK,2335
232,Customer_232,user232@gmail.com,54,UK,2682
233,Customer_233,user233@gmail.com,58,USA,1879
234,Customer_234,user234@gmail.com,33,USA,1951
235,Customer_235,user235@gmail.com,50,UK,872
236,Customer_236,user236@gmail.com,45,India,1922
237,Customer_237,user237@gmail.com,25,USA,3936
238,Customer_238,user238@gmail.com,65,UK,3164
239,Customer_239,user239@gmail.com,59,UK,669
240,Customer_240,user240@gmail.com,59,USA,350
241,Customer_241,user241@gmail.com,32,India,893
242,Customer_242,user242@gmail.com,42,UK,3741
243,Customer_243,user243@gmail.com,20,USA,3984
244,Customer_244,user244@gmail.com,63,USA,3594
245,Customer_245,user245@gmail.com,42,India,4645
246,Customer_246,user246@gmail.com,68,USA,2033
247,Customer_247,user247@gmail.com,53,India,3220
248,Customer_248,user248@gmail.com,30,India,2704
249,Customer_249,user249@gmail.com,23,USA,625
250,Customer_250,user250@gmail.com,58,UK,2128
251,Customer_251,user251@gmail.com,64,UK,3015
252,Customer_252,user252@gmail.com,30,India,4546
253,Customer_253,user253@gmail.com,32,USA,771
254,Customer_254,user254@gmail.com,56,UK,130
255,Customer_255,user255@gmail.com,62,UK,3493
256,Customer_256,user256@gmail.com,51,UK,1053
257,Customer_257,user257@gmail.com,20,UK,4332
258,Customer_258,user258@gmail.com,55,India,4806
259,Customer_259,user259@gmail.com,62,India,3663
260,Customer_260,user260@gmail.com,53,India,1095
261,Customer_261,user261@gmail.com,66,UK,1866
262,Customer_262,user262@gmail.com,45,UK,189
263,Customer_263,user263@gmail.com,34,India,4397
264,Customer_264,user264@gmail.com,22,USA,4883
265,Customer_265,user265@gmail.com,27,UK,3477
266,Customer_266,user266@gmail.com,27,USA,724
267,Customer_267,user267@gmail.com,18,UK,4133
268,Customer_268,user268@gmail.com,29,India,337
269,Customer_269,user269@gmail.com,32,India,377
270,Customer_270,user270@gmail.com,49,UK,1457
271,Customer_271,user271@gmail.com,25,USA,4837
272,Customer_272,user272@gmail.com,69,USA,3088
273,Customer_273,user273@gmail.com,27,India,3883
274,Customer_274,user274@gmail.com,68,India,4291
275,Customer_275,user275@gmail.com,29,USA,1216
276,Customer_276,user276@gmail.com,20,USA,4144
277,Customer_277,user277@gmail.com,34,USA,4634
278,Customer_278,user278@gmail.com,36,India,4133
279,Customer_279,user279@gmail.com,32,UK,3886
280,Customer_280,user280@gmail.com,38,UK,295
281,Customer_281,user281@gmail.com,36,India,2055
282,Customer_282,user282@gmail.com,64,USA,2789
283,Customer_283,user283@gmail.com,54,USA,4427
284,Customer_284,user284@gmail.com,66,India,1448
285,Customer_285,user285@gmail.com,37,UK,3279
286,Customer_286,user286@gmail.com,40,UK,1209
287,Customer_287,user287@gmail.com,37,India,1567
288,Customer_288,user288@gmail.com,50,UK,2685
289,Customer_289,user289@gmail.com,69,India,4355
290,Customer_290,user290@gmail.com,38,USA,4165
291,Customer_291,user291@gmail.com,51,UK,4009
292,Customer_292,user292@gmail.com,43,USA,723
293,Customer_293,user293@gmail.com,41,UK,3725
294,Customer_294,user294@gmail.com,22,India,4673
295,Customer_295,user295@gmail.com,49,UK,448
296,Customer_296,user296@gmail.com,43,UK,1985
297,Customer_297,user297@gmail.com,65,UK,4864
298,Customer_298,user298@gmail.com,50,USA,4515
299,Customer_299,user299@gmail.com,25,USA,2750
300,Customer_300,user300@gmail.com,50,USA,3270
301,Customer_301,user301@gmail.com,52,USA,2540
302,Customer_302,user302@gmail.com,63,India,2375
303,Customer_303,user303@gmail.com,70,India,2000
304,Customer_304,user304@gmail.com,40,UK,2467
305,Customer_305,user305@gmail.com,25,USA,4122
306,Customer_306,user306@gmail.com,34,India,2661
307,Customer_307,user307@gmail.com,32,India,1091
308,Customer_308,user308@gmail.com,69,UK,2732
309,Customer_309,user309@gmail.com,30,India,3455
310,Customer_310,user310@gmail.com,23,India,1535
311,Customer_311,user311@gmail.com,66,UK,771
312,Customer_312,user312@gmail.com,25,India,2782
313,Customer_313,user313@gmail.com,27,UK,3770
314,Customer_314,user314@gmail.com,34,India,1164
315,Customer_315,user315@gmail.com,70,UK,2538
316,Customer_316,user316@gmail.com,26,USA,4147
317,Customer_317,user317@gmail.com,62,UK,1541
318,Customer_318,user318@gmail.com,19,UK,1641
319,Customer_319,user319@gmail.com,49,USA,1579
320,Customer_320,user320@gmail.com,20,UK,4829
321,Customer_321,user321@gmail.com,24,USA,2230
322,Customer_322,user322@gmail.com,44,USA,2791
323,Customer_323,user323@gmail.com,63,India,3261
324,Customer_324,user324@gmail.com,38,USA,1024
325,Customer_325,user325@gmail.com,63,USA,4221
326,Customer_326,user326@gmail.com,40,UK,3525
327,Customer_327,user327@gmail.com,65,USA,1398
328,Customer_328,user328@gmail.com,39,India,4706
329,Customer_329,user329@gmail.com,37,USA,3572
330,Customer_330,user330@gmail.com,65,UK,2556
331,Customer_331,user331@gmail.com,25,USA,1779
332,Customer_332,user332@gmail.com,21,USA,1213
333,Customer_333,user333@gmail.com,49,USA,916
334,Customer_334,user334@gmail.com,33,USA,3273
335,Customer_335,user335@gmail.com,40,India,4422
336,Customer_336,user336@gmail.com,65,USA,3802
337,Customer_337,user337@gmail.com,52,USA,4105
338,Customer_338,user338@gmail.com,66,India,3644
339,Customer_339,user339@gmail.com,70,USA,2297
340,Customer_340,user340@gmail.com,18,India,958
341,Customer_341,user341@gmail.com,56,USA,2445
342,Customer_342,user342@gmail.com,54,UK,1356
343,Customer_343,user343@gmail.com,39,USA,2364
344,Customer_344,user344@gmail.com,35,UK,252
345,Customer_345,user345@gmail.com,36,UK,3128
346,Customer_346,user346@gmail.com,38,USA,621
347,Customer_347,user347@gmail.com,26,USA,1664
348,Customer_348,user348@gmail.com,51,USA,3453
349,Customer_349,user349@gmail.com,25,USA,1746
350,Customer_350,user350@gmail.com,31,USA,2577
351,Customer_351,user351@gmail.com,55,UK,3740
352,Customer_352,user352@gmail.com,33,USA,1989
353,Customer_353,user353@gmail.com,60,USA,804
354,Customer_354,user354@gmail.com,22,UK,3889
355,Customer_355,user355@gmail.com,65,UK,2232
356,Customer_356,user356@gmail.com,65,India,4469
357,Customer_357,user357@gmail.com,25,USA,1447
358,Customer_358,user358@gmail.com,64,India,4479
359,Customer_359,user359@gmail.com,55,USA,3302
360,Customer_360,user360@gmail.com,40,USA,4872
361,Customer_361,user361@gmail.com,66,USA,697
362,Customer_362,user362@gmail.com,41,India,4490
363,Customer_363,user363@gmail.com,57,India,635
364,Customer_364,user364@gmail.com,26,India,2412
365,Customer_365,user365@gmail.com,70,UK,664
366,Customer_366,user366@gmail.com,26,UK,4914
367,Customer_367,user367@gmail.com,41,UK,3908
368,Customer_368,user368@gmail.com,32,India,3350
369,Customer_369,user369@gmail.com,37,UK,2026
370,Customer_370,user370@gmail.com,22,India,1175
371,Customer_371,user371@gmail.com,62,USA,4389
372,Customer_372,user372@gmail.com,50,India,2309
373,Customer_373,user373@gmail.com,25,USA,2498
374,Customer_374,user374@gmail.com,29,UK,1449
375,Customer_375,user375@gmail.com,51,UK,2110
376,Customer_376,user376@gmail.com,70,India,1455
377,Customer_377,user377@gmail.com,65,UK,1416
378,Customer_378,user378@gmail.com,38,India,2584
379,Customer_379,user379@gmail.com,28,India,3722
380,Customer_380,user380@gmail.com,53,UK,601
381,Customer_381,user381@gmail.com,51,India,1193
382,Customer_382,user382@gmail.com,63,UK,2248
383,Customer_383,user383@gmail.com,22,India,1262
384,Customer_384,user384@gmail.com,55,USA,1110
385,Customer_385,user385@gmail.com,25,India,4998
386,Customer_386,user386@gmail.com,25,UK,3962
387,Customer_387,user387@gmail.com,57,USA,782
388,Customer_388,user388@gmail.com,53,UK,1667
389,Customer_389,user389@gmail.com,40,UK,279
390,Customer_390,user390@gmail.com,29,India,2509
391,Customer_391,user391@gmail.com,44,USA,2895
392,Customer_392,user392@gmail.com,45,UK,3443
393,Customer_393,user393@gmail.com,64,India,1640
394,Customer_394,user394@gmail.com,63,UK,1544
395,Customer_395,user395@gmail.com,45,India,475
396,Customer_396,user396@gmail.com,46,India,290
397,Customer_397,user397@gmail.com,54,USA,2075
398,Customer_398,user398@gmail.com,46,UK,661
399,Customer_399,user399@gmail.com,18,India,2022
400,Customer_400,user400@gmail.com,56,India,3906
401,Customer_401,user401@gmail.com,21,India,1267
402,Customer_402,user402@gmail.com,39,UK,707
403,Customer_403,user403@gmail.com,24,UK,3613
404,Customer_404,user404@gmail.com,39,UK,3111
405,Customer_405,user405@gmail.com,29,UK,1482
406,Customer_406,user406@gmail.com,23,USA,4342
407,Customer_407,user407@gmail.com,47,UK,3892
408,Customer_408,user408@gmail.com,67,USA,2239
409,Customer_409,user409@gmail.com,48,UK,704
410,Customer_410,user410@gmail.com,28,USA,3059
411,Customer_411,user411@gmail.com,56,UK,1697
412,Customer_412,user412@gmail.com,50,USA,433
413,Customer_413,user413@gmail.com,28,India,2180
414,Customer_414,user414@gmail.com,70,USA,3861
415,Customer_415,user415@gmail.com,35,USA,114
416,Customer_416,user416@gmail.com,57,USA,1352
417,Customer_417,user417@gmail.com,57,UK,951
418,Customer_418,user418@gmail.com,18,UK,3324
419,Customer_419,user419@gmail.com,53,UK,1044
420,Customer_420,user420@gmail.com,67,India,4351
421,Customer_421,user421@gmail.com,68,USA,2363
422,Customer_422,user422@gmail.com,43,USA,3417
423,Customer_423,user423@gmail.com,36,UK,1779
424,Customer_424,user424@gmail.com,51,UK,1201
425,Customer_425,user425@gmail.com,45,India,3348
426,Customer_426,user426@gmail.com,66,UK,4723
427,Customer_427,user427@gmail.com,46,India,4612
428,Customer_428,user428@gmail.com,41,UK,3490
429,Customer_429,user429@gmail.com,53,India,1510
430,Customer_430,user430@gmail.com,56,UK,455
431,Customer_431,user431@gmail.com,48,USA,4345
432,Customer_432,user432@gmail.com,28,India,3023
433,Customer_433,user433@gmail.com,46,USA,4801
434,Customer_434,user434@gmail.com,33,India,367
435,Customer_435,user435@gmail.com,24,India,581
436,Customer_436,user436@gmail.com,26,India,4071
437,Customer_437,user437@gmail.com,34,USA,4208
438,Customer_438,user438@gmail.com,20,India,3222
439,Customer_439,user439@gmail.com,46,UK,3397
440,Customer_440,user440@gmail.com,65,UK,1761
441,Customer_441,user441@gmail.com,53,India,411
442,Customer_442,user442@gmail.com,70,UK,3721
443,Customer_443,user443@gmail.com,46,UK,4613
444,Customer_444,user444@gmail.com,21,India,2123
445,Customer_445,user445@gmail.com,38,UK,1662
446,Customer_446,user446@gmail.com,45,USA,3136
447,Customer_447,user447@gmail.com,26,India,4888
448,Customer_448,user448@gmail.com,58,USA,2839
449,Customer_449,user449@gmail.com,25,USA,1683
450,Customer_450,user450@gmail.com,45,India,2064
451,Customer_451,user451@gmail.com,47,India,2538
452,Customer_452,user452@gmail.com,34,USA,3152
453,Customer_453,user453@gmail.com,42,India,3022
454,Customer_454,user454@gmail.com,50,India,4730
455,Customer_455,user455@gmail.com,40,UK,4172
456,Customer_456,user456@gmail.com,33,UK,1438
457,Customer_457,user457@gmail.com,47,India,1005
458,Customer_458,user458@gmail.com,42,UK,4868
459,Customer_459,user459@gmail.com,26,USA,3230
460,Customer_460,user460@gmail.com,54,India,2818
461,Customer_461,user461@gmail.com,48,UK,4431
462,Customer_462,user462@gmail.com,27,UK,4519
463,Customer_463,user463@gmail.com,46,USA,3942
464,Customer_464,user464@gmail.com,63,USA,4973
465,Customer_465,user465@gmail.com,30,India,4893
466,Customer_466,user466@gmail.com,29,India,4385
467,Customer_467,user467@gmail.com,63,UK,4651
468,Customer_468,user468@gmail.com,52,USA,789
469,Customer_469,user469@gmail.com,38,India,4038
470,Customer_470,user470@gmail.com,42,India,4897
471,Customer_471,user471@gmail.com,28,USA,4687
472,Customer_472,user472@gmail.com,63,USA,4126
473,Customer_473,user473@gmail.com,60,USA,1230
474,Customer_474,user474@gmail.com,54,UK,3772
475,Customer_475,user475@gmail.com,32,USA,4270
476,Customer_476,user476@gmail.com,25,India,602
477,Customer_477,user477@gmail.com,65,USA,2817
478,Customer_478,user478@gmail.com,29,UK,2169
479,Customer_479,user479@gmail.com,30,USA,2561
480,Customer_480,user480@gmail.com,60,India,1056
481,Customer_481,user481@gmail.com,33,UK,4535
482,Customer_482,user482@gmail.com,35,India,2011
483,Customer_483,user483@gmail.com,42,USA,3751
484,Customer_484,user484@gmail.com,62,India,2465
485,Customer_485,user485@gmail.com,34,USA,4335
486,Customer_486,user486@gmail.com,42,India,1349
487,Customer_487,user487@gmail.com,41,UK,768
488,Customer_488,user488@gmail.com,39,India,4074
489,Customer_489,user489@gmail.com,37,UK,1234
490,Customer_490,user490@gmail.com,34,India,3328
491,Customer_491,user491@gmail.com,35,USA,4128
492,Customer_492,user492@gmail.com,42,USA,2413
493,Customer_493,user493@gmail.com,69,UK,4318
494,Customer_494,user494@gmail.com,47,India,1011
495,Customer_495,user495@gmail.com,46,UK,4834
496,Customer_496,user496@gmail.com,35,UK,663
497,Customer_497,user497@gmail.com,63,USA,4632
498,Customer_498,user498@gmail.com,46,USA,1566
499,Customer_499,user499@gmail.com,50,USA,4884
500,Customer_500,user500@gmail.com,49,USA,1023
501,Customer_501,user501@gmail.com,44,USA,1875
502,Customer_502,user502@gmail.com,70,UK,2355
503,Customer_503,user503@gmail.com,23,USA,104
504,Customer_504,user504@gmail.com,46,UK,2432
505,Customer_505,user505@gmail.com,56,UK,3029
506,Customer_506,user506@gmail.com,24,UK,4628
507,Customer_507,user507@gmail.com,31,India,1241
508,Customer_508,user508@gmail.com,20,UK,1948
509,Customer_509,user509@gmail.com,60,USA,1873
510,Customer_510,user510@gmail.com,53,India,985
511,Customer_511,user511@gmail.com,20,USA,2945
512,Customer_512,user512@gmail.com,50,India,3238
513,Customer_513,user513@gmail.com,69,UK,2904
514,Customer_514,user514@gmail.com,58,USA,3363
515,Customer_515,user515@gmail.com,31,USA,3814
516,Customer_516,user516@gmail.com,41,India,573
517,Customer_517,user517@gmail.com,65,UK,2885
518,Customer_518,user518@gmail.com,55,UK,3390
519,Customer_519,user519@gmail.com,22,USA,4351
520,Customer_520,user520@gmail.com,40,UK,361
521,Customer_521,user521@gmail.com,66,USA,4114
522,Customer_522,user522@gmail.com,24,USA,1798
523,Customer_523,user523@gmail.com,27,USA,4283
524,Customer_524,user524@gmail.com,52,UK,2669
525,Customer_525,user525@gmail.com,25,UK,1857
526,Customer_526,user526@gmail.com,65,UK,4219
527,Customer_527,user527@gmail.com,31,India,1320
528,Customer_528,user528@gmail.com,54,India,2732
529,Customer_529,user529@gmail.com,59,India,1931
530,Customer_530,user530@gmail.com,44,India,1397
531,Customer_531,user531@gmail.com,67,USA,3420
532,Customer_532,user532@gmail.com,64,UK,2164
533,Customer_533,user533@gmail.com,32,USA,673
534,Customer_534,user534@gmail.com,40,USA,3059
535,Customer_535,user535@gmail.com,45,India,725
536,Customer_536,user536@gmail.com,24,USA,427
537,Customer_537,user537@gmail.com,68,USA,1838
538,Customer_538,user538@gmail.com,43,UK,2182
539,Customer_539,user539@gmail.com,59,UK,4324
540,Customer_540,user540@gmail.com,20,India,2468
541,Customer_541,user541@gmail.com,18,India,3354
542,Customer_542,user542@gmail.com,57,USA,2912
543,Customer_543,user543@gmail.com,23,USA,4640
544,Customer_544,user544@gmail.com,66,USA,939
545,Customer_545,user545@gmail.com,66,India,3180
546,Customer_546,user546@gmail.com,28,USA,1482
547,Customer_547,user547@gmail.com,33,USA,2805
548,Customer_548,user548@gmail.com,39,India,4022
549,Customer_549,user549@gmail.com,36,USA,4989
550,Customer_550,user550@gmail.com,24,UK,334
551,Customer_551,user551@gmail.com,50,UK,1705
552,Customer_552,user552@gmail.com,58,India,2223
553,Customer_553,user553@gmail.com,18,India,3954
554,Customer_554,user554@gmail.com,44,UK,4977
555,Customer_555,user555@gmail.com,56,UK,4088
556,Customer_556,user556@gmail.com,21,UK,4434
557,Customer_557,user557@gmail.com,37,USA,3626
558,Customer_558,user558@gmail.com,29,UK,2395
559,Customer_559,user559@gmail.com,20,USA,1324
560,Customer_560,user560@gmail.com,54,India,3809
561,Customer_561,user561@gmail.com,27,USA,3602
562,Customer_562,user562@gmail.com,62,UK,1704
563,Customer_563,user563@gmail.com,23,USA,3969
564,Customer_564,user564@gmail.com,45,USA,994
565,Customer_565,user565@gmail.com,50,UK,4709
566,Customer_566,user566@gmail.com,44,USA,2324
567,Customer_567,user567@gmail.com,28,USA,3384
568,Customer_568,user568@gmail.com,23,USA,4111
569,Customer_569,user569@gmail.com,33,India,1929
570,Customer_570,user570@gmail.com,45,UK,3138
571,Customer_571,user571@gmail.com,29,India,2139
572,Customer_572,user572@gmail.com,43,USA,3977
573,Customer_573,user573@gmail.com,21,India,2602
574,Customer_574,user574@gmail.com,53,India,2978
575,Customer_575,user575@gmail.com,30,UK,4284
576,Customer_576,user576@gmail.com,54,USA,3845
577,Customer_577,user577@gmail.com,26,UK,1381
578,Customer_578,user578@gmail.com,63,UK,263
579,Customer_579,user579@gmail.com,36,India,539
580,Customer_580,user580@gmail.com,68,UK,2789
581,Customer_581,user581@gmail.com,34,India,2389
582,Customer_582,user582@gmail.com,45,India,2747
583,Customer_583,user583@gmail.com,19,USA,1227
584,Customer_584,user584@gmail.com,57,UK,838
585,Customer_585,user585@gmail.com,46,India,802
586,Customer_586,user586@gmail.com,34,India,137
587,Customer_587,user587@gmail.com,25,USA,3393
588,Customer_588,user588@gmail.com,55,India,3240
589,Customer_589,user589@gmail.com,57,USA,1840
590,Customer_590,user590@gmail.com,34,UK,2233
591,Customer_591,user591@gmail.com,68,India,1743
592,Customer_592,user592@gmail.com,47,India,123
593,Customer_593,user593@gmail.com,69,UK,4484
594,Customer_594,user594@gmail.com,57,India,2227
595,Customer_595,user595@gmail.com,59,UK,119
596,Customer_596,user596@gmail.com,46,India,228
597,Customer_597,user597@gmail.com,55,India,930
598,Customer_598,user598@gmail.com,64,India,661
599,Customer_599,user599@gmail.com,33,USA,4565
600,Customer_600,user600@gmail.com,54,UK,1323
601,Customer_601,user601@gmail.com,60,India,1959
602,Customer_602,user602@gmail.com,55,UK,862
603,Customer_603,user603@gmail.com,61,India,4636
604,Customer_604,user604@gmail.com,58,USA,3789
605,Customer_605,user605@gmail.com,59,USA,498
606,Customer_606,user606@gmail.com,22,USA,4144
607,Customer_607,user607@gmail.com,65,India,1665
608,Customer_608,user608@gmail.com,25,USA,980
609,Customer_609,user609@gmail.com,21,India,1340
610,Customer_610,user610@gmail.com,57,UK,753
611,Customer_611,user611@gmail.com,28,India,2482
612,Customer_612,user612@gmail.com,63,India,3014
613,Customer_613,user613@gmail.com,39,UK,687
614,Customer_614,user614@gmail.com,26,USA,2802
615,Customer_615,user615@gmail.com,20,USA,3350
616,Customer_616,user616@gmail.com,49,USA,1073
617,Customer_617,user617@gmail.com,37,India,3020
618,Customer_618,user618@gmail.com,53,USA,1097
619,Customer_619,user619@gmail.com,27,India,2189
620,Customer_620,user620@gmail.com,28,UK,4779
621,Customer_621,user621@gmail.com,26,India,2217
622,Customer_622,user622@gmail.com,48,India,3784
623,Customer_623,user623@gmail.com,27,UK,1750
624,Customer_624,user624@gmail.com,26,USA,2743
625,Customer_625,user625@gmail.com,28,India,1237
626,Customer_626,user626@gmail.com,63,UK,1802
627,Customer_627,user627@gmail.com,69,India,4871
628,Customer_628,user628@gmail.com,39,USA,313
629,Customer_629,user629@gmail.com,21,UK,3064
630,Customer_630,user630@gmail.com,46,UK,3606
631,Customer_631,user631@gmail.com,65,India,4981
632,Customer_632,user632@gmail.com,63,India,1687
633,Customer_633,user633@gmail.com,66,USA,4920
634,Customer_634,user634@gmail.com,51,UK,729
635,Customer_635,user635@gmail.com,30,USA,723
636,Customer_636,user636@gmail.com,65,USA,4313
637,Customer_637,user637@gmail.com,50,India,1311
638,Customer_638,user638@gmail.com,32,India,4590
639,Customer_639,user639@gmail.com,21,USA,2041
640,Customer_640,user640@gmail.com,51,India,456
641,Customer_641,user641@gmail.com,32,India,2789
642,Customer_642,user642@gmail.com,30,UK,4251
643,Customer_643,user643@gmail.com,59,USA,4457
644,Customer_644,user644@gmail.com,18,India,4568
645,Customer_645,user645@gmail.com,22,India,2455
646,Customer_646,user646@gmail.com,34,UK,4785
647,Customer_647,user647@gmail.com,48,India,1213
648,Customer_648,user648@gmail.com,46,USA,927
649,Customer_649,user649@gmail.com,54,USA,4669
650,Customer_650,user650@gmail.com,46,UK,3372
651,Customer_651,user651@gmail.com,37,USA,1830
652,Customer_652,user652@gmail.com,18,UK,4370
653,Customer_653,user653@gmail.com,69,India,2376
654,Customer_654,user654@gmail.com,21,UK,775
655,Customer_655,user655@gmail.com,55,India,501
656,Customer_656,user656@gmail.com,43,India,4281
657,Customer_657,user657@gmail.com,39,USA,852
658,Customer_658,user658@gmail.com,46,UK,671
659,Customer_659,user659@gmail.com,47,USA,468
660,Customer_660,user660@gmail.com,45,India,1725
661,Customer_661,user661@gmail.com,59,India,4556
662,Customer_662,user662@gmail.com,27,UK,4269
663,Customer_663,user663@gmail.com,42,India,4194
664,Customer_664,user664@gmail.com,57,UK,2225
665,Customer_665,user665@gmail.com,27,India,4146
666,Customer_666,user666@gmail.com,61,India,4396
667,Customer_667,user667@gmail.com,69,UK,813
668,Customer_668,user668@gmail.com,26,India,1700
669,Customer_669,user669@gmail.com,41,UK,2876
670,Customer_670,user670@gmail.com,45,India,1824
671,Customer_671,user671@gmail.com,24,USA,3351
672,Customer_672,user672@gmail.com,39,UK,3351
673,Customer_673,user673@gmail.com,34,India,3537
674,Customer_674,user674@gmail.com,61,USA,1099
675,Customer_675,user675@gmail.com,66,UK,1021
676,Customer_676,user676@gmail.com,60,UK,855
677,Customer_677,user677@gmail.com,40,USA,3512
678,Customer_678,user678@gmail.com,53,USA,423
679,Customer_679,user679@gmail.com,50,India,435
680,Customer_680,user680@gmail.com,63,UK,3562
681,Customer_681,user681@gmail.com,44,India,2228
682,Customer_682,user682@gmail.com,35,USA,1838
683,Customer_683,user683@gmail.com,27,India,4333
684,Customer_684,user684@gmail.com,51,USA,2923
685,Customer_685,user685@gmail.com,67,India,2888
686,Customer_686,user686@gmail.com,61,USA,816
687,Customer_687,user687@gmail.com,34,India,1499
688,Customer_688,user688@gmail.com,44,USA,3155
689,Customer_689,user689@gmail.com,28,USA,1342
690,Customer_690,user690@gmail.com,23,UK,556
691,Customer_691,user691@gmail.com,50,UK,604
692,Customer_692,user692@gmail.com,61,UK,3153
693,Customer_693,user693@gmail.com,20,USA,751
694,Customer_694,user694@gmail.com,31,India,2159
695,Customer_695,user695@gmail.com,69,UK,3412
696,Customer_696,user696@gmail.com,65,India,3600
697,Customer_697,user697@gmail.com,21,USA,3768
698,Customer_698,user698@gmail.com,24,USA,4263
699,Customer_699,user699@gmail.com,33,India,2596
700,Customer_700,user700@gmail.com,59,USA,2676
701,Customer_701,user701@gmail.com,45,USA,4806
702,Customer_702,user702@gmail.com,67,USA,2374
703,Customer_703,user703@gmail.com,58,USA,1948
704,Customer_704,user704@gmail.com,69,UK,2912
705,Customer_705,user705@gmail.com,44,USA,4748
706,Customer_706,user706@gmail.com,68,UK,3311
707,Customer_707,user707@gmail.com,26,USA,2436
708,Customer_708,user708@gmail.com,20,UK,1740
709,Customer_709,user709@gmail.com,40,UK,2691
710,Customer_710,user710@gmail.com,69,USA,2270
711,Customer_711,user711@gmail.com,52,India,1670
712,Customer_712,user712@gmail.com,34,India,1306
713,Customer_713,user713@gmail.com,32,UK,4939
714,Customer_714,user714@gmail.com,47,USA,2483
715,Customer_715,user715@gmail.com,27,UK,359
716,Customer_716,user716@gmail.com,56,India,4510
717,Customer_717,user717@gmail.com,30,India,1853
718,Customer_718,user718@gmail.com,40,UK,440
719,Customer_719,user719@gmail.com,56,USA,3024
720,Customer_720,user720@gmail.com,34,UK,743
721,Customer_721,user721@gmail.com,64,UK,741
722,Customer_722,user722@gmail.com,49,USA,2369
723,Customer_723,user723@gmail.com,20,UK,3924
724,Customer_724,user724@gmail.com,57,India,482
725,Customer_725,user725@gmail.com,30,India,2760
726,Customer_726,user726@gmail.com,47,India,1595
727,Customer_727,user727@gmail.com,66,USA,777
728,Customer_728,user728@gmail.com,28,USA,320
729,Customer_729,user729@gmail.com,18,UK,4983
730,Customer_730,user730@gmail.com,21,USA,1962
731,Customer_731,user731@gmail.com,50,USA,3044
732,Customer_732,user732@gmail.com,36,UK,3478
733,Customer_733,user733@gmail.com,35,UK,1823
734,Customer_734,user734@gmail.com,66,India,738
735,Customer_735,user735@gmail.com,35,India,1418
736,Customer_736,user736@gmail.com,56,USA,3479
737,Customer_737,user737@gmail.com,31,India,634
738,Customer_738,user738@gmail.com,55,UK,1639
739,Customer_739,user739@gmail.com,59,USA,246
740,Customer_740,user740@gmail.com,63,USA,1981
741,Customer_741,user741@gmail.com,69,USA,2996
742,Customer_742,user742@gmail.com,31,India,1935
743,Customer_743,user743@gmail.com,24,UK,4730
744,Customer_744,user744@gmail.com,23,India,597
745,Customer_745,user745@gmail.com,54,UK,1208
746,Customer_746,user746@gmail.com,18,USA,2551
747,Customer_747,user747@gmail.com,55,UK,1271
748,Customer_748,user748@gmail.com,44,UK,435
749,Customer_749,user749@gmail.com,56,USA,187
750,Customer_750,user750@gmail.com,52,India,2115
751,Customer_751,user751@gmail.com,36,UK,2942
752,Customer_752,user752@gmail.com,21,UK,2410
753,Customer_753,user753@gmail.com,60,UK,344
754,Customer_754,user754@gmail.com,45,USA,3158
755,Customer_755,user755@gmail.com,38,India,1281
756,Customer_756,user756@gmail.com,60,India,1930
757,Customer_757,user757@gmail.com,40,UK,544
758,Customer_758,user758@gmail.com,23,USA,3305
759,Customer_759,user759@gmail.com,64,USA,1371
760,Customer_760,user760@gmail.com,53,India,4189
761,Customer_761,user761@gmail.com,43,USA,3430
762,Customer_762,user762@gmail.com,40,India,4040
763,Customer_763,user763@gmail.com,44,UK,3394
764,Customer_764,user764@gmail.com,29,UK,1595
765,Customer_765,user765@gmail.com,63,UK,3474
766,Customer_766,user766@gmail.com,20,India,1389
767,Customer_767,user767@gmail.com,66,UK,3193
768,Customer_768,user768@gmail.com,62,India,787
769,Customer_769,user769@gmail.com,18,UK,1068
770,Customer_770,user770@gmail.com,32,UK,4642
771,Customer_771,user771@gmail.com,50,UK,2372
772,Customer_772,user772@gmail.com,27,UK,4510
773,Customer_773,user773@gmail.com,32,USA,1418
774,Customer_774,user774@gmail.com,52,UK,1199
775,Customer_775,user775@gmail.com,62,India,1274
776,Customer_776,user776@gmail.com,31,USA,2994
777,Customer_777,user777@gmail.com,44,UK,4868
778,Customer_778,user778@gmail.com,69,USA,4480
779,Customer_779,user779@gmail.com,36,USA,4887
780,Customer_780,user780@gmail.com,40,UK,1566
781,Customer_781,user781@gmail.com,67,USA,4348
782,Customer_782,user782@gmail.com,36,UK,3185
783,Customer_783,user783@gmail.com,62,USA,1099
784,Customer_784,user784@gmail.com,34,India,4286
785,Customer_785,user785@gmail.com,23,India,4184
786,Customer_786,user786@gmail.com,46,India,3022
787,Customer_787,user787@gmail.com,23,UK,4937
788,Customer_788,user788@gmail.com,29,India,3417
789,Customer_789,user789@gmail.com,25,UK,4659
790,Customer_790,user790@gmail.com,61,India,666
791,Customer_791,user791@gmail.com,47,UK,1015
792,Customer_792,user792@gmail.com,58,USA,3675
793,Customer_793,user793@gmail.com,56,India,4305
794,Customer_794,user794@gmail.com,58,India,1657
795,Customer_795,user795@gmail.com,67,USA,4100
796,Customer_796,user796@gmail.com,38,UK,4875
797,Customer_797,user797@gmail.com,47,USA,933
798,Customer_798,user798@gmail.com,51,India,1860
799,Customer_799,user799@gmail.com,69,UK,2873
800,Customer_800,user800@gmail.com,31,India,720
801,Customer_801,user801@gmail.com,61,UK,4653
802,Customer_802,user802@gmail.com,53,UK,1561
803,Customer_803,user803@gmail.com,25,UK,104
804,Customer_804,user804@gmail.com,70,UK,4411
805,Customer_805,user805@gmail.com,49,India,2292
806,Customer_806,user806@gmail.com,29,UK,2346
807,Customer_807,user807@gmail.com,32,USA,3831
808,Customer_808,user808@gmail.com,45,UK,1885
809,Customer_809,user809@gmail.com,27,India,3002
810,Customer_810,user810@gmail.com,26,UK,1888
811,Customer_811,user811@gmail.com,54,India,3480
812,Customer_812,user812@gmail.com,35,India,806
813,Customer_813,user813@gmail.com,57,UK,2179
814,Customer_814,user814@gmail.com,30,India,3375
815,Customer_815,user815@gmail.com,41,India,2761
816,Customer_816,user816@gmail.com,26,UK,3873
817,Customer_817,user817@gmail.com,40,India,2659
818,Customer_818,user818@gmail.com,45,USA,3011
819,Customer_819,user819@gmail.com,64,India,4943
820,Customer_820,user820@gmail.com,23,UK,4987
821,Customer_821,user821@gmail.com,63,UK,244
822,Customer_822,user822@gmail.com,26,USA,599
823,Customer_823,user823@gmail.com,54,UK,3713
824,Customer_824,user824@gmail.com,59,UK,1505
825,Customer_825,user825@gmail.com,68,UK,2195
826,Customer_826,user826@gmail.com,18,UK,1234
827,Customer_827,user827@gmail.com,30,India,1702
828,Customer_828,user828@gmail.com,58,India,3680
829,Customer_829,user829@gmail.com,34,USA,4773
830,Customer_830,user830@gmail.com,63,USA,1813
831,Customer_831,user831@gmail.com,45,USA,112
832,Customer_832,user832@gmail.com,46,India,3894
833,Customer_833,user833@gmail.com,49,USA,1344
834,Customer_834,user834@gmail.com,63,UK,1104
835,Customer_835,user835@gmail.com,51,India,3755
836,Customer_836,user836@gmail.com,56,UK,3066
837,Customer_837,user837@gmail.com,49,India,1229
838,Customer_838,user838@gmail.com,35,India,2133
839,Customer_839,user839@gmail.com,69,India,104
840,Customer_840,user840@gmail.com,21,UK,812
841,Customer_841,user841@gmail.com,56,India,1335
842,Customer_842,user842@gmail.com,55,USA,4947
843,Customer_843,user843@gmail.com,21,India,4848
844,Customer_844,user844@gmail.com,47,UK,4164
845,Customer_845,user845@gmail.com,70,UK,4712
846,Customer_846,user846@gmail.com,30,UK,1417
847,Customer_847,user847@gmail.com,28,UK,694
848,Customer_848,user848@gmail.com,25,India,255
849,Customer_849,user849@gmail.com,69,India,4780
850,Customer_850,user850@gmail.com,55,India,3633
851,Customer_851,user851@gmail.com,29,India,4087
852,Customer_852,user852@gmail.com,63,India,3011
853,Customer_853,user853@gmail.com,67,UK,994
854,Customer_854,user854@gmail.com,33,India,3446
855,Customer_855,user855@gmail.com,24,UK,595
856,Customer_856,user856@gmail.com,51,India,2261
857,Customer_857,user857@gmail.com,45,UK,1445
858,Customer_858,user858@gmail.com,21,USA,206
859,Customer_859,user859@gmail.com,33,UK,3162
860,Customer_860,user860@gmail.com,39,India,4435
861,Customer_861,user861@gmail.com,25,UK,3613
862,Customer_862,user862@gmail.com,33,India,2230
863,Customer_863,user863@gmail.com,35,UK,2242
864,Customer_864,user864@gmail.com,64,India,3962
865,Customer_865,user865@gmail.com,22,India,2861
866,Customer_866,user866@gmail.com,65,India,446
867,Customer_867,user867@gmail.com,51,UK,1693
868,Customer_868,user868@gmail.com,33,UK,3620
869,Customer_869,user869@gmail.com,41,UK,2858
870,Customer_870,user870@gmail.com,36,UK,3824
871,Customer_871,user871@gmail.com,31,USA,2956
872,Customer_872,user872@gmail.com,53,India,544
873,Customer_873,user873@gmail.com,33,India,2823
874,Customer_874,user874@gmail.com,32,UK,1924
875,Customer_875,user875@gmail.com,18,USA,550
876,Customer_876,user876@gmail.com,53,USA,3806
877,Customer_877,user877@gmail.com,39,India,954
878,Customer_878,user878@gmail.com,18,UK,1229
879,Customer_879,user879@gmail.com,70,USA,3919
880,Customer_880,user880@gmail.com,47,USA,2262
881,Customer_881,user881@gmail.com,66,India,3195
882,Customer_882,user882@gmail.com,68,UK,3279
883,Customer_883,user883@gmail.com,56,UK,3256
884,Customer_884,user884@gmail.com,66,India,416
885,Customer_885,user885@gmail.com,40,UK,857
886,Customer_886,user886@gmail.com,19,UK,1673
887,Customer_887,user887@gmail.com,32,USA,1587
888,Customer_888,user888@gmail.com,41,India,1128
889,Customer_889,user889@gmail.com,38,India,4703
890,Customer_890,user890@gmail.com,27,USA,4340
891,Customer_891,user891@gmail.com,50,UK,3572
892,Customer_892,user892@gmail.com,48,USA,897
893,Customer_893,user893@gmail.com,54,India,1877
894,Customer_894,user894@gmail.com,61,UK,2376
895,Customer_895,user895@gmail.com,49,UK,1144
896,Customer_896,user896@gmail.com,25,India,1999
897,Customer_897,user897@gmail.com,19,India,3037
898,Customer_898,user898@gmail.com,59,USA,4392
899,Customer_899,user899@gmail.com,59,USA,3589
900,Customer_900,user900@gmail.com,53,India,4120
901,Customer_901,user901@gmail.com,51,India,1173
902,Customer_902,user902@gmail.com,68,USA,1961
903,Customer_903,user903@gmail.com,23,India,1207
904,Customer_904,user904@gmail.com,60,India,4287
905,Customer_905,user905@gmail.com,53,India,1599
906,Customer_906,user906@gmail.com,67,USA,4942
907,Customer_907,user907@gmail.com,58,India,2746
908,Customer_908,user908@gmail.com,25,USA,4312
909,Customer_909,user909@gmail.com,57,India,546
910,Customer_910,user910@gmail.com,32,UK,2313
911,Customer_911,user911@gmail.com,70,USA,4444
912,Customer_912,user912@gmail.com,18,UK,1021
913,Customer_913,user913@gmail.com,69,UK,4897
914,Customer_914,user914@gmail.com,31,USA,2058
915,Customer_915,user915@gmail.com,31,India,452
916,Customer_916,user916@gmail.com,24,USA,1797
917,Customer_917,user917@gmail.com,51,India,444
918,Customer_918,user918@gmail.com,51,UK,1631
919,Customer_919,user919@gmail.com,57,USA,1108
920,Customer_920,user920@gmail.com,21,UK,3169
921,Customer_921,user921@gmail.com,54,UK,2614
922,Customer_922,user922@gmail.com,68,India,2612
923,Customer_923,user923@gmail.com,65,UK,2154
924,Customer_924,user924@gmail.com,20,UK,3569
925,Customer_925,user925@gmail.com,36,India,2020
926,Customer_926,user926@gmail.com,64,USA,3764
927,Customer_927,user927@gmail.com,53,USA,3474
928,Customer_928,user928@gmail.com,46,USA,1473
929,Customer_929,user929@gmail.com,68,USA,2954
930,Customer_930,user930@gmail.com,22,UK,1888
931,Customer_931,user931@gmail.com,61,USA,4874
932,Customer_932,user932@gmail.com,37,India,2457
933,Customer_933,user933@gmail.com,42,UK,4434
934,Customer_934,user934@gmail.com,52,USA,3616
935,Customer_935,user935@gmail.com,27,India,3264
936,Customer_936,user936@gmail.com,45,UK,3137
937,Customer_937,user937@gmail.com,31,India,3844
938,Customer_938,user938@gmail.com,37,India,2271
939,Customer_939,user939@gmail.com,20,USA,137
940,Customer_940,user940@gmail.com,23,India,3104
941,Customer_941,user941@gmail.com,62,India,2238
942,Customer_942,user942@gmail.com,40,UK,905
943,Customer_943,user943@gmail.com,65,India,2270
944,Customer_944,user944@gmail.com,24,UK,154
945,Customer_945,user945@gmail.com,19,UK,2015
946,Customer_946,user946@gmail.com,24,USA,4802
947,Customer_947,user947@gmail.com,51,UK,2423
948,Customer_948,user948@gmail.com,50,India,4378
949,Customer_949,user949@gmail.com,64,USA,1923
950,Customer_950,user950@gmail.com,65,USA,1208
951,Customer_951,user951@gmail.com,42,UK,577
952,Customer_952,user952@gmail.com,35,UK,1980
953,Customer_953,user953@gmail.com,55,India,333
954,Customer_954,user954@gmail.com,60,India,2206
955,Customer_955,user955@gmail.com,40,India,4756
956,Customer_956,user956@gmail.com,55,UK,1064
957,Customer_957,user957@gmail.com,43,USA,4333
958,Customer_958,user958@gmail.com,44,India,307
959,Customer_959,user959@gmail.com,38,India,1345
960,Customer_960,user960@gmail.com,39,UK,3613
961,Customer_961,user961@gmail.com,53,India,2455
962,Customer_962,user962@gmail.com,59,UK,4920
963,Customer_963,user963@gmail.com,54,UK,3822
964,Customer_964,user964@gmail.com,28,UK,1567
965,Customer_965,user965@gmail.com,39,USA,1410
966,Customer_966,user966@gmail.com,51,India,1424
967,Customer_967,user967@gmail.com,50,UK,2989
968,Customer_968,user968@gmail.com,18,India,1443
969,Customer_969,user969@gmail.com,66,India,3770
970,Customer_970,user970@gmail.com,28,India,1648
971,Customer_971,user971@gmail.com,33,India,333
972,Customer_972,user972@gmail.com,58,UK,1152
973,Customer_973,user973@gmail.com,57,USA,3903
974,Customer_974,user974@gmail.com,30,India,3068
975,Customer_975,user975@gmail.com,55,USA,481
976,Customer_976,user976@gmail.com,58,USA,1285
977,Customer_977,user977@gmail.com,24,India,2964
978,Customer_978,user978@gmail.com,34,UK,3967
979,Customer_979,user979@gmail.com,31,USA,3503
980,Customer_980,user980@gmail.com,52,USA,1138
981,Customer_981,user981@gmail.com,33,UK,2765
982,Customer_982,user982@gmail.com,46,USA,1465
983,Customer_983,user983@gmail.com,39,UK,3661
984,Customer_984,user984@gmail.com,53,India,3451
985,Customer_985,user985@gmail.com,53,USA,4519
986,Customer_986,user986@gmail.com,48,USA,150
987,Customer_987,user987@gmail.com,38,USA,1811
988,Customer_988,user988@gmail.com,49,UK,2119
989,Customer_989,user989@gmail.com,41,UK,2635
990,Customer_990,user990@gmail.com,58,USA,2426
991,Customer_991,user991@gmail.com,62,UK,3102
992,Customer_992,user992@gmail.com,48,USA,2724
993,Customer_993,user993@gmail.com,69,UK,1585
994,Customer_994,user994@gmail.com,62,India,1526
995,Customer_995,user995@gmail.com,28,India,4295
996,Customer_996,user996@gmail.com,28,India,1641
997,Customer_997,user997@gmail.com,44,USA,4921
998,Customer_998,user998@gmail.com,55,UK,607
999,Customer_999,user999@gmail.com,36,India,2250
1000,Customer_1000,user1000@gmail.com,33,USA,1657
1001,Customer_1001,user1001@gmail.com,28,USA,1031
1002,Customer_1002,user1002@gmail.com,69,USA,4814
1003,Customer_1003,user1003@gmail.com,21,UK,3758
1004,Customer_1004,user1004@gmail.com,33,UK,930
1005,Customer_1005,user1005@gmail.com,22,UK,4801
1006,Customer_1006,user1006@gmail.com,22,USA,260
1007,Customer_1007,user1007@gmail.com,38,India,2345
1008,Customer_1008,user1008@gmail.com,45,India,1899
1009,Customer_1009,user1009@gmail.com,23,USA,1843
1010,Customer_1010,user1010@gmail.com,36,USA,886
1011,Customer_1011,user1011@gmail.com,46,India,1001
1012,Customer_1012,user1012@gmail.com,47,UK,1794
1013,Customer_1013,user1013@gmail.com,53,UK,1483
1014,Customer_1014,user1014@gmail.com,32,India,4706
1015,Customer_1015,user1015@gmail.com,34,UK,2305
1016,Customer_1016,user1016@gmail.com,37,UK,3694
1017,Customer_1017,user1017@gmail.com,59,India,107
1018,Customer_1018,user1018@gmail.com,34,USA,2738
1019,Customer_1019,user1019@gmail.com,68,UK,876
1020,Customer_1020,user1020@gmail.com,40,USA,4658
1021,Customer_1021,user1021@gmail.com,45,USA,2100
1022,Customer_1022,user1022@gmail.com,26,UK,2947
1023,Customer_1023,user1023@gmail.com,20,USA,657
1024,Customer_1024,user1024@gmail.com,67,UK,794
1025,Customer_1025,user1025@gmail.com,49,India,3790
1026,Customer_1026,user1026@gmail.com,68,USA,1598
1027,Customer_1027,user1027@gmail.com,29,UK,4019
1028,Customer_1028,user1028@gmail.com,48,India,3181
1029,Customer_1029,user1029@gmail.com,30,UK,2765
1030,Customer_1030,user1030@gmail.com,25,USA,4898
1031,Customer_1031,user1031@gmail.com,68,UK,4483
1032,Customer_1032,user1032@gmail.com,56,UK,573
1033,Customer_1033,user1033@gmail.com,22,USA,2615
1034,Customer_1034,user1034@gmail.com,32,UK,3345
1035,Customer_1035,user1035@gmail.com,54,India,2296
1036,Customer_1036,user1036@gmail.com,66,India,4186
1037,Customer_1037,user1037@gmail.com,63,India,1701
1038,Customer_1038,user1038@gmail.com,64,India,4464
1039,Customer_1039,user1039@gmail.com,42,USA,3664
1040,Customer_1040,user1040@gmail.com,58,UK,770
1041,Customer_1041,user1041@gmail.com,39,UK,3839
1042,Customer_1042,user1042@gmail.com,70,USA,1195
1043,Customer_1043,user1043@gmail.com,18,USA,335
1044,Customer_1044,user1044@gmail.com,60,UK,2285
1045,Customer_1045,user1045@gmail.com,45,UK,681
1046,Customer_1046,user1046@gmail.com,37,USA,2440
1047,Customer_1047,user1047@gmail.com,58,UK,3022
1048,Customer_1048,user1048@gmail.com,42,USA,204
1049,Customer_1049,user1049@gmail.com,22,India,4738
1050,Customer_1050,user1050@gmail.com,28,UK,4604
1051,Customer_1051,user1051@gmail.com,29,India,4955
1052,Customer_1052,user1052@gmail.com,66,USA,3347
1053,Customer_1053,user1053@gmail.com,66,USA,3910
1054,Customer_1054,user1054@gmail.com,23,UK,2988
1055,Customer_1055,user1055@gmail.com,67,USA,3224
1056,Customer_1056,user1056@gmail.com,58,UK,4759
1057,Customer_1057,user1057@gmail.com,69,UK,2639
1058,Customer_1058,user1058@gmail.com,69,UK,476
1059,Customer_1059,user1059@gmail.com,34,India,665
1060,Customer_1060,user1060@gmail.com,46,USA,2186
1061,Customer_1061,user1061@gmail.com,58,India,2647
1062,Customer_1062,user1062@gmail.com,66,UK,3758
1063,Customer_1063,user1063@gmail.com,43,UK,1538
1064,Customer_1064,user1064@gmail.com,33,India,550
1065,Customer_1065,user1065@gmail.com,26,UK,3111
1066,Customer_1066,user1066@gmail.com,19,India,1763
1067,Customer_1067,user1067@gmail.com,27,UK,3775
1068,Customer_1068,user1068@gmail.com,62,India,4940
1069,Customer_1069,user1069@gmail.com,61,UK,2880
1070,Customer_1070,user1070@gmail.com,66,India,311
1071,Customer_1071,user1071@gmail.com,41,India,2965
1072,Customer_1072,user1072@gmail.com,40,India,3383
1073,Customer_1073,user1073@gmail.com,67,USA,634
1074,Customer_1074,user1074@gmail.com,66,India,813
1075,Customer_1075,user1075@gmail.com,46,India,4993
1076,Customer_1076,user1076@gmail.com,53,UK,3696
1077,Customer_1077,user1077@gmail.com,46,India,2691
1078,Customer_1078,user1078@gmail.com,55,UK,4528
1079,Customer_1079,user1079@gmail.com,67,USA,4284
1080,Customer_1080,user1080@gmail.com,42,UK,3122
1081,Customer_1081,user1081@gmail.com,55,USA,1852
1082,Customer_1082,user1082@gmail.com,30,India,4800
1083,Customer_1083,user1083@gmail.com,37,India,4154
1084,Customer_1084,user1084@gmail.com,66,UK,4408
1085,Customer_1085,user1085@gmail.com,43,USA,383
1086,Customer_1086,user1086@gmail.com,39,USA,1835
1087,Customer_1087,user1087@gmail.com,31,India,4469
1088,Customer_1088,user1088@gmail.com,60,USA,157
1089,Customer_1089,user1089@gmail.com,45,UK,1664
1090,Customer_1090,user1090@gmail.com,42,UK,869
1091,Customer_1091,user1091@gmail.com,37,UK,3611
1092,Customer_1092,user1092@gmail.com,31,UK,3051
1093,Customer_1093,user1093@gmail.com,64,India,1798
1094,Customer_1094,user1094@gmail.com,64,UK,1995
1095,Customer_1095,user1095@gmail.com,19,India,3874
1096,Customer_1096,user1096@gmail.com,50,USA,2903
1097,Customer_1097,user1097@gmail.com,61,USA,2994
1098,Customer_1098,user1098@gmail.com,50,USA,4376
1099,Customer_1099,user1099@gmail.com,66,India,1810
1100,Customer_1100,user1100@gmail.com,70,UK,3721
1101,Customer_1101,user1101@gmail.com,27,India,3275
1102,Customer_1102,user1102@gmail.com,46,UK,4937
1103,Customer_1103,user1103@gmail.com,69,UK,454
1104,Customer_1104,user1104@gmail.com,35,USA,1836
1105,Customer_1105,user1105@gmail.com,33,UK,2892
1106,Customer_1106,user1106@gmail.com,56,India,1481
1107,Customer_1107,user1107@gmail.com,51,UK,3864
1108,Customer_1108,user1108@gmail.com,28,UK,3096
1109,Customer_1109,user1109@gmail.com,21,USA,1799
1110,Customer_1110,user1110@gmail.com,31,India,2607
1111,Customer_1111,user1111@gmail.com,52,USA,2087
1112,Customer_1112,user1112@gmail.com,21,USA,1183
1113,Customer_1113,user1113@gmail.com,40,India,2951
1114,Customer_1114,user1114@gmail.com,44,UK,3442
1115,Customer_1115,user1115@gmail.com,40,India,4537
1116,Customer_1116,user1116@gmail.com,47,USA,221
1117,Customer_1117,user1117@gmail.com,55,USA,129
1118,Customer_1118,user1118@gmail.com,30,USA,4601
1119,Customer_1119,user1119@gmail.com,27,USA,365
1120,Customer_1120,user1120@gmail.com,58,USA,133
1121,Customer_1121,user1121@gmail.com,37,UK,3911
1122,Customer_1122,user1122@gmail.com,68,India,4996
1123,Customer_1123,user1123@gmail.com,26,UK,1308
1124,Customer_1124,user1124@gmail.com,61,UK,4419
1125,Customer_1125,user1125@gmail.com,63,UK,4621
1126,Customer_1126,user1126@gmail.com,51,UK,1720
1127,Customer_1127,user1127@gmail.com,27,USA,4435
1128,Customer_1128,user1128@gmail.com,31,UK,2206
1129,Customer_1129,user1129@gmail.com,66,UK,4999
1130,Customer_1130,user1130@gmail.com,70,UK,4021
1131,Customer_1131,user1131@gmail.com,66,India,2470
1132,Customer_1132,user1132@gmail.com,38,UK,4106
1133,Customer_1133,user1133@gmail.com,33,UK,4008
1134,Customer_1134,user1134@gmail.com,48,USA,2145
1135,Customer_1135,user1135@gmail.com,21,USA,1876
1136,Customer_1136,user1136@gmail.com,50,USA,1325
1137,Customer_1137,user1137@gmail.com,52,UK,4722
1138,Customer_1138,user1138@gmail.com,19,UK,414
1139,Customer_1139,user1139@gmail.com,39,UK,4403
1140,Customer_1140,user1140@gmail.com,53,India,331
1141,Customer_1141,user1141@gmail.com,21,USA,3253
1142,Customer_1142,user1142@gmail.com,68,USA,4378
1143,Customer_1143,user1143@gmail.com,46,UK,3473
1144,Customer_1144,user1144@gmail.com,48,USA,1143
1145,Customer_1145,user1145@gmail.com,58,UK,3098
1146,Customer_1146,user1146@gmail.com,67,USA,4191
1147,Customer_1147,user1147@gmail.com,68,UK,3986
1148,Customer_1148,user1148@gmail.com,49,USA,4428
1149,Customer_1149,user1149@gmail.com,30,UK,330
1150,Customer_1150,user1150@gmail.com,70,USA,4029
1151,Customer_1151,user1151@gmail.com,27,UK,4709
1152,Customer_1152,user1152@gmail.com,20,UK,4334
1153,Customer_1153,user1153@gmail.com,55,UK,4883
1154,Customer_1154,user1154@gmail.com,35,UK,1504
1155,Customer_1155,user1155@gmail.com,62,India,244
1156,Customer_1156,user1156@gmail.com,23,USA,1332
1157,Customer_1157,user1157@gmail.com,26,India,4706
1158,Customer_1158,user1158@gmail.com,42,India,4823
1159,Customer_1159,user1159@gmail.com,18,India,2637
1160,Customer_1160,user1160@gmail.com,42,India,4757
1161,Customer_1161,user1161@gmail.com,39,USA,4088
1162,Customer_1162,user1162@gmail.com,23,India,4948
1163,Customer_1163,user1163@gmail.com,44,UK,1424
1164,Customer_1164,user1164@gmail.com,33,UK,1841
1165,Customer_1165,user1165@gmail.com,56,India,764
1166,Customer_1166,user1166@gmail.com,63,UK,2037
1167,Customer_1167,user1167@gmail.com,25,UK,316
1168,Customer_1168,user1168@gmail.com,52,USA,4356
1169,Customer_1169,user1169@gmail.com,36,USA,4960
1170,Customer_1170,user1170@gmail.com,56,USA,4536
1171,Customer_1171,user1171@gmail.com,46,UK,956
1172,Customer_1172,user1172@gmail.com,34,UK,2985
1173,Customer_1173,user1173@gmail.com,30,UK,3726
1174,Customer_1174,user1174@gmail.com,24,India,976
1175,Customer_1175,user1175@gmail.com,55,USA,4722
1176,Customer_1176,user1176@gmail.com,51,USA,4501
1177,Customer_1177,user1177@gmail.com,56,UK,1823
1178,Customer_1178,user1178@gmail.com,64,India,1026
1179,Customer_1179,user1179@gmail.com,30,UK,819
1180,Customer_1180,user1180@gmail.com,69,USA,331
1181,Customer_1181,user1181@gmail.com,22,USA,4504
1182,Customer_1182,user1182@gmail.com,67,India,3566
1183,Customer_1183,user1183@gmail.com,24,UK,2811
1184,Customer_1184,user1184@gmail.com,61,India,1991
1185,Customer_1185,user1185@gmail.com,66,USA,4477
1186,Customer_1186,user1186@gmail.com,65,USA,3014
1187,Customer_1187,user1187@gmail.com,25,India,827
1188,Customer_1188,user1188@gmail.com,33,USA,442
1189,Customer_1189,user1189@gmail.com,67,USA,1652
1190,Customer_1190,user1190@gmail.com,23,UK,3102
1191,Customer_1191,user1191@gmail.com,26,India,3016
1192,Customer_1192,user1192@gmail.com,39,India,3803
1193,Customer_1193,user1193@gmail.com,20,USA,2433
1194,Customer_1194,user1194@gmail.com,44,USA,911
1195,Customer_1195,user1195@gmail.com,68,India,4112
1196,Customer_1196,user1196@gmail.com,25,USA,2449
1197,Customer_1197,user1197@gmail.com,21,UK,3000
1198,Customer_1198,user1198@gmail.com,67,UK,3504
1199,Customer_1199,user1199@gmail.com,18,India,277
1200,Customer_1200,user1200@gmail.com,20,India,1101
1201,Customer_1201,user1201@gmail.com,41,India,4821
1202,Customer_1202,user1202@gmail.com,22,UK,4380
1203,Customer_1203,user1203@gmail.com,66,India,2498
1204,Customer_1204,user1204@gmail.com,46,India,1175
1205,Customer_1205,user1205@gmail.com,57,India,1756
1206,Customer_1206,user1206@gmail.com,51,USA,1994
1207,Customer_1207,user1207@gmail.com,18,UK,3210
1208,Customer_1208,user1208@gmail.com,53,USA,2842
1209,Customer_1209,user1209@gmail.com,57,India,666
1210,Customer_1210,user1210@gmail.com,22,India,3167
1211,Customer_1211,user1211@gmail.com,50,UK,2373
1212,Customer_1212,user1212@gmail.com,28,UK,259
1213,Customer_1213,user1213@gmail.com,46,UK,555
1214,Customer_1214,user1214@gmail.com,24,India,2502
1215,Customer_1215,user1215@gmail.com,63,USA,4856
1216,Customer_1216,user1216@gmail.com,34,USA,3212
1217,Customer_1217,user1217@gmail.com,65,India,3323
1218,Customer_1218,user1218@gmail.com,60,UK,534
1219,Customer_1219,user1219@gmail.com,57,USA,2768
1220,Customer_1220,user1220@gmail.com,59,UK,1603
1221,Customer_1221,user1221@gmail.com,39,USA,4455
1222,Customer_1222,user1222@gmail.com,64,India,373
1223,Customer_1223,user1223@gmail.com,40,India,2385
1224,Customer_1224,user1224@gmail.com,25,USA,3739
1225,Customer_1225,user1225@gmail.com,22,USA,1570
1226,Customer_1226,user1226@gmail.com,61,UK,473
1227,Customer_1227,user1227@gmail.com,40,India,1941
1228,Customer_1228,user1228@gmail.com,68,USA,3767
1229,Customer_1229,user1229@gmail.com,31,USA,1245
1230,Customer_1230,user1230@gmail.com,35,India,4045
1231,Customer_1231,user1231@gmail.com,67,India,2363
1232,Customer_1232,user1232@gmail.com,34,India,4008
1233,Customer_1233,user1233@gmail.com,26,USA,4392
1234,Customer_1234,user1234@gmail.com,45,India,2751
1235,Customer_1235,user1235@gmail.com,19,USA,2383
1236,Customer_1236,user1236@gmail.com,30,UK,4425
1237,Customer_1237,user1237@gmail.com,46,India,2350
1238,Customer_1238,user1238@gmail.com,28,India,4647
1239,Customer_1239,user1239@gmail.com,28,USA,3642
1240,Customer_1240,user1240@gmail.com,29,UK,3588
1241,Customer_1241,user1241@gmail.com,48,India,4183
1242,Customer_1242,user1242@gmail.com,55,India,3340
1243,Customer_1243,user1243@gmail.com,41,India,1857
1244,Customer_1244,user1244@gmail.com,41,USA,2320
1245,Customer_1245,user1245@gmail.com,39,USA,741
1246,Customer_1246,user1246@gmail.com,59,India,2063
1247,Customer_1247,user1247@gmail.com,60,UK,3637
1248,Customer_1248,user1248@gmail.com,40,UK,2464
1249,Customer_1249,user1249@gmail.com,25,UK,4890
1250,Customer_1250,user1250@gmail.com,60,UK,4510
1251,Customer_1251,user1251@gmail.com,61,UK,546
1252,Customer_1252,user1252@gmail.com,56,USA,1110
1253,Customer_1253,user1253@gmail.com,35,India,143
1254,Customer_1254,user1254@gmail.com,50,India,4506
1255,Customer_1255,user1255@gmail.com,63,USA,2833
1256,Customer_1256,user1256@gmail.com,50,USA,3376
1257,Customer_1257,user1257@gmail.com,30,USA,2136
1258,Customer_1258,user1258@gmail.com,35,USA,392
1259,Customer_1259,user1259@gmail.com,54,UK,231
1260,Customer_1260,user1260@gmail.com,33,India,1450
1261,Customer_1261,user1261@gmail.com,33,India,3153
1262,Customer_1262,user1262@gmail.com,54,India,4669
1263,Customer_1263,user1263@gmail.com,40,USA,2600
1264,Customer_1264,user1264@gmail.com,64,USA,290
1265,Customer_1265,user1265@gmail.com,67,USA,2522
1266,Customer_1266,user1266@gmail.com,62,India,1167
1267,Customer_1267,user1267@gmail.com,44,UK,318
1268,Customer_1268,user1268@gmail.com,49,India,3671
1269,Customer_1269,user1269@gmail.com,25,USA,4468
1270,Customer_1270,user1270@gmail.com,26,USA,2610
1271,Customer_1271,user1271@gmail.com,56,India,2408
1272,Customer_1272,user1272@gmail.com,36,India,4838
1273,Customer_1273,user1273@gmail.com,70,USA,4239
1274,Customer_1274,user1274@gmail.com,25,USA,614
1275,Customer_1275,user1275@gmail.com,32,USA,2942
1276,Customer_1276,user1276@gmail.com,23,India,162
1277,Customer_1277,user1277@gmail.com,44,UK,3645
1278,Customer_1278,user1278@gmail.com,68,India,2515
1279,Customer_1279,user1279@gmail.com,23,India,4739
1280,Customer_1280,user1280@gmail.com,68,India,569
1281,Customer_1281,user1281@gmail.com,67,India,2018
1282,Customer_1282,user1282@gmail.com,47,UK,1075
1283,Customer_1283,user1283@gmail.com,28,UK,1682
1284,Customer_1284,user1284@gmail.com,52,India,4463
1285,Customer_1285,user1285@gmail.com,69,USA,961
1286,Customer_1286,user1286@gmail.com,27,UK,3206
1287,Customer_1287,user1287@gmail.com,67,USA,2389
1288,Customer_1288,user1288@gmail.com,33,UK,1377
1289,Customer_1289,user1289@gmail.com,19,India,189
1290,Customer_1290,user1290@gmail.com,41,India,1012
1291,Customer_1291,user1291@gmail.com,61,UK,4189
1292,Customer_1292,user1292@gmail.com,57,India,812
1293,Customer_1293,user1293@gmail.com,37,India,234
1294,Customer_1294,user1294@gmail.com,31,India,1621
1295,Customer_1295,user1295@gmail.com,47,USA,648
1296,Customer_1296,user1296@gmail.com,66,USA,126
1297,Customer_1297,user1297@gmail.com,51,UK,2368
1298,Customer_1298,user1298@gmail.com,42,UK,3631
1299,Customer_1299,user1299@gmail.com,37,USA,1766
1300,Customer_1300,user1300@gmail.com,28,India,1539
1301,Customer_1301,user1301@gmail.com,21,India,4849
1302,Customer_1302,user1302@gmail.com,18,UK,4290
1303,Customer_1303,user1303@gmail.com,38,USA,2375
1304,Customer_1304,user1304@gmail.com,70,UK,4653
1305,Customer_1305,user1305@gmail.com,27,UK,1961
1306,Customer_1306,user1306@gmail.com,67,UK,1201
1307,Customer_1307,user1307@gmail.com,41,USA,2638
1308,Customer_1308,user1308@gmail.com,18,India,2727
1309,Customer_1309,user1309@gmail.com,42,USA,1856
1310,Customer_1310,user1310@gmail.com,30,UK,3794
1311,Customer_1311,user1311@gmail.com,38,UK,3171
1312,Customer_1312,user1312@gmail.com,39,India,3803
1313,Customer_1313,user1313@gmail.com,34,India,3588
1314,Customer_1314,user1314@gmail.com,62,USA,2802
1315,Customer_1315,user1315@gmail.com,23,USA,4159
1316,Customer_1316,user1316@gmail.com,57,UK,2324
1317,Customer_1317,user1317@gmail.com,23,India,151
1318,Customer_1318,user1318@gmail.com,42,India,4123
1319,Customer_1319,user1319@gmail.com,57,UK,3316
1320,Customer_1320,user1320@gmail.com,26,USA,3425
1321,Customer_1321,user1321@gmail.com,46,India,607
1322,Customer_1322,user1322@gmail.com,30,UK,743
1323,Customer_1323,user1323@gmail.com,23,India,4890
1324,Customer_1324,user1324@gmail.com,34,UK,4408
1325,Customer_1325,user1325@gmail.com,50,USA,3405
1326,Customer_1326,user1326@gmail.com,52,UK,1140
1327,Customer_1327,user1327@gmail.com,57,India,383
1328,Customer_1328,user1328@gmail.com,30,USA,1127
1329,Customer_1329,user1329@gmail.com,48,India,257
1330,Customer_1330,user1330@gmail.com,57,UK,1912
1331,Customer_1331,user1331@gmail.com,27,UK,1214
1332,Customer_1332,user1332@gmail.com,32,India,1598
1333,Customer_1333,user1333@gmail.com,20,UK,319
1334,Customer_1334,user1334@gmail.com,26,USA,4996
1335,Customer_1335,user1335@gmail.com,62,UK,1745
1336,Customer_1336,user1336@gmail.com,70,UK,4750
1337,Customer_1337,user1337@gmail.com,22,India,4859
1338,Customer_1338,user1338@gmail.com,31,USA,4254
1339,Customer_1339,user1339@gmail.com,34,India,386
1340,Customer_1340,user1340@gmail.com,29,USA,4600
1341,Customer_1341,user1341@gmail.com,44,UK,2932
1342,Customer_1342,user1342@gmail.com,51,USA,3037
1343,Customer_1343,user1343@gmail.com,63,India,124
1344,Customer_1344,user1344@gmail.com,42,India,1585
1345,Customer_1345,user1345@gmail.com,37,USA,832
1346,Customer_1346,user1346@gmail.com,51,UK,2211
1347,Customer_1347,user1347@gmail.com,55,USA,4622
1348,Customer_1348,user1348@gmail.com,49,India,1734
1349,Customer_1349,user1349@gmail.com,25,India,4687
1350,Customer_1350,user1350@gmail.com,48,USA,2226
1351,Customer_1351,user1351@gmail.com,30,India,3846
1352,Customer_1352,user1352@gmail.com,43,USA,280
1353,Customer_1353,user1353@gmail.com,35,India,1958
1354,Customer_1354,user1354@gmail.com,33,India,4128
1355,Customer_1355,user1355@gmail.com,45,India,1616
1356,Customer_1356,user1356@gmail.com,52,UK,4328
1357,Customer_1357,user1357@gmail.com,50,India,137
1358,Customer_1358,user1358@gmail.com,29,UK,3925
1359,Customer_1359,user1359@gmail.com,40,USA,3709
1360,Customer_1360,user1360@gmail.com,59,UK,1214
1361,Customer_1361,user1361@gmail.com,64,USA,4844
1362,Customer_1362,user1362@gmail.com,24,USA,4904
1363,Customer_1363,user1363@gmail.com,67,India,4166
1364,Customer_1364,user1364@gmail.com,55,USA,362
1365,Customer_1365,user1365@gmail.com,62,India,4359
1366,Customer_1366,user1366@gmail.com,66,USA,1857
1367,Customer_1367,user1367@gmail.com,53,India,1164
1368,Customer_1368,user1368@gmail.com,50,USA,4246
1369,Customer_1369,user1369@gmail.com,35,USA,1791
1370,Customer_1370,user1370@gmail.com,28,India,2650
1371,Customer_1371,user1371@gmail.com,54,USA,4276
1372,Customer_1372,user1372@gmail.com,28,USA,4410
1373,Customer_1373,user1373@gmail.com,24,India,2392
1374,Customer_1374,user1374@gmail.com,56,USA,890
1375,Customer_1375,user1375@gmail.com,55,USA,4118
1376,Customer_1376,user1376@gmail.com,22,India,3083
1377,Customer_1377,user1377@gmail.com,31,UK,1338
1378,Customer_1378,user1378@gmail.com,56,India,3436
1379,Customer_1379,user1379@gmail.com,67,India,692
1380,Customer_1380,user1380@gmail.com,66,UK,1732
1381,Customer_1381,user1381@gmail.com,46,India,3495
1382,Customer_1382,user1382@gmail.com,63,USA,3682
1383,Customer_1383,user1383@gmail.com,57,USA,813
1384,Customer_1384,user1384@gmail.com,29,UK,3748
1385,Customer_1385,user1385@gmail.com,28,UK,4684
1386,Customer_1386,user1386@gmail.com,51,UK,1353
1387,Customer_1387,user1387@gmail.com,18,India,4328
1388,Customer_1388,user1388@gmail.com,42,UK,1900
1389,Customer_1389,user1389@gmail.com,70,UK,1436
1390,Customer_1390,user1390@gmail.com,32,USA,661
1391,Customer_1391,user1391@gmail.com,28,USA,598
1392,Customer_1392,user1392@gmail.com,68,USA,2184
1393,Customer_1393,user1393@gmail.com,32,USA,683
1394,Customer_1394,user1394@gmail.com,58,India,865
1395,Customer_1395,user1395@gmail.com,39,India,1794
1396,Customer_1396,user1396@gmail.com,37,UK,929
1397,Customer_1397,user1397@gmail.com,38,UK,2457
1398,Customer_1398,user1398@gmail.com,43,UK,589
1399,Customer_1399,user1399@gmail.com,21,India,756
1400,Customer_1400,user1400@gmail.com,34,India,3883
1401,Customer_1401,user1401@gmail.com,31,USA,2134
1402,Customer_1402,user1402@gmail.com,70,USA,440
1403,Customer_1403,user1403@gmail.com,38,India,3115
1404,Customer_1404,user1404@gmail.com,19,India,2245
1405,Customer_1405,user1405@gmail.com,51,India,4591
1406,Customer_1406,user1406@gmail.com,53,India,2559
1407,Customer_1407,user1407@gmail.com,21,India,3805
1408,Customer_1408,user1408@gmail.com,27,India,2940
1409,Customer_1409,user1409@gmail.com,48,UK,3326
1410,Customer_1410,user1410@gmail.com,37,USA,1380
1411,Customer_1411,user1411@gmail.com,20,India,2112
1412,Customer_1412,user1412@gmail.com,49,UK,1886
1413,Customer_1413,user1413@gmail.com,52,USA,589
1414,Customer_1414,user1414@gmail.com,25,USA,1529
1415,Customer_1415,user1415@gmail.com,42,UK,3914
1416,Customer_1416,user1416@gmail.com,53,USA,4140
1417,Customer_1417,user1417@gmail.com,60,UK,3388
1418,Customer_1418,user1418@gmail.com,46,India,4011
1419,Customer_1419,user1419@gmail.com,40,USA,789
1420,Customer_1420,user1420@gmail.com,60,USA,4998
1421,Customer_1421,user1421@gmail.com,57,India,332
1422,Customer_1422,user1422@gmail.com,59,USA,1601
1423,Customer_1423,user1423@gmail.com,45,USA,4369
1424,Customer_1424,user1424@gmail.com,67,India,1304
1425,Customer_1425,user1425@gmail.com,21,India,1648
1426,Customer_1426,user1426@gmail.com,33,USA,920
1427,Customer_1427,user1427@gmail.com,35,India,4850
1428,Customer_1428,user1428@gmail.com,24,UK,4254
1429,Customer_1429,user1429@gmail.com,54,India,1339
1430,Customer_1430,user1430@gmail.com,42,UK,1046
1431,Customer_1431,user1431@gmail.com,52,USA,3541
1432,Customer_1432,user1432@gmail.com,50,UK,3612
1433,Customer_1433,user1433@gmail.com,57,UK,1591
1434,Customer_1434,user1434@gmail.com,24,India,3547
1435,Customer_1435,user1435@gmail.com,46,USA,1760
1436,Customer_1436,user1436@gmail.com,41,USA,1150
1437,Customer_1437,user1437@gmail.com,67,UK,3383
1438,Customer_1438,user1438@gmail.com,55,UK,805
1439,Customer_1439,user1439@gmail.com,30,India,3916
1440,Customer_1440,user1440@gmail.com,39,India,3456
1441,Customer_1441,user1441@gmail.com,41,UK,414
1442,Customer_1442,user1442@gmail.com,45,UK,222
1443,Customer_1443,user1443@gmail.com,56,India,3202
1444,Customer_1444,user1444@gmail.com,37,India,1091
1445,Customer_1445,user1445@gmail.com,50,USA,2441
1446,Customer_1446,user1446@gmail.com,55,UK,628
1447,Customer_1447,user1447@gmail.com,50,USA,2694
1448,Customer_1448,user1448@gmail.com,50,USA,1127
1449,Customer_1449,user1449@gmail.com,34,UK,2469
1450,Customer_1450,user1450@gmail.com,42,UK,2735
1451,Customer_1451,user1451@gmail.com,52,UK,4934
1452,Customer_1452,user1452@gmail.com,18,India,1097
1453,Customer_1453,user1453@gmail.com,70,India,3750
1454,Customer_1454,user1454@gmail.com,33,India,4211
1455,Customer_1455,user1455@gmail.com,70,India,1131
1456,Customer_1456,user1456@gmail.com,26,India,1254
1457,Customer_1457,user1457@gmail.com,37,UK,4953
1458,Customer_1458,user1458@gmail.com,70,India,1233
1459,Customer_1459,user1459@gmail.com,34,India,3140
1460,Customer_1460,user1460@gmail.com,57,India,3929
1461,Customer_1461,user1461@gmail.com,53,UK,830
1462,Customer_1462,user1462@gmail.com,67,USA,4141
1463,Customer_1463,user1463@gmail.com,60,India,2151
1464,Customer_1464,user1464@gmail.com,28,UK,3214
1465,Customer_1465,user1465@gmail.com,63,USA,3864
1466,Customer_1466,user1466@gmail.com,57,UK,745
1467,Customer_1467,user1467@gmail.com,55,USA,603
1468,Customer_1468,user1468@gmail.com,56,UK,4657
1469,Customer_1469,user1469@gmail.com,62,UK,1560
1470,Customer_1470,user1470@gmail.com,48,UK,1100
1471,Customer_1471,user1471@gmail.com,56,USA,482
1472,Customer_1472,user1472@gmail.com,45,India,2659
1473,Customer_1473,user1473@gmail.com,52,UK,2242
1474,Customer_1474,user1474@gmail.com,48,USA,4664
1475,Customer_1475,user1475@gmail.com,20,India,602
1476,Customer_1476,user1476@gmail.com,51,UK,4112
1477,Customer_1477,user1477@gmail.com,53,UK,3412
1478,Customer_1478,user1478@gmail.com,45,UK,2767
1479,Customer_1479,user1479@gmail.com,65,India,2437
1480,Customer_1480,user1480@gmail.com,27,UK,4010
1481,Customer_1481,user1481@gmail.com,22,UK,4449
1482,Customer_1482,user1482@gmail.com,52,India,912
1483,Customer_1483,user1483@gmail.com,50,USA,1592
1484,Customer_1484,user1484@gmail.com,57,India,1269
1485,Customer_1485,user1485@gmail.com,52,UK,251
1486,Customer_1486,user1486@gmail.com,62,USA,927
1487,Customer_1487,user1487@gmail.com,56,USA,2436
1488,Customer_1488,user1488@gmail.com,47,India,2719
1489,Customer_1489,user1489@gmail.com,33,USA,1053
1490,Customer_1490,user1490@gmail.com,24,UK,4346
1491,Customer_1491,user1491@gmail.com,21,UK,340
1492,Customer_1492,user1492@gmail.com,70,UK,1338
1493,Customer_1493,user1493@gmail.com,41,India,2265
1494,Customer_1494,user1494@gmail.com,29,USA,3495
1495,Customer_1495,user1495@gmail.com,18,UK,1476
1496,Customer_1496,user1496@gmail.com,54,India,3776
1497,Customer_1497,user1497@gmail.com,31,UK,2970
1498,Customer_1498,user1498@gmail.com,34,USA,710
1499,Customer_1499,user1499@gmail.com,54,USA,4434
1500,Customer_1500,user1500@gmail.com,59,USA,618
1501,Customer_1501,user1501@gmail.com,32,USA,4717
1502,Customer_1502,user1502@gmail.com,47,India,3728
1503,Customer_1503,user1503@gmail.com,67,USA,1182
1504,Customer_1504,user1504@gmail.com,38,India,3959
1505,Customer_1505,user1505@gmail.com,18,India,3255
1506,Customer_1506,user1506@gmail.com,54,USA,2011
1507,Customer_1507,user1507@gmail.com,69,India,1374
1508,Customer_1508,user1508@gmail.com,37,USA,3250
1509,Customer_1509,user1509@gmail.com,47,UK,1437
1510,Customer_1510,user1510@gmail.com,22,UK,4375
1511,Customer_1511,user1511@gmail.com,36,USA,540
1512,Customer_1512,user1512@gmail.com,51,India,3725
1513,Customer_1513,user1513@gmail.com,50,India,1003
1514,Customer_1514,user1514@gmail.com,42,UK,2579
1515,Customer_1515,user1515@gmail.com,30,India,521
1516,Customer_1516,user1516@gmail.com,33,India,3630
1517,Customer_1517,user1517@gmail.com,31,USA,2853
1518,Customer_1518,user1518@gmail.com,56,India,1896
1519,Customer_1519,user1519@gmail.com,32,USA,855
1520,Customer_1520,user1520@gmail.com,35,UK,4645
1521,Customer_1521,user1521@gmail.com,26,India,360
1522,Customer_1522,user1522@gmail.com,25,UK,4130
1523,Customer_1523,user1523@gmail.com,52,UK,2894
1524,Customer_1524,user1524@gmail.com,22,USA,2950
1525,Customer_1525,user1525@gmail.com,23,USA,1910
1526,Customer_1526,user1526@gmail.com,35,UK,2295
1527,Customer_1527,user1527@gmail.com,38,USA,1442
1528,Customer_1528,user1528@gmail.com,45,USA,4803
1529,Customer_1529,user1529@gmail.com,70,USA,4569
1530,Customer_1530,user1530@gmail.com,21,USA,4870
1531,Customer_1531,user1531@gmail.com,41,USA,2205
1532,Customer_1532,user1532@gmail.com,48,USA,2801
1533,Customer_1533,user1533@gmail.com,34,India,2390
1534,Customer_1534,user1534@gmail.com,58,USA,1427
1535,Customer_1535,user1535@gmail.com,60,USA,4343
1536,Customer_1536,user1536@gmail.com,18,UK,299
1537,Customer_1537,user1537@gmail.com,34,USA,1647
1538,Customer_1538,user1538@gmail.com,25,India,1395
1539,Customer_1539,user1539@gmail.com,54,India,3139
1540,Customer_1540,user1540@gmail.com,58,India,3570
1541,Customer_1541,user1541@gmail.com,44,USA,4594
1542,Customer_1542,user1542@gmail.com,28,USA,4978
1543,Customer_1543,user1543@gmail.com,49,USA,1255
1544,Customer_1544,user1544@gmail.com,32,India,3271
1545,Customer_1545,user1545@gmail.com,33,UK,2257
1546,Customer_1546,user1546@gmail.com,59,UK,3163
1547,Customer_1547,user1547@gmail.com,60,USA,3319
1548,Customer_1548,user1548@gmail.com,59,USA,3752
1549,Customer_1549,user1549@gmail.com,40,USA,4808
1550,Customer_1550,user1550@gmail.com,26,India,555
1551,Customer_1551,user1551@gmail.com,65,USA,2187
1552,Customer_1552,user1552@gmail.com,29,UK,1227
1553,Customer_1553,user1553@gmail.com,23,India,4176
1554,Customer_1554,user1554@gmail.com,56,USA,3699
1555,Customer_1555,user1555@gmail.com,42,USA,3343
1556,Customer_1556,user1556@gmail.com,39,UK,4928
1557,Customer_1557,user1557@gmail.com,64,UK,4804
1558,Customer_1558,user1558@gmail.com,69,India,3369
1559,Customer_1559,user1559@gmail.com,62,UK,667
1560,Customer_1560,user1560@gmail.com,67,USA,4012
1561,Customer_1561,user1561@gmail.com,25,India,672
1562,Customer_1562,user1562@gmail.com,32,UK,3928
1563,Customer_1563,user1563@gmail.com,59,India,1781
1564,Customer_1564,user1564@gmail.com,45,USA,1450
1565,Customer_1565,user1565@gmail.com,64,USA,2343
1566,Customer_1566,user1566@gmail.com,28,USA,808
1567,Customer_1567,user1567@gmail.com,38,UK,283
1568,Customer_1568,user1568@gmail.com,62,UK,3784
1569,Customer_1569,user1569@gmail.com,31,USA,781
1570,Customer_1570,user1570@gmail.com,55,USA,351
1571,Customer_1571,user1571@gmail.com,28,UK,4676
1572,Customer_1572,user1572@gmail.com,30,UK,3607
1573,Customer_1573,user1573@gmail.com,23,UK,522
1574,Customer_1574,user1574@gmail.com,47,USA,736
1575,Customer_1575,user1575@gmail.com,45,India,4464
1576,Customer_1576,user1576@gmail.com,48,UK,3654
1577,Customer_1577,user1577@gmail.com,30,USA,1130
1578,Customer_1578,user1578@gmail.com,22,India,2999
1579,Customer_1579,user1579@gmail.com,55,USA,1928
1580,Customer_1580,user1580@gmail.com,57,USA,3727
1581,Customer_1581,user1581@gmail.com,20,India,1383
1582,Customer_1582,user1582@gmail.com,52,India,3420
1583,Customer_1583,user1583@gmail.com,24,UK,1925
1584,Customer_1584,user1584@gmail.com,39,India,1781
1585,Customer_1585,user1585@gmail.com,64,UK,3679
1586,Customer_1586,user1586@gmail.com,43,UK,3299
1587,Customer_1587,user1587@gmail.com,42,India,186
1588,Customer_1588,user1588@gmail.com,41,UK,2866
1589,Customer_1589,user1589@gmail.com,61,USA,3972
1590,Customer_1590,user1590@gmail.com,46,India,2068
1591,Customer_1591,user1591@gmail.com,20,USA,4387
1592,Customer_1592,user1592@gmail.com,63,UK,1000
1593,Customer_1593,user1593@gmail.com,54,UK,1838
1594,Customer_1594,user1594@gmail.com,31,India,3250
1595,Customer_1595,user1595@gmail.com,39,USA,293
1596,Customer_1596,user1596@gmail.com,56,USA,2614
1597,Customer_1597,user1597@gmail.com,30,India,4994
1598,Customer_1598,user1598@gmail.com,22,UK,868
1599,Customer_1599,user1599@gmail.com,39,India,4838
1600,Customer_1600,user1600@gmail.com,64,India,3401
1601,Customer_1601,user1601@gmail.com,28,India,2234
1602,Customer_1602,user1602@gmail.com,30,UK,4383
1603,Customer_1603,user1603@gmail.com,30,India,2518
1604,Customer_1604,user1604@gmail.com,64,India,189
1605,Customer_1605,user1605@gmail.com,20,USA,2132
1606,Customer_1606,user1606@gmail.com,20,India,222
1607,Customer_1607,user1607@gmail.com,61,UK,517
1608,Customer_1608,user1608@gmail.com,41,USA,2721
1609,Customer_1609,user1609@gmail.com,28,UK,840
1610,Customer_1610,user1610@gmail.com,42,USA,5000
1611,Customer_1611,user1611@gmail.com,44,UK,541
1612,Customer_1612,user1612@gmail.com,42,UK,1668
1613,Customer_1613,user1613@gmail.com,35,India,4466
1614,Customer_1614,user1614@gmail.com,29,USA,3483
1615,Customer_1615,user1615@gmail.com,56,UK,388
1616,Customer_1616,user1616@gmail.com,47,India,2953
1617,Customer_1617,user1617@gmail.com,67,UK,1080
1618,Customer_1618,user1618@gmail.com,26,UK,3271
1619,Customer_1619,user1619@gmail.com,59,UK,3608
1620,Customer_1620,user1620@gmail.com,66,USA,4408
1621,Customer_1621,user1621@gmail.com,25,UK,1810
1622,Customer_1622,user1622@gmail.com,44,USA,4293
1623,Customer_1623,user1623@gmail.com,67,USA,437
1624,Customer_1624,user1624@gmail.com,44,UK,3647
1625,Customer_1625,user1625@gmail.com,69,USA,906
1626,Customer_1626,user1626@gmail.com,28,USA,586
1627,Customer_1627,user1627@gmail.com,48,UK,3824
1628,Customer_1628,user1628@gmail.com,58,USA,2466
1629,Customer_1629,user1629@gmail.com,28,UK,3751
1630,Customer_1630,user1630@gmail.com,18,USA,500
1631,Customer_1631,user1631@gmail.com,35,UK,4853
1632,Customer_1632,user1632@gmail.com,67,India,2536
1633,Customer_1633,user1633@gmail.com,38,India,4661
1634,Customer_1634,user1634@gmail.com,61,UK,1909
1635,Customer_1635,user1635@gmail.com,28,India,2301
1636,Customer_1636,user1636@gmail.com,59,India,4628
1637,Customer_1637,user1637@gmail.com,20,UK,3541
1638,Customer_1638,user1638@gmail.com,67,India,1633
1639,Customer_1639,user1639@gmail.com,64,India,3897
1640,Customer_1640,user1640@gmail.com,70,India,2736
1641,Customer_1641,user1641@gmail.com,50,India,1130
1642,Customer_1642,user1642@gmail.com,32,USA,387
1643,Customer_1643,user1643@gmail.com,43,UK,3214
1644,Customer_1644,user1644@gmail.com,24,India,1284
1645,Customer_1645,user1645@gmail.com,64,UK,2145
1646,Customer_1646,user1646@gmail.com,20,India,1986
1647,Customer_1647,user1647@gmail.com,44,UK,426
1648,Customer_1648,user1648@gmail.com,29,UK,2279
1649,Customer_1649,user1649@gmail.com,59,USA,175
1650,Customer_1650,user1650@gmail.com,25,UK,1506
1651,Customer_1651,user1651@gmail.com,46,India,3437
1652,Customer_1652,user1652@gmail.com,56,USA,3473
1653,Customer_1653,user1653@gmail.com,51,India,3306
1654,Customer_1654,user1654@gmail.com,46,India,1874
1655,Customer_1655,user1655@gmail.com,70,India,2861
1656,Customer_1656,user1656@gmail.com,32,India,464
1657,Customer_1657,user1657@gmail.com,49,UK,4854
1658,Customer_1658,user1658@gmail.com,50,UK,3462
1659,Customer_1659,user1659@gmail.com,47,India,3848
1660,Customer_1660,user1660@gmail.com,26,USA,4681
1661,Customer_1661,user1661@gmail.com,49,India,1274
1662,Customer_1662,user1662@gmail.com,28,India,4531
1663,Customer_1663,user1663@gmail.com,36,UK,837
1664,Customer_1664,user1664@gmail.com,31,India,1278
1665,Customer_1665,user1665@gmail.com,65,USA,1872
1666,Customer_1666,user1666@gmail.com,26,USA,688
1667,Customer_1667,user1667@gmail.com,45,UK,4455
1668,Customer_1668,user1668@gmail.com,25,USA,2177
1669,Customer_1669,user1669@gmail.com,31,USA,2727
1670,Customer_1670,user1670@gmail.com,59,India,324
1671,Customer_1671,user1671@gmail.com,68,UK,4089
1672,Customer_1672,user1672@gmail.com,18,USA,4556
1673,Customer_1673,user1673@gmail.com,26,USA,1096
1674,Customer_1674,user1674@gmail.com,68,UK,917
1675,Customer_1675,user1675@gmail.com,61,USA,2417
1676,Customer_1676,user1676@gmail.com,20,USA,3880
1677,Customer_1677,user1677@gmail.com,69,India,3584
1678,Customer_1678,user1678@gmail.com,28,India,1268
1679,Customer_1679,user1679@gmail.com,69,India,1871
1680,Customer_1680,user1680@gmail.com,27,India,1406
1681,Customer_1681,user1681@gmail.com,40,India,4375
1682,Customer_1682,user1682@gmail.com,33,India,1611
1683,Customer_1683,user1683@gmail.com,54,USA,3623
1684,Customer_1684,user1684@gmail.com,25,India,3371
1685,Customer_1685,user1685@gmail.com,57,UK,3705
1686,Customer_1686,user1686@gmail.com,23,USA,2360
1687,Customer_1687,user1687@gmail.com,68,UK,2601
1688,Customer_1688,user1688@gmail.com,45,USA,3987
1689,Customer_1689,user1689@gmail.com,63,USA,4662
1690,Customer_1690,user1690@gmail.com,34,USA,2690
1691,Customer_1691,user1691@gmail.com,27,UK,3527
1692,Customer_1692,user1692@gmail.com,66,USA,1400
1693,Customer_1693,user1693@gmail.com,40,UK,1584
1694,Customer_1694,user1694@gmail.com,69,UK,3284
1695,Customer_1695,user1695@gmail.com,45,UK,2867
1696,Customer_1696,user1696@gmail.com,58,India,1092
1697,Customer_1697,user1697@gmail.com,54,India,4343
1698,Customer_1698,user1698@gmail.com,31,UK,524
1699,Customer_1699,user1699@gmail.com,24,India,3283
1700,Customer_1700,user1700@gmail.com,25,UK,2132
1701,Customer_1701,user1701@gmail.com,47,India,1515
1702,Customer_1702,user1702@gmail.com,18,India,3617
1703,Customer_1703,user1703@gmail.com,23,India,1566
1704,Customer_1704,user1704@gmail.com,63,UK,4364
1705,Customer_1705,user1705@gmail.com,20,USA,471
1706,Customer_1706,user1706@gmail.com,70,UK,3515
1707,Customer_1707,user1707@gmail.com,19,UK,3912
1708,Customer_1708,user1708@gmail.com,39,UK,3084
1709,Customer_1709,user1709@gmail.com,31,India,2841
1710,Customer_1710,user1710@gmail.com,50,USA,1928
1711,Customer_1711,user1711@gmail.com,28,India,3523
1712,Customer_1712,user1712@gmail.com,70,India,1685
1713,Customer_1713,user1713@gmail.com,69,USA,3849
1714,Customer_1714,user1714@gmail.com,19,USA,3787
1715,Customer_1715,user1715@gmail.com,34,UK,989
1716,Customer_1716,user1716@gmail.com,62,UK,3218
1717,Customer_1717,user1717@gmail.com,31,USA,1356
1718,Customer_1718,user1718@gmail.com,60,USA,1280
1719,Customer_1719,user1719@gmail.com,29,UK,2514
1720,Customer_1720,user1720@gmail.com,46,UK,4993
1721,Customer_1721,user1721@gmail.com,63,India,3372
1722,Customer_1722,user1722@gmail.com,66,UK,4646
1723,Customer_1723,user1723@gmail.com,41,USA,2795
1724,Customer_1724,user1724@gmail.com,39,USA,4162
1725,Customer_1725,user1725@gmail.com,54,UK,4257
1726,Customer_1726,user1726@gmail.com,19,India,1541
1727,Customer_1727,user1727@gmail.com,40,UK,1191
1728,Customer_1728,user1728@gmail.com,44,India,606
1729,Customer_1729,user1729@gmail.com,55,USA,117
1730,Customer_1730,user1730@gmail.com,58,India,2473
1731,Customer_1731,user1731@gmail.com,26,USA,3422
1732,Customer_1732,user1732@gmail.com,41,UK,1453
1733,Customer_1733,user1733@gmail.com,56,India,362
1734,Customer_1734,user1734@gmail.com,53,USA,4542
1735,Customer_1735,user1735@gmail.com,43,USA,3747
1736,Customer_1736,user1736@gmail.com,49,India,840
1737,Customer_1737,user1737@gmail.com,40,USA,3897
1738,Customer_1738,user1738@gmail.com,36,USA,3669
1739,Customer_1739,user1739@gmail.com,68,USA,719
1740,Customer_1740,user1740@gmail.com,66,USA,3455
1741,Customer_1741,user1741@gmail.com,50,USA,2299
1742,Customer_1742,user1742@gmail.com,22,USA,3164
1743,Customer_1743,user1743@gmail.com,19,USA,3148
1744,Customer_1744,user1744@gmail.com,46,USA,3511
1745,Customer_1745,user1745@gmail.com,46,India,2342
1746,Customer_1746,user1746@gmail.com,26,India,2316
1747,Customer_1747,user1747@gmail.com,34,USA,2515
1748,Customer_1748,user1748@gmail.com,26,UK,4351
1749,Customer_1749,user1749@gmail.com,42,UK,3424
1750,Customer_1750,user1750@gmail.com,50,USA,2050
1751,Customer_1751,user1751@gmail.com,28,USA,4834
1752,Customer_1752,user1752@gmail.com,61,UK,4005
1753,Customer_1753,user1753@gmail.com,48,UK,3849
1754,Customer_1754,user1754@gmail.com,24,USA,2837
1755,Customer_1755,user1755@gmail.com,69,USA,2206
1756,Customer_1756,user1756@gmail.com,25,UK,3824
1757,Customer_1757,user1757@gmail.com,45,UK,4514
1758,Customer_1758,user1758@gmail.com,30,India,4309
1759,Customer_1759,user1759@gmail.com,48,India,1288
1760,Customer_1760,user1760@gmail.com,44,India,3465
1761,Customer_1761,user1761@gmail.com,31,USA,4907
1762,Customer_1762,user1762@gmail.com,25,India,4894
1763,Customer_1763,user1763@gmail.com,64,USA,3028
1764,Customer_1764,user1764@gmail.com,58,UK,197
1765,Customer_1765,user1765@gmail.com,59,USA,4654
1766,Customer_1766,user1766@gmail.com,29,UK,3535
1767,Customer_1767,user1767@gmail.com,25,USA,1320
1768,Customer_1768,user1768@gmail.com,50,UK,343
1769,Customer_1769,user1769@gmail.com,59,UK,1659
1770,Customer_1770,user1770@gmail.com,62,UK,3765
1771,Customer_1771,user1771@gmail.com,38,India,2684
1772,Customer_1772,user1772@gmail.com,35,UK,3173
1773,Customer_1773,user1773@gmail.com,39,UK,2826
1774,Customer_1774,user1774@gmail.com,59,USA,4333
1775,Customer_1775,user1775@gmail.com,25,India,2545
1776,Customer_1776,user1776@gmail.com,61,UK,3002
1777,Customer_1777,user1777@gmail.com,58,UK,3491
1778,Customer_1778,user1778@gmail.com,26,India,3088
1779,Customer_1779,user1779@gmail.com,33,USA,2996
1780,Customer_1780,user1780@gmail.com,58,USA,2849
1781,Customer_1781,user1781@gmail.com,68,UK,4309
1782,Customer_1782,user1782@gmail.com,68,India,3384
1783,Customer_1783,user1783@gmail.com,46,India,1242
1784,Customer_1784,user1784@gmail.com,28,India,1250
1785,Customer_1785,user1785@gmail.com,50,UK,4803
1786,Customer_1786,user1786@gmail.com,29,India,2117
1787,Customer_1787,user1787@gmail.com,33,USA,4283
1788,Customer_1788,user1788@gmail.com,58,India,4712
1789,Customer_1789,user1789@gmail.com,50,India,3645
1790,Customer_1790,user1790@gmail.com,61,UK,705
1791,Customer_1791,user1791@gmail.com,54,USA,368
1792,Customer_1792,user1792@gmail.com,50,USA,1953
1793,Customer_1793,user1793@gmail.com,21,USA,3140
1794,Customer_1794,user1794@gmail.com,62,USA,2641
1795,Customer_1795,user1795@gmail.com,35,India,1473
1796,Customer_1796,user1796@gmail.com,60,USA,3964
1797,Customer_1797,user1797@gmail.com,45,India,677
1798,Customer_1798,user1798@gmail.com,48,USA,2938
1799,Customer_1799,user1799@gmail.com,50,USA,4374
1800,Customer_1800,user1800@gmail.com,69,USA,2377
1801,Customer_1801,user1801@gmail.com,24,India,2652
1802,Customer_1802,user1802@gmail.com,39,India,3745
1803,Customer_1803,user1803@gmail.com,30,UK,4913
1804,Customer_1804,user1804@gmail.com,70,India,1751
1805,Customer_1805,user1805@gmail.com,29,UK,4863
1806,Customer_1806,user1806@gmail.com,39,UK,2864
1807,Customer_1807,user1807@gmail.com,65,India,4313
1808,Customer_1808,user1808@gmail.com,32,India,3469
1809,Customer_1809,user1809@gmail.com,30,USA,4013
1810,Customer_1810,user1810@gmail.com,51,USA,3416
1811,Customer_1811,user1811@gmail.com,24,India,226
1812,Customer_1812,user1812@gmail.com,64,USA,3399
1813,Customer_1813,user1813@gmail.com,70,India,329
1814,Customer_1814,user1814@gmail.com,50,UK,3162
1815,Customer_1815,user1815@gmail.com,23,USA,1808
1816,Customer_1816,user1816@gmail.com,32,USA,351
1817,Customer_1817,user1817@gmail.com,70,UK,4958
1818,Customer_1818,user1818@gmail.com,25,UK,2632
1819,Customer_1819,user1819@gmail.com,18,USA,538
1820,Customer_1820,user1820@gmail.com,36,USA,990
1821,Customer_1821,user1821@gmail.com,32,UK,4857
1822,Customer_1822,user1822@gmail.com,58,India,2313
1823,Customer_1823,user1823@gmail.com,32,UK,1681
1824,Customer_1824,user1824@gmail.com,20,UK,3333
1825,Customer_1825,user1825@gmail.com,34,USA,1548
1826,Customer_1826,user1826@gmail.com,29,India,3091
1827,Customer_1827,user1827@gmail.com,62,India,706
1828,Customer_1828,user1828@gmail.com,29,India,4354
1829,Customer_1829,user1829@gmail.com,51,UK,2920
1830,Customer_1830,user1830@gmail.com,54,UK,3798
1831,Customer_1831,user1831@gmail.com,22,USA,3050
1832,Customer_1832,user1832@gmail.com,39,India,2130
1833,Customer_1833,user1833@gmail.com,47,India,3375
1834,Customer_1834,user1834@gmail.com,52,India,4318
1835,Customer_1835,user1835@gmail.com,57,USA,3220
1836,Customer_1836,user1836@gmail.com,23,USA,2801
1837,Customer_1837,user1837@gmail.com,40,India,2580
1838,Customer_1838,user1838@gmail.com,25,UK,1100
1839,Customer_1839,user1839@gmail.com,62,India,925
1840,Customer_1840,user1840@gmail.com,62,USA,2889
1841,Customer_1841,user1841@gmail.com,36,India,717
1842,Customer_1842,user1842@gmail.com,67,UK,365
1843,Customer_1843,user1843@gmail.com,56,India,2838
1844,Customer_1844,user1844@gmail.com,48,USA,1197
1845,Customer_1845,user1845@gmail.com,40,USA,3642
1846,Customer_1846,user1846@gmail.com,57,India,684
1847,Customer_1847,user1847@gmail.com,56,India,3766
1848,Customer_1848,user1848@gmail.com,44,India,900
1849,Customer_1849,user1849@gmail.com,37,India,882
1850,Customer_1850,user1850@gmail.com,31,USA,543
1851,Customer_1851,user1851@gmail.com,65,USA,3754
1852,Customer_1852,user1852@gmail.com,33,UK,3271
1853,Customer_1853,user1853@gmail.com,18,UK,2973
1854,Customer_1854,user1854@gmail.com,21,USA,388
1855,Customer_1855,user1855@gmail.com,24,India,1518
1856,Customer_1856,user1856@gmail.com,27,USA,2840
1857,Customer_1857,user1857@gmail.com,33,India,4012
1858,Customer_1858,user1858@gmail.com,31,India,1214
1859,Customer_1859,user1859@gmail.com,62,USA,3218
1860,Customer_1860,user1860@gmail.com,56,UK,369
1861,Customer_1861,user1861@gmail.com,45,USA,1696
1862,Customer_1862,user1862@gmail.com,22,USA,3246
1863,Customer_1863,user1863@gmail.com,40,USA,295
1864,Customer_1864,user1864@gmail.com,32,UK,4364
1865,Customer_1865,user1865@gmail.com,32,USA,3245
1866,Customer_1866,user1866@gmail.com,25,UK,4643
1867,Customer_1867,user1867@gmail.com,51,USA,4671
1868,Customer_1868,user1868@gmail.com,19,USA,663
1869,Customer_1869,user1869@gmail.com,23,USA,4891
1870,Customer_1870,user1870@gmail.com,70,UK,2743
1871,Customer_1871,user1871@gmail.com,45,USA,375
1872,Customer_1872,user1872@gmail.com,54,India,3849
1873,Customer_1873,user1873@gmail.com,38,USA,4984
1874,Customer_1874,user1874@gmail.com,36,UK,1887
1875,Customer_1875,user1875@gmail.com,18,USA,3529
1876,Customer_1876,user1876@gmail.com,24,USA,3629
1877,Customer_1877,user1877@gmail.com,29,UK,3735
1878,Customer_1878,user1878@gmail.com,65,India,4120
1879,Customer_1879,user1879@gmail.com,52,India,810
1880,Customer_1880,user1880@gmail.com,55,India,3526
1881,Customer_1881,user1881@gmail.com,18,UK,1892
1882,Customer_1882,user1882@gmail.com,43,UK,4785
1883,Customer_1883,user1883@gmail.com,42,UK,2866
1884,Customer_1884,user1884@gmail.com,29,India,3912
1885,Customer_1885,user1885@gmail.com,31,UK,3467
1886,Customer_1886,user1886@gmail.com,52,UK,4015
1887,Customer_1887,user1887@gmail.com,37,USA,4729
1888,Customer_1888,user1888@gmail.com,25,USA,4690
1889,Customer_1889,user1889@gmail.com,55,India,4551
1890,Customer_1890,user1890@gmail.com,64,USA,1576
1891,Customer_1891,user1891@gmail.com,68,UK,1039
1892,Customer_1892,user1892@gmail.com,48,USA,4875
1893,Customer_1893,user1893@gmail.com,49,UK,1322
1894,Customer_1894,user1894@gmail.com,48,UK,3214
1895,Customer_1895,user1895@gmail.com,54,India,4350
1896,Customer_1896,user1896@gmail.com,38,UK,3275
1897,Customer_1897,user1897@gmail.com,33,India,2379
1898,Customer_1898,user1898@gmail.com,62,UK,1821
1899,Customer_1899,user1899@gmail.com,49,USA,2177
1900,Customer_1900,user1900@gmail.com,45,India,4947
1901,Customer_1901,user1901@gmail.com,24,India,3871
1902,Customer_1902,user1902@gmail.com,63,USA,2513
1903,Customer_1903,user1903@gmail.com,36,UK,1093
1904,Customer_1904,user1904@gmail.com,43,USA,3454
1905,Customer_1905,user1905@gmail.com,50,USA,409
1906,Customer_1906,user1906@gmail.com,62,India,3567
1907,Customer_1907,user1907@gmail.com,42,UK,2971
1908,Customer_1908,user1908@gmail.com,44,USA,604
1909,Customer_1909,user1909@gmail.com,19,India,816
1910,Customer_1910,user1910@gmail.com,29,USA,1694
1911,Customer_1911,user1911@gmail.com,39,India,1882
1912,Customer_1912,user1912@gmail.com,35,USA,2024
1913,Customer_1913,user1913@gmail.com,24,UK,2910
1914,Customer_1914,user1914@gmail.com,23,USA,251
1915,Customer_1915,user1915@gmail.com,35,UK,3198
1916,Customer_1916,user1916@gmail.com,69,USA,3278
1917,Customer_1917,user1917@gmail.com,53,USA,233
1918,Customer_1918,user1918@gmail.com,21,India,1538
1919,Customer_1919,user1919@gmail.com,44,UK,1302
1920,Customer_1920,user1920@gmail.com,28,UK,1302
1921,Customer_1921,user1921@gmail.com,46,India,1490
1922,Customer_1922,user1922@gmail.com,40,India,3315
1923,Customer_1923,user1923@gmail.com,43,UK,4271
1924,Customer_1924,user1924@gmail.com,18,India,3049
1925,Customer_1925,user1925@gmail.com,28,USA,683
1926,Customer_1926,user1926@gmail.com,60,UK,327
1927,Customer_1927,user1927@gmail.com,45,UK,4570
1928,Customer_1928,user1928@gmail.com,39,USA,1869
1929,Customer_1929,user1929@gmail.com,68,India,3363
1930,Customer_1930,user1930@gmail.com,57,UK,488
1931,Customer_1931,user1931@gmail.com,37,UK,4179
1932,Customer_1932,user1932@gmail.com,32,USA,4882
1933,Customer_1933,user1933@gmail.com,49,UK,760
1934,Customer_1934,user1934@gmail.com,20,India,549
1935,Customer_1935,user1935@gmail.com,26,UK,3821
1936,Customer_1936,user1936@gmail.com,37,UK,2854
1937,Customer_1937,user1937@gmail.com,54,UK,935
1938,Customer_1938,user1938@gmail.com,52,UK,2114
1939,Customer_1939,user1939@gmail.com,33,USA,597
1940,Customer_1940,user1940@gmail.com,24,India,2768
1941,Customer_1941,user1941@gmail.com,65,UK,3340
1942,Customer_1942,user1942@gmail.com,53,UK,4704
1943,Customer_1943,user1943@gmail.com,25,UK,3138
1944,Customer_1944,user1944@gmail.com,59,USA,688
1945,Customer_1945,user1945@gmail.com,60,India,727
1946,Customer_1946,user1946@gmail.com,45,India,2532
1947,Customer_1947,user1947@gmail.com,19,India,3349
1948,Customer_1948,user1948@gmail.com,54,USA,491
1949,Customer_1949,user1949@gmail.com,32,USA,2939
1950,Customer_1950,user1950@gmail.com,44,India,889
1951,Customer_1951,user1951@gmail.com,18,India,3394
1952,Customer_1952,user1952@gmail.com,44,USA,4625
1953,Customer_1953,user1953@gmail.com,51,UK,2231
1954,Customer_1954,user1954@gmail.com,34,USA,3146
1955,Customer_1955,user1955@gmail.com,19,India,869
1956,Customer_1956,user1956@gmail.com,19,USA,3517
1957,Customer_1957,user1957@gmail.com,27,UK,3983
1958,Customer_1958,user1958@gmail.com,19,USA,2239
1959,Customer_1959,user1959@gmail.com,61,UK,3684
1960,Customer_1960,user1960@gmail.com,38,USA,387
1961,Customer_1961,user1961@gmail.com,24,India,3768
1962,Customer_1962,user1962@gmail.com,56,India,4262
1963,Customer_1963,user1963@gmail.com,39,UK,1309
1964,Customer_1964,user1964@gmail.com,70,UK,4098
1965,Customer_1965,user1965@gmail.com,36,USA,3520
1966,Customer_1966,user1966@gmail.com,39,UK,373
1967,Customer_1967,user1967@gmail.com,38,UK,233
1968,Customer_1968,user1968@gmail.com,54,India,524
1969,Customer_1969,user1969@gmail.com,30,USA,3158
1970,Customer_1970,user1970@gmail.com,67,India,4101
1971,Customer_1971,user1971@gmail.com,29,India,1657
1972,Customer_1972,user1972@gmail.com,55,USA,4429
1973,Customer_1973,user1973@gmail.com,67,USA,1700
1974,Customer_1974,user1974@gmail.com,64,India,3477
1975,Customer_1975,user1975@gmail.com,56,UK,2417
1976,Customer_1976,user1976@gmail.com,64,USA,2867
1977,Customer_1977,user1977@gmail.com,24,USA,1989
1978,Customer_1978,user1978@gmail.com,34,USA,1876
1979,Customer_1979,user1979@gmail.com,26,UK,2874
1980,Customer_1980,user1980@gmail.com,21,India,2465
1981,Customer_1981,user1981@gmail.com,28,USA,2933
1982,Customer_1982,user1982@gmail.com,65,UK,837
1983,Customer_1983,user1983@gmail.com,37,UK,3047
1984,Customer_1984,user1984@gmail.com,37,USA,2383
1985,Customer_1985,user1985@gmail.com,68,India,4672
1986,Customer_1986,user1986@gmail.com,20,India,3818
1987,Customer_1987,user1987@gmail.com,26,USA,3509
1988,Customer_1988,user1988@gmail.com,33,USA,1555
1989,Customer_1989,user1989@gmail.com,51,UK,1734
1990,Customer_1990,user1990@gmail.com,35,UK,4017
1991,Customer_1991,user1991@gmail.com,45,USA,478
1992,Customer_1992,user1992@gmail.com,42,UK,4196
1993,Customer_1993,user1993@gmail.com,37,India,4659
1994,Customer_1994,user1994@gmail.com,50,India,4596
1995,Customer_1995,user1995@gmail.com,67,India,2285
1996,Customer_1996,user1996@gmail.com,36,USA,994
1997,Customer_1997,user1997@gmail.com,35,India,4884
1998,Customer_1998,user1998@gmail.com,34,UK,3399
1999,Customer_1999,user1999@gmail.com,46,USA,2303
2000,Customer_2000,user2000@gmail.com,41,USA,757
2001,Customer_2001,user2001@gmail.com,32,USA,4306
2002,Customer_2002,user2002@gmail.com,50,USA,3312
2003,Customer_2003,user2003@gmail.com,42,India,2634
2004,Customer_2004,user2004@gmail.com,42,UK,590
2005,Customer_2005,user2005@gmail.com,34,India,3696
2006,Customer_2006,user2006@gmail.com,30,India,1876
2007,Customer_2007,user2007@gmail.com,37,UK,270
2008,Customer_2008,user2008@gmail.com,29,USA,3483
2009,Customer_2009,user2009@gmail.com,57,UK,136
2010,Customer_2010,user2010@gmail.com,38,USA,4112
2011,Customer_2011,user2011@gmail.com,59,UK,1970
2012,Customer_2012,user2012@gmail.com,47,India,232
2013,Customer_2013,user2013@gmail.com,61,India,1808
2014,Customer_2014,user2014@gmail.com,65,UK,1449
2015,Customer_2015,user2015@gmail.com,45,USA,3317
2016,Customer_2016,user2016@gmail.com,69,India,3722
2017,Customer_2017,user2017@gmail.com,40,UK,4186
2018,Customer_2018,user2018@gmail.com,66,USA,1361
2019,Customer_2019,user2019@gmail.com,23,USA,264
2020,Customer_2020,user2020@gmail.com,70,UK,1777
2021,Customer_2021,user2021@gmail.com,18,India,1525
2022,Customer_2022,user2022@gmail.com,38,USA,1326
2023,Customer_2023,user2023@gmail.com,52,UK,1845
2024,Customer_2024,user2024@gmail.com,20,USA,1666
2025,Customer_2025,user2025@gmail.com,54,India,3573
2026,Customer_2026,user2026@gmail.com,63,USA,483
2027,Customer_2027,user2027@gmail.com,25,India,2338
2028,Customer_2028,user2028@gmail.com,29,India,3195
2029,Customer_2029,user2029@gmail.com,66,India,4875
2030,Customer_2030,user2030@gmail.com,50,India,1183
2031,Customer_2031,user2031@gmail.com,69,UK,2153
2032,Customer_2032,user2032@gmail.com,54,India,1778
2033,Customer_2033,user2033@gmail.com,46,UK,3920
2034,Customer_2034,user2034@gmail.com,56,USA,3057
2035,Customer_2035,user2035@gmail.com,19,USA,4454
2036,Customer_2036,user2036@gmail.com,47,India,1310
2037,Customer_2037,user2037@gmail.com,57,India,1389
2038,Customer_2038,user2038@gmail.com,64,India,1526
2039,Customer_2039,user2039@gmail.com,46,USA,243
2040,Customer_2040,user2040@gmail.com,25,USA,4661
2041,Customer_2041,user2041@gmail.com,65,USA,1570
2042,Customer_2042,user2042@gmail.com,65,USA,4612
2043,Customer_2043,user2043@gmail.com,28,UK,3220
2044,Customer_2044,user2044@gmail.com,29,USA,3993
2045,Customer_2045,user2045@gmail.com,40,UK,1072
2046,Customer_2046,user2046@gmail.com,50,India,3253
2047,Customer_2047,user2047@gmail.com,44,USA,1856
2048,Customer_2048,user2048@gmail.com,65,USA,3071
2049,Customer_2049,user2049@gmail.com,24,India,2968
2050,Customer_2050,user2050@gmail.com,55,USA,1849
2051,Customer_2051,user2051@gmail.com,27,UK,4031
2052,Customer_2052,user2052@gmail.com,38,India,3819
2053,Customer_2053,user2053@gmail.com,52,USA,2399
2054,Customer_2054,user2054@gmail.com,29,UK,3201
2055,Customer_2055,user2055@gmail.com,23,India,3024
2056,Customer_2056,user2056@gmail.com,54,India,3875
2057,Customer_2057,user2057@gmail.com,40,India,4243
2058,Customer_2058,user2058@gmail.com,54,USA,972
2059,Customer_2059,user2059@gmail.com,25,USA,2203
2060,Customer_2060,user2060@gmail.com,49,UK,3232
2061,Customer_2061,user2061@gmail.com,23,UK,4200
2062,Customer_2062,user2062@gmail.com,70,USA,2724
2063,Customer_2063,user2063@gmail.com,52,USA,4222
2064,Customer_2064,user2064@gmail.com,63,USA,1074
2065,Customer_2065,user2065@gmail.com,56,UK,2920
2066,Customer_2066,user2066@gmail.com,41,India,808
2067,Customer_2067,user2067@gmail.com,26,UK,3072
2068,Customer_2068,user2068@gmail.com,62,India,3110
2069,Customer_2069,user2069@gmail.com,37,USA,4327
2070,Customer_2070,user2070@gmail.com,33,India,438
2071,Customer_2071,user2071@gmail.com,45,India,3546
2072,Customer_2072,user2072@gmail.com,18,India,2478
2073,Customer_2073,user2073@gmail.com,55,USA,2571
2074,Customer_2074,user2074@gmail.com,29,USA,2540
2075,Customer_2075,user2075@gmail.com,51,USA,1566
2076,Customer_2076,user2076@gmail.com,36,USA,2202
2077,Customer_2077,user2077@gmail.com,60,UK,1071
2078,Customer_2078,user2078@gmail.com,35,USA,4274
2079,Customer_2079,user2079@gmail.com,66,India,4251
2080,Customer_2080,user2080@gmail.com,67,UK,494
2081,Customer_2081,user2081@gmail.com,47,USA,3122
2082,Customer_2082,user2082@gmail.com,21,India,767
2083,Customer_2083,user2083@gmail.com,26,India,1467
2084,Customer_2084,user2084@gmail.com,47,UK,4761
2085,Customer_2085,user2085@gmail.com,54,UK,3172
2086,Customer_2086,user2086@gmail.com,27,USA,3157
2087,Customer_2087,user2087@gmail.com,23,USA,726
2088,Customer_2088,user2088@gmail.com,36,India,3784
2089,Customer_2089,user2089@gmail.com,40,USA,4124
2090,Customer_2090,user2090@gmail.com,44,USA,244
2091,Customer_2091,user2091@gmail.com,27,UK,2991
2092,Customer_2092,user2092@gmail.com,31,UK,3838
2093,Customer_2093,user2093@gmail.com,62,USA,1713
2094,Customer_2094,user2094@gmail.com,68,India,4398
2095,Customer_2095,user2095@gmail.com,34,USA,2460
2096,Customer_2096,user2096@gmail.com,18,India,2001
2097,Customer_2097,user2097@gmail.com,56,India,2929
2098,Customer_2098,user2098@gmail.com,66,India,1729
2099,Customer_2099,user2099@gmail.com,24,India,3823
2100,Customer_2100,user2100@gmail.com,29,USA,2117
2101,Customer_2101,user2101@gmail.com,30,UK,4168
2102,Customer_2102,user2102@gmail.com,24,UK,4848
2103,Customer_2103,user2103@gmail.com,20,USA,3990
2104,Customer_2104,user2104@gmail.com,65,India,3934
2105,Customer_2105,user2105@gmail.com,62,USA,156
2106,Customer_2106,user2106@gmail.com,18,USA,3782
2107,Customer_2107,user2107@gmail.com,20,India,2721
2108,Customer_2108,user2108@gmail.com,37,India,1468
2109,Customer_2109,user2109@gmail.com,48,India,4566
2110,Customer_2110,user2110@gmail.com,53,UK,1131
2111,Customer_2111,user2111@gmail.com,47,India,3687
2112,Customer_2112,user2112@gmail.com,39,UK,1427
2113,Customer_2113,user2113@gmail.com,56,UK,2134
2114,Customer_2114,user2114@gmail.com,22,USA,2002
2115,Customer_2115,user2115@gmail.com,38,UK,3013
2116,Customer_2116,user2116@gmail.com,52,India,3998
2117,Customer_2117,user2117@gmail.com,50,India,513
2118,Customer_2118,user2118@gmail.com,54,India,1769
2119,Customer_2119,user2119@gmail.com,28,UK,3796
2120,Customer_2120,user2120@gmail.com,47,India,3157
2121,Customer_2121,user2121@gmail.com,30,USA,2009
2122,Customer_2122,user2122@gmail.com,70,India,4152
2123,Customer_2123,user2123@gmail.com,65,USA,4343
2124,Customer_2124,user2124@gmail.com,20,USA,4784
2125,Customer_2125,user2125@gmail.com,30,USA,303
2126,Customer_2126,user2126@gmail.com,70,UK,4477
2127,Customer_2127,user2127@gmail.com,61,UK,4775
2128,Customer_2128,user2128@gmail.com,23,UK,2175
2129,Customer_2129,user2129@gmail.com,67,India,1175
2130,Customer_2130,user2130@gmail.com,30,UK,4002
2131,Customer_2131,user2131@gmail.com,33,India,4499
2132,Customer_2132,user2132@gmail.com,37,India,113
2133,Customer_2133,user2133@gmail.com,35,UK,3927
2134,Customer_2134,user2134@gmail.com,34,India,1661
2135,Customer_2135,user2135@gmail.com,67,India,3992
2136,Customer_2136,user2136@gmail.com,29,USA,2643
2137,Customer_2137,user2137@gmail.com,22,USA,553
2138,Customer_2138,user2138@gmail.com,60,USA,859
2139,Customer_2139,user2139@gmail.com,45,UK,1184
2140,Customer_2140,user2140@gmail.com,33,UK,3229
2141,Customer_2141,user2141@gmail.com,21,USA,3506
2142,Customer_2142,user2142@gmail.com,43,UK,4376
2143,Customer_2143,user2143@gmail.com,25,UK,1379
2144,Customer_2144,user2144@gmail.com,22,India,870
2145,Customer_2145,user2145@gmail.com,18,USA,699
2146,Customer_2146,user2146@gmail.com,67,India,4938
2147,Customer_2147,user2147@gmail.com,59,UK,3757
2148,Customer_2148,user2148@gmail.com,32,UK,2158
2149,Customer_2149,user2149@gmail.com,30,USA,645
2150,Customer_2150,user2150@gmail.com,24,India,3207
2151,Customer_2151,user2151@gmail.com,50,USA,1068
2152,Customer_2152,user2152@gmail.com,30,India,3592
2153,Customer_2153,user2153@gmail.com,63,India,4486
2154,Customer_2154,user2154@gmail.com,18,India,4386
2155,Customer_2155,user2155@gmail.com,59,UK,3473
2156,Customer_2156,user2156@gmail.com,70,USA,4556
2157,Customer_2157,user2157@gmail.com,51,India,1622
2158,Customer_2158,user2158@gmail.com,49,UK,2972
2159,Customer_2159,user2159@gmail.com,18,India,4546
2160,Customer_2160,user2160@gmail.com,36,USA,2027
2161,Customer_2161,user2161@gmail.com,68,UK,4086
2162,Customer_2162,user2162@gmail.com,65,UK,237
2163,Customer_2163,user2163@gmail.com,47,India,3587
2164,Customer_2164,user2164@gmail.com,70,India,4473
2165,Customer_2165,user2165@gmail.com,51,USA,203
2166,Customer_2166,user2166@gmail.com,26,USA,3968
2167,Customer_2167,user2167@gmail.com,61,India,4283
2168,Customer_2168,user2168@gmail.com,35,India,1588
2169,Customer_2169,user2169@gmail.com,58,UK,3496
2170,Customer_2170,user2170@gmail.com,29,UK,2494
2171,Customer_2171,user2171@gmail.com,36,UK,3866
2172,Customer_2172,user2172@gmail.com,27,USA,4896
2173,Customer_2173,user2173@gmail.com,25,UK,1910
2174,Customer_2174,user2174@gmail.com,48,USA,497
2175,Customer_2175,user2175@gmail.com,57,USA,648
2176,Customer_2176,user2176@gmail.com,70,India,3058
2177,Customer_2177,user2177@gmail.com,39,UK,2127
2178,Customer_2178,user2178@gmail.com,24,India,3124
2179,Customer_2179,user2179@gmail.com,28,India,3797
2180,Customer_2180,user2180@gmail.com,42,UK,2707
2181,Customer_2181,user2181@gmail.com,20,India,3754
2182,Customer_2182,user2182@gmail.com,35,UK,729
2183,Customer_2183,user2183@gmail.com,37,USA,3723
2184,Customer_2184,user2184@gmail.com,54,USA,4829
2185,Customer_2185,user2185@gmail.com,25,UK,391
2186,Customer_2186,user2186@gmail.com,60,UK,1470
2187,Customer_2187,user2187@gmail.com,25,India,2558
2188,Customer_2188,user2188@gmail.com,31,USA,838
2189,Customer_2189,user2189@gmail.com,37,UK,4296
2190,Customer_2190,user2190@gmail.com,41,USA,1543
2191,Customer_2191,user2191@gmail.com,36,India,735
2192,Customer_2192,user2192@gmail.com,44,USA,819
2193,Customer_2193,user2193@gmail.com,45,India,4757
2194,Customer_2194,user2194@gmail.com,37,India,701
2195,Customer_2195,user2195@gmail.com,44,India,4359
2196,Customer_2196,user2196@gmail.com,43,UK,1186
2197,Customer_2197,user2197@gmail.com,20,India,629
2198,Customer_2198,user2198@gmail.com,51,India,1839
2199,Customer_2199,user2199@gmail.com,54,India,1966
2200,Customer_2200,user2200@gmail.com,62,UK,2899
2201,Customer_2201,user2201@gmail.com,32,USA,2192
2202,Customer_2202,user2202@gmail.com,19,UK,1439
2203,Customer_2203,user2203@gmail.com,29,USA,4921
2204,Customer_2204,user2204@gmail.com,37,UK,3265
2205,Customer_2205,user2205@gmail.com,38,UK,3595
2206,Customer_2206,user2206@gmail.com,18,India,4678
2207,Customer_2207,user2207@gmail.com,38,India,285
2208,Customer_2208,user2208@gmail.com,60,India,3718
2209,Customer_2209,user2209@gmail.com,55,USA,856
2210,Customer_2210,user2210@gmail.com,39,USA,3073
2211,Customer_2211,user2211@gmail.com,20,USA,2485
2212,Customer_2212,user2212@gmail.com,48,India,3111
2213,Customer_2213,user2213@gmail.com,64,India,3176
2214,Customer_2214,user2214@gmail.com,66,India,3452
2215,Customer_2215,user2215@gmail.com,51,UK,3306
2216,Customer_2216,user2216@gmail.com,51,USA,1065
2217,Customer_2217,user2217@gmail.com,41,USA,2942
2218,Customer_2218,user2218@gmail.com,50,USA,3125
2219,Customer_2219,user2219@gmail.com,35,UK,4938
2220,Customer_2220,user2220@gmail.com,26,UK,3621
2221,Customer_2221,user2221@gmail.com,22,UK,2667
2222,Customer_2222,user2222@gmail.com,54,India,3976
2223,Customer_2223,user2223@gmail.com,23,USA,2552
2224,Customer_2224,user2224@gmail.com,21,India,4279
2225,Customer_2225,user2225@gmail.com,18,UK,1816
2226,Customer_2226,user2226@gmail.com,67,UK,551
2227,Customer_2227,user2227@gmail.com,44,India,833
2228,Customer_2228,user2228@gmail.com,45,India,2034
2229,Customer_2229,user2229@gmail.com,54,India,864
2230,Customer_2230,user2230@gmail.com,55,USA,4104
2231,Customer_2231,user2231@gmail.com,34,UK,4825
2232,Customer_2232,user2232@gmail.com,46,UK,1479
2233,Customer_2233,user2233@gmail.com,65,USA,1545
2234,Customer_2234,user2234@gmail.com,63,UK,371
2235,Customer_2235,user2235@gmail.com,56,UK,370
2236,Customer_2236,user2236@gmail.com,59,UK,605
2237,Customer_2237,user2237@gmail.com,47,UK,855
2238,Customer_2238,user2238@gmail.com,19,India,3325
2239,Customer_2239,user2239@gmail.com,31,India,3115
2240,Customer_2240,user2240@gmail.com,44,USA,4438
2241,Customer_2241,user2241@gmail.com,56,USA,1323
2242,Customer_2242,user2242@gmail.com,35,India,1296
2243,Customer_2243,user2243@gmail.com,33,UK,4076
2244,Customer_2244,user2244@gmail.com,29,USA,191
2245,Customer_2245,user2245@gmail.com,54,India,3106
2246,Customer_2246,user2246@gmail.com,57,USA,618
2247,Customer_2247,user2247@gmail.com,23,UK,3717
2248,Customer_2248,user2248@gmail.com,45,USA,1774
2249,Customer_2249,user2249@gmail.com,41,UK,468
2250,Customer_2250,user2250@gmail.com,68,UK,4672
2251,Customer_2251,user2251@gmail.com,20,India,2935
2252,Customer_2252,user2252@gmail.com,38,USA,4357
2253,Customer_2253,user2253@gmail.com,42,India,2740
2254,Customer_2254,user2254@gmail.com,57,USA,2087
2255,Customer_2255,user2255@gmail.com,37,USA,2085
2256,Customer_2256,user2256@gmail.com,38,India,4626
2257,Customer_2257,user2257@gmail.com,68,UK,1492
2258,Customer_2258,user2258@gmail.com,55,USA,4902
2259,Customer_2259,user2259@gmail.com,20,USA,2657
2260,Customer_2260,user2260@gmail.com,32,UK,561
2261,Customer_2261,user2261@gmail.com,22,India,1422
2262,Customer_2262,user2262@gmail.com,66,USA,1631
2263,Customer_2263,user2263@gmail.com,60,USA,4990
2264,Customer_2264,user2264@gmail.com,44,UK,227
2265,Customer_2265,user2265@gmail.com,33,UK,2050
2266,Customer_2266,user2266@gmail.com,63,USA,3417
2267,Customer_2267,user2267@gmail.com,18,UK,3816
2268,Customer_2268,user2268@gmail.com,24,India,730
2269,Customer_2269,user2269@gmail.com,67,USA,4568
2270,Customer_2270,user2270@gmail.com,64,India,2190
2271,Customer_2271,user2271@gmail.com,53,USA,374
2272,Customer_2272,user2272@gmail.com,57,India,3319
2273,Customer_2273,user2273@gmail.com,28,USA,4976
2274,Customer_2274,user2274@gmail.com,18,India,3967
2275,Customer_2275,user2275@gmail.com,69,USA,1229
2276,Customer_2276,user2276@gmail.com,26,India,4442
2277,Customer_2277,user2277@gmail.com,31,USA,1763
2278,Customer_2278,user2278@gmail.com,24,India,2985
2279,Customer_2279,user2279@gmail.com,46,USA,3106
2280,Customer_2280,user2280@gmail.com,53,UK,4069
2281,Customer_2281,user2281@gmail.com,61,USA,4510
2282,Customer_2282,user2282@gmail.com,22,India,4520
2283,Customer_2283,user2283@gmail.com,43,USA,258
2284,Customer_2284,user2284@gmail.com,47,India,3961
2285,Customer_2285,user2285@gmail.com,53,India,400
2286,Customer_2286,user2286@gmail.com,66,India,3005
2287,Customer_2287,user2287@gmail.com,69,USA,2666
2288,Customer_2288,user2288@gmail.com,40,USA,3956
2289,Customer_2289,user2289@gmail.com,55,UK,1143
2290,Customer_2290,user2290@gmail.com,39,USA,599
2291,Customer_2291,user2291@gmail.com,28,USA,2443
2292,Customer_2292,user2292@gmail.com,42,USA,4815
2293,Customer_2293,user2293@gmail.com,66,India,3133
2294,Customer_2294,user2294@gmail.com,38,India,3764
2295,Customer_2295,user2295@gmail.com,46,USA,4089
2296,Customer_2296,user2296@gmail.com,57,India,747
2297,Customer_2297,user2297@gmail.com,54,USA,1897
2298,Customer_2298,user2298@gmail.com,18,UK,1851
2299,Customer_2299,user2299@gmail.com,64,USA,4686
2300,Customer_2300,user2300@gmail.com,34,USA,201
2301,Customer_2301,user2301@gmail.com,56,India,1811
2302,Customer_2302,user2302@gmail.com,64,UK,3436
2303,Customer_2303,user2303@gmail.com,19,India,1679
2304,Customer_2304,user2304@gmail.com,70,India,899
2305,Customer_2305,user2305@gmail.com,46,USA,2685
2306,Customer_2306,user2306@gmail.com,19,USA,2244
2307,Customer_2307,user2307@gmail.com,67,USA,3728
2308,Customer_2308,user2308@gmail.com,61,India,2646
2309,Customer_2309,user2309@gmail.com,59,USA,4636
2310,Customer_2310,user2310@gmail.com,40,USA,1386
2311,Customer_2311,user2311@gmail.com,29,UK,1649
2312,Customer_2312,user2312@gmail.com,51,India,2065
2313,Customer_2313,user2313@gmail.com,24,USA,2580
2314,Customer_2314,user2314@gmail.com,48,USA,3582
2315,Customer_2315,user2315@gmail.com,20,USA,281
2316,Customer_2316,user2316@gmail.com,38,UK,3583
2317,Customer_2317,user2317@gmail.com,44,USA,636
2318,Customer_2318,user2318@gmail.com,31,India,2897
2319,Customer_2319,user2319@gmail.com,44,UK,4822
2320,Customer_2320,user2320@gmail.com,52,UK,3312
2321,Customer_2321,user2321@gmail.com,48,USA,3030
2322,Customer_2322,user2322@gmail.com,37,USA,1637
2323,Customer_2323,user2323@gmail.com,24,India,1904
2324,Customer_2324,user2324@gmail.com,54,UK,4376
2325,Customer_2325,user2325@gmail.com,61,India,1133
2326,Customer_2326,user2326@gmail.com,57,UK,787
2327,Customer_2327,user2327@gmail.com,26,USA,1198
2328,Customer_2328,user2328@gmail.com,37,UK,245
2329,Customer_2329,user2329@gmail.com,54,India,4471
2330,Customer_2330,user2330@gmail.com,28,UK,1369
2331,Customer_2331,user2331@gmail.com,49,UK,1639
2332,Customer_2332,user2332@gmail.com,27,UK,180
2333,Customer_2333,user2333@gmail.com,63,USA,1570
2334,Customer_2334,user2334@gmail.com,69,USA,1770
2335,Customer_2335,user2335@gmail.com,49,UK,1429
2336,Customer_2336,user2336@gmail.com,53,USA,951
2337,Customer_2337,user2337@gmail.com,55,USA,2126
2338,Customer_2338,user2338@gmail.com,32,UK,465
2339,Customer_2339,user2339@gmail.com,54,UK,4787
2340,Customer_2340,user2340@gmail.com,33,India,2182
2341,Customer_2341,user2341@gmail.com,67,UK,4327
2342,Customer_2342,user2342@gmail.com,57,India,748
2343,Customer_2343,user2343@gmail.com,44,India,4427
2344,Customer_2344,user2344@gmail.com,48,UK,860
2345,Customer_2345,user2345@gmail.com,67,USA,1985
2346,Customer_2346,user2346@gmail.com,35,UK,796
2347,Customer_2347,user2347@gmail.com,22,UK,4914
2348,Customer_2348,user2348@gmail.com,70,India,1672
2349,Customer_2349,user2349@gmail.com,32,USA,832
2350,Customer_2350,user2350@gmail.com,24,India,4824
2351,Customer_2351,user2351@gmail.com,34,UK,2682
2352,Customer_2352,user2352@gmail.com,39,USA,186
2353,Customer_2353,user2353@gmail.com,69,India,2110
2354,Customer_2354,user2354@gmail.com,47,USA,2278
2355,Customer_2355,user2355@gmail.com,19,UK,2813
2356,Customer_2356,user2356@gmail.com,40,USA,1895
2357,Customer_2357,user2357@gmail.com,41,USA,3588
2358,Customer_2358,user2358@gmail.com,37,India,3100
2359,Customer_2359,user2359@gmail.com,43,India,3195
2360,Customer_2360,user2360@gmail.com,55,USA,1617
2361,Customer_2361,user2361@gmail.com,62,India,1546
2362,Customer_2362,user2362@gmail.com,51,UK,4761
2363,Customer_2363,user2363@gmail.com,26,UK,1416
2364,Customer_2364,user2364@gmail.com,63,UK,1661
2365,Customer_2365,user2365@gmail.com,51,UK,4447
2366,Customer_2366,user2366@gmail.com,45,India,917
2367,Customer_2367,user2367@gmail.com,21,UK,684
2368,Customer_2368,user2368@gmail.com,47,India,2571
2369,Customer_2369,user2369@gmail.com,64,UK,3608
2370,Customer_2370,user2370@gmail.com,51,USA,1900
2371,Customer_2371,user2371@gmail.com,20,UK,1112
2372,Customer_2372,user2372@gmail.com,36,USA,1057
2373,Customer_2373,user2373@gmail.com,25,USA,2841
2374,Customer_2374,user2374@gmail.com,32,India,241
2375,Customer_2375,user2375@gmail.com,41,USA,1714
2376,Customer_2376,user2376@gmail.com,56,UK,4952
2377,Customer_2377,user2377@gmail.com,19,USA,2074
2378,Customer_2378,user2378@gmail.com,41,USA,4411
2379,Customer_2379,user2379@gmail.com,49,India,3060
2380,Customer_2380,user2380@gmail.com,18,India,1667
2381,Customer_2381,user2381@gmail.com,38,India,3755
2382,Customer_2382,user2382@gmail.com,37,UK,1699
2383,Customer_2383,user2383@gmail.com,55,USA,2257
2384,Customer_2384,user2384@gmail.com,48,USA,3834
2385,Customer_2385,user2385@gmail.com,56,India,4626
2386,Customer_2386,user2386@gmail.com,29,USA,4953
2387,Customer_2387,user2387@gmail.com,62,USA,3373
2388,Customer_2388,user2388@gmail.com,61,India,1856
2389,Customer_2389,user2389@gmail.com,20,India,3235
2390,Customer_2390,user2390@gmail.com,66,UK,2874
2391,Customer_2391,user2391@gmail.com,63,India,2163
2392,Customer_2392,user2392@gmail.com,67,UK,4496
2393,Customer_2393,user2393@gmail.com,64,USA,4928
2394,Customer_2394,user2394@gmail.com,56,India,3806
2395,Customer_2395,user2395@gmail.com,70,USA,2816
2396,Customer_2396,user2396@gmail.com,34,India,4424
2397,Customer_2397,user2397@gmail.com,40,USA,4304
2398,Customer_2398,user2398@gmail.com,61,USA,435
2399,Customer_2399,user2399@gmail.com,18,India,3683
2400,Customer_2400,user2400@gmail.com,53,USA,3205
2401,Customer_2401,user2401@gmail.com,34,USA,783
2402,Customer_2402,user2402@gmail.com,48,USA,253
2403,Customer_2403,user2403@gmail.com,31,UK,903
2404,Customer_2404,user2404@gmail.com,52,USA,1094
2405,Customer_2405,user2405@gmail.com,65,India,3118
2406,Customer_2406,user2406@gmail.com,56,UK,838
2407,Customer_2407,user2407@gmail.com,37,India,425
2408,Customer_2408,user2408@gmail.com,56,UK,3360
2409,Customer_2409,user2409@gmail.com,60,India,4443
2410,Customer_2410,user2410@gmail.com,56,India,2949
2411,Customer_2411,user2411@gmail.com,47,India,3121
2412,Customer_2412,user2412@gmail.com,39,USA,4734
2413,Customer_2413,user2413@gmail.com,58,UK,2453
2414,Customer_2414,user2414@gmail.com,22,USA,3199
2415,Customer_2415,user2415@gmail.com,47,USA,4224
2416,Customer_2416,user2416@gmail.com,52,India,4843
2417,Customer_2417,user2417@gmail.com,26,India,992
2418,Customer_2418,user2418@gmail.com,65,India,4691
2419,Customer_2419,user2419@gmail.com,68,USA,3208
2420,Customer_2420,user2420@gmail.com,43,India,2657
2421,Customer_2421,user2421@gmail.com,69,India,2754
2422,Customer_2422,user2422@gmail.com,25,UK,2079
2423,Customer_2423,user2423@gmail.com,52,USA,1762
2424,Customer_2424,user2424@gmail.com,67,UK,2073
2425,Customer_2425,user2425@gmail.com,55,USA,4097
2426,Customer_2426,user2426@gmail.com,36,USA,2521
2427,Customer_2427,user2427@gmail.com,36,UK,3412
2428,Customer_2428,user2428@gmail.com,19,India,937
2429,Customer_2429,user2429@gmail.com,61,USA,927
2430,Customer_2430,user2430@gmail.com,24,UK,1228
2431,Customer_2431,user2431@gmail.com,67,UK,3303
2432,Customer_2432,user2432@gmail.com,58,UK,4830
2433,Customer_2433,user2433@gmail.com,18,USA,4723
2434,Customer_2434,user2434@gmail.com,58,USA,3952
2435,Customer_2435,user2435@gmail.com,27,USA,3590
2436,Customer_2436,user2436@gmail.com,39,India,1768
2437,Customer_2437,user2437@gmail.com,56,India,3011
2438,Customer_2438,user2438@gmail.com,33,India,1965
2439,Customer_2439,user2439@gmail.com,63,India,424
2440,Customer_2440,user2440@gmail.com,28,India,247
2441,Customer_2441,user2441@gmail.com,44,USA,4463
2442,Customer_2442,user2442@gmail.com,62,USA,3009
2443,Customer_2443,user2443@gmail.com,27,India,2644
2444,Customer_2444,user2444@gmail.com,44,UK,473
2445,Customer_2445,user2445@gmail.com,62,UK,3378
2446,Customer_2446,user2446@gmail.com,49,India,990
2447,Customer_2447,user2447@gmail.com,29,UK,3311
2448,Customer_2448,user2448@gmail.com,70,USA,1623
2449,Customer_2449,user2449@gmail.com,36,India,4524
2450,Customer_2450,user2450@gmail.com,26,UK,4659
2451,Customer_2451,user2451@gmail.com,22,USA,1078
2452,Customer_2452,user2452@gmail.com,32,India,4464
2453,Customer_2453,user2453@gmail.com,64,India,4192
2454,Customer_2454,user2454@gmail.com,45,India,2209
2455,Customer_2455,user2455@gmail.com,48,USA,2773
2456,Customer_2456,user2456@gmail.com,35,USA,282
2457,Customer_2457,user2457@gmail.com,20,India,3443
2458,Customer_2458,user2458@gmail.com,54,UK,3682
2459,Customer_2459,user2459@gmail.com,43,India,4501
2460,Customer_2460,user2460@gmail.com,52,India,3163
2461,Customer_2461,user2461@gmail.com,50,USA,2483
2462,Customer_2462,user2462@gmail.com,43,India,2120
2463,Customer_2463,user2463@gmail.com,67,UK,1355
2464,Customer_2464,user2464@gmail.com,25,UK,3053
2465,Customer_2465,user2465@gmail.com,39,UK,3511
2466,Customer_2466,user2466@gmail.com,60,UK,862
2467,Customer_2467,user2467@gmail.com,66,UK,2178
2468,Customer_2468,user2468@gmail.com,53,UK,1808
2469,Customer_2469,user2469@gmail.com,70,India,2986
2470,Customer_2470,user2470@gmail.com,36,UK,1384
2471,Customer_2471,user2471@gmail.com,32,India,2826
2472,Customer_2472,user2472@gmail.com,34,UK,4998
2473,Customer_2473,user2473@gmail.com,40,UK,4512
2474,Customer_2474,user2474@gmail.com,64,India,2039
2475,Customer_2475,user2475@gmail.com,34,UK,3752
2476,Customer_2476,user2476@gmail.com,69,UK,2471
2477,Customer_2477,user2477@gmail.com,53,USA,1085
2478,Customer_2478,user2478@gmail.com,53,USA,2899
2479,Customer_2479,user2479@gmail.com,25,UK,407
2480,Customer_2480,user2480@gmail.com,41,USA,1011
2481,Customer_2481,user2481@gmail.com,48,UK,631
2482,Customer_2482,user2482@gmail.com,28,India,4700
2483,Customer_2483,user2483@gmail.com,49,India,2157
2484,Customer_2484,user2484@gmail.com,31,UK,4975
2485,Customer_2485,user2485@gmail.com,68,UK,2789
2486,Customer_2486,user2486@gmail.com,27,India,2848
2487,Customer_2487,user2487@gmail.com,45,UK,1375
2488,Customer_2488,user2488@gmail.com,68,USA,844
2489,Customer_2489,user2489@gmail.com,42,USA,3232
2490,Customer_2490,user2490@gmail.com,20,India,1795
2491,Customer_2491,user2491@gmail.com,50,India,3818
2492,Customer_2492,user2492@gmail.com,67,India,2886
2493,Customer_2493,user2493@gmail.com,56,UK,1923
2494,Customer_2494,user2494@gmail.com,51,UK,1057
2495,Customer_2495,user2495@gmail.com,47,USA,4306
2496,Customer_2496,user2496@gmail.com,43,India,1485
2497,Customer_2497,user2497@gmail.com,47,India,3419
2498,Customer_2498,user2498@gmail.com,58,USA,4622
2499,Customer_2499,user2499@gmail.com,41,USA,3999
2500,Customer_2500,user2500@gmail.com,57,India,1945
2501,Customer_2501,user2501@gmail.com,54,USA,206
2502,Customer_2502,user2502@gmail.com,59,India,276
2503,Customer_2503,user2503@gmail.com,51,India,4863
2504,Customer_2504,user2504@gmail.com,70,India,3661
2505,Customer_2505,user2505@gmail.com,35,India,4030
2506,Customer_2506,user2506@gmail.com,54,UK,1712
2507,Customer_2507,user2507@gmail.com,29,UK,189
2508,Customer_2508,user2508@gmail.com,22,USA,3036
2509,Customer_2509,user2509@gmail.com,54,India,1674
2510,Customer_2510,user2510@gmail.com,66,USA,2955
2511,Customer_2511,user2511@gmail.com,43,UK,1321
2512,Customer_2512,user2512@gmail.com,30,USA,2393
2513,Customer_2513,user2513@gmail.com,47,India,2818
2514,Customer_2514,user2514@gmail.com,18,India,202
2515,Customer_2515,user2515@gmail.com,21,USA,891
2516,Customer_2516,user2516@gmail.com,62,USA,3034
2517,Customer_2517,user2517@gmail.com,56,USA,3581
2518,Customer_2518,user2518@gmail.com,24,USA,2727
2519,Customer_2519,user2519@gmail.com,47,India,1820
2520,Customer_2520,user2520@gmail.com,42,India,1410
2521,Customer_2521,user2521@gmail.com,25,USA,2905
2522,Customer_2522,user2522@gmail.com,55,USA,1212
2523,Customer_2523,user2523@gmail.com,31,India,2884
2524,Customer_2524,user2524@gmail.com,25,UK,3074
2525,Customer_2525,user2525@gmail.com,44,India,427
2526,Customer_2526,user2526@gmail.com,42,UK,3510
2527,Customer_2527,user2527@gmail.com,24,India,1921
2528,Customer_2528,user2528@gmail.com,50,USA,4225
2529,Customer_2529,user2529@gmail.com,33,USA,355
2530,Customer_2530,user2530@gmail.com,50,USA,3365
2531,Customer_2531,user2531@gmail.com,34,India,1317
2532,Customer_2532,user2532@gmail.com,54,India,1080
2533,Customer_2533,user2533@gmail.com,50,India,921
2534,Customer_2534,user2534@gmail.com,22,UK,3390
2535,Customer_2535,user2535@gmail.com,32,UK,4307
2536,Customer_2536,user2536@gmail.com,54,UK,1121
2537,Customer_2537,user2537@gmail.com,70,USA,3011
2538,Customer_2538,user2538@gmail.com,25,UK,3511
2539,Customer_2539,user2539@gmail.com,31,India,2252
2540,Customer_2540,user2540@gmail.com,31,India,2337
2541,Customer_2541,user2541@gmail.com,41,UK,1827
2542,Customer_2542,user2542@gmail.com,23,UK,1030
2543,Customer_2543,user2543@gmail.com,29,USA,4711
2544,Customer_2544,user2544@gmail.com,31,UK,1688
2545,Customer_2545,user2545@gmail.com,59,USA,1519
2546,Customer_2546,user2546@gmail.com,39,USA,1369
2547,Customer_2547,user2547@gmail.com,51,USA,1521
2548,Customer_2548,user2548@gmail.com,26,India,1030
2549,Customer_2549,user2549@gmail.com,32,UK,2227
2550,Customer_2550,user2550@gmail.com,65,UK,613
2551,Customer_2551,user2551@gmail.com,51,India,3458
2552,Customer_2552,user2552@gmail.com,54,USA,2378
2553,Customer_2553,user2553@gmail.com,52,India,4710
2554,Customer_2554,user2554@gmail.com,51,India,4986
2555,Customer_2555,user2555@gmail.com,61,USA,3660
2556,Customer_2556,user2556@gmail.com,33,USA,3088
2557,Customer_2557,user2557@gmail.com,55,India,3381
2558,Customer_2558,user2558@gmail.com,24,USA,2612
2559,Customer_2559,user2559@gmail.com,62,UK,946
2560,Customer_2560,user2560@gmail.com,24,UK,3286
2561,Customer_2561,user2561@gmail.com,61,India,4936
2562,Customer_2562,user2562@gmail.com,19,USA,4349
2563,Customer_2563,user2563@gmail.com,58,UK,2233
2564,Customer_2564,user2564@gmail.com,21,USA,2205
2565,Customer_2565,user2565@gmail.com,31,India,3453
2566,Customer_2566,user2566@gmail.com,37,India,4550
2567,Customer_2567,user2567@gmail.com,24,USA,517
2568,Customer_2568,user2568@gmail.com,52,USA,2517
2569,Customer_2569,user2569@gmail.com,63,UK,4161
2570,Customer_2570,user2570@gmail.com,55,India,2296
2571,Customer_2571,user2571@gmail.com,42,India,2375
2572,Customer_2572,user2572@gmail.com,63,USA,2075
2573,Customer_2573,user2573@gmail.com,63,UK,697
2574,Customer_2574,user2574@gmail.com,21,India,2578
2575,Customer_2575,user2575@gmail.com,61,India,3170
2576,Customer_2576,user2576@gmail.com,62,USA,1580
2577,Customer_2577,user2577@gmail.com,44,India,460
2578,Customer_2578,user2578@gmail.com,63,India,1681
2579,Customer_2579,user2579@gmail.com,40,India,4090
2580,Customer_2580,user2580@gmail.com,38,USA,3074
2581,Customer_2581,user2581@gmail.com,46,UK,2143
2582,Customer_2582,user2582@gmail.com,55,UK,2784
2583,Customer_2583,user2583@gmail.com,27,India,434
2584,Customer_2584,user2584@gmail.com,59,India,332
2585,Customer_2585,user2585@gmail.com,18,UK,3277
2586,Customer_2586,user2586@gmail.com,47,India,3500
2587,Customer_2587,user2587@gmail.com,18,UK,1245
2588,Customer_2588,user2588@gmail.com,49,India,4930
2589,Customer_2589,user2589@gmail.com,44,India,360
2590,Customer_2590,user2590@gmail.com,37,USA,3837
2591,Customer_2591,user2591@gmail.com,46,India,1718
2592,Customer_2592,user2592@gmail.com,24,UK,2325
2593,Customer_2593,user2593@gmail.com,38,UK,1582
2594,Customer_2594,user2594@gmail.com,59,USA,3643
2595,Customer_2595,user2595@gmail.com,34,USA,4533
2596,Customer_2596,user2596@gmail.com,51,USA,2296
2597,Customer_2597,user2597@gmail.com,25,India,2833
2598,Customer_2598,user2598@gmail.com,60,UK,4980
2599,Customer_2599,user2599@gmail.com,70,UK,2012
2600,Customer_2600,user2600@gmail.com,47,UK,2832
2601,Customer_2601,user2601@gmail.com,39,India,2863
2602,Customer_2602,user2602@gmail.com,39,India,2641
2603,Customer_2603,user2603@gmail.com,34,UK,713
2604,Customer_2604,user2604@gmail.com,41,USA,1935
2605,Customer_2605,user2605@gmail.com,69,USA,3435
2606,Customer_2606,user2606@gmail.com,58,UK,3679
2607,Customer_2607,user2607@gmail.com,66,UK,997
2608,Customer_2608,user2608@gmail.com,31,India,1100
2609,Customer_2609,user2609@gmail.com,29,UK,2561
2610,Customer_2610,user2610@gmail.com,61,India,2079
2611,Customer_2611,user2611@gmail.com,65,India,2295
2612,Customer_2612,user2612@gmail.com,65,USA,3272
2613,Customer_2613,user2613@gmail.com,26,USA,4252
2614,Customer_2614,user2614@gmail.com,50,India,1677
2615,Customer_2615,user2615@gmail.com,70,UK,1520
2616,Customer_2616,user2616@gmail.com,57,India,920
2617,Customer_2617,user2617@gmail.com,21,India,654
2618,Customer_2618,user2618@gmail.com,22,UK,4079
2619,Customer_2619,user2619@gmail.com,61,USA,702
2620,Customer_2620,user2620@gmail.com,64,India,1781
2621,Customer_2621,user2621@gmail.com,70,USA,3633
2622,Customer_2622,user2622@gmail.com,18,UK,1755
2623,Customer_2623,user2623@gmail.com,67,USA,1866
2624,Customer_2624,user2624@gmail.com,43,India,777
2625,Customer_2625,user2625@gmail.com,70,India,1774
2626,Customer_2626,user2626@gmail.com,37,USA,618
2627,Customer_2627,user2627@gmail.com,42,India,773
2628,Customer_2628,user2628@gmail.com,33,USA,2902
2629,Customer_2629,user2629@gmail.com,51,USA,2589
2630,Customer_2630,user2630@gmail.com,60,UK,3810
2631,Customer_2631,user2631@gmail.com,50,UK,2061
2632,Customer_2632,user2632@gmail.com,51,USA,2770
2633,Customer_2633,user2633@gmail.com,21,UK,4466
2634,Customer_2634,user2634@gmail.com,52,USA,4894
2635,Customer_2635,user2635@gmail.com,62,UK,3490
2636,Customer_2636,user2636@gmail.com,21,UK,2939
2637,Customer_2637,user2637@gmail.com,49,USA,2318
2638,Customer_2638,user2638@gmail.com,25,UK,2281
2639,Customer_2639,user2639@gmail.com,40,USA,3736
2640,Customer_2640,user2640@gmail.com,40,India,628
2641,Customer_2641,user2641@gmail.com,26,USA,4365
2642,Customer_2642,user2642@gmail.com,43,India,707
2643,Customer_2643,user2643@gmail.com,70,India,889
2644,Customer_2644,user2644@gmail.com,56,USA,955
2645,Customer_2645,user2645@gmail.com,69,India,1047
2646,Customer_2646,user2646@gmail.com,35,USA,2884
2647,Customer_2647,user2647@gmail.com,41,USA,1336
2648,Customer_2648,user2648@gmail.com,50,India,3862
2649,Customer_2649,user2649@gmail.com,70,USA,2192
2650,Customer_2650,user2650@gmail.com,26,USA,483
2651,Customer_2651,user2651@gmail.com,56,USA,1729
2652,Customer_2652,user2652@gmail.com,64,India,479
2653,Customer_2653,user2653@gmail.com,50,India,251
2654,Customer_2654,user2654@gmail.com,68,UK,3284
2655,Customer_2655,user2655@gmail.com,68,USA,718
2656,Customer_2656,user2656@gmail.com,21,UK,2031
2657,Customer_2657,user2657@gmail.com,62,India,2892
2658,Customer_2658,user2658@gmail.com,44,India,4928
2659,Customer_2659,user2659@gmail.com,67,India,1423
2660,Customer_2660,user2660@gmail.com,45,USA,3455
2661,Customer_2661,user2661@gmail.com,66,USA,4630
2662,Customer_2662,user2662@gmail.com,59,UK,4909
2663,Customer_2663,user2663@gmail.com,22,USA,2397
2664,Customer_2664,user2664@gmail.com,48,USA,855
2665,Customer_2665,user2665@gmail.com,52,UK,4917
2666,Customer_2666,user2666@gmail.com,55,UK,3672
2667,Customer_2667,user2667@gmail.com,54,UK,4287
2668,Customer_2668,user2668@gmail.com,55,USA,4539
2669,Customer_2669,user2669@gmail.com,24,USA,342
2670,Customer_2670,user2670@gmail.com,42,USA,2143
2671,Customer_2671,user2671@gmail.com,33,India,2185
2672,Customer_2672,user2672@gmail.com,51,USA,1406
2673,Customer_2673,user2673@gmail.com,21,USA,967
2674,Customer_2674,user2674@gmail.com,61,India,3571
2675,Customer_2675,user2675@gmail.com,48,USA,2804
2676,Customer_2676,user2676@gmail.com,41,USA,4095
2677,Customer_2677,user2677@gmail.com,33,USA,3315
2678,Customer_2678,user2678@gmail.com,44,UK,4148
2679,Customer_2679,user2679@gmail.com,24,USA,3798
2680,Customer_2680,user2680@gmail.com,68,India,4086
2681,Customer_2681,user2681@gmail.com,50,USA,3003
2682,Customer_2682,user2682@gmail.com,25,USA,3986
2683,Customer_2683,user2683@gmail.com,33,India,3601
2684,Customer_2684,user2684@gmail.com,52,India,4696
2685,Customer_2685,user2685@gmail.com,42,UK,719
2686,Customer_2686,user2686@gmail.com,54,India,4367
2687,Customer_2687,user2687@gmail.com,43,UK,3818
2688,Customer_2688,user2688@gmail.com,41,USA,1146
2689,Customer_2689,user2689@gmail.com,66,USA,725
2690,Customer_2690,user2690@gmail.com,24,India,463
2691,Customer_2691,user2691@gmail.com,50,India,2480
2692,Customer_2692,user2692@gmail.com,63,India,3253
2693,Customer_2693,user2693@gmail.com,52,UK,3599
2694,Customer_2694,user2694@gmail.com,52,India,2294
2695,Customer_2695,user2695@gmail.com,53,India,1989
2696,Customer_2696,user2696@gmail.com,64,UK,2387
2697,Customer_2697,user2697@gmail.com,45,USA,4345
2698,Customer_2698,user2698@gmail.com,64,India,3643
2699,Customer_2699,user2699@gmail.com,70,UK,2062
2700,Customer_2700,user2700@gmail.com,60,USA,2814
2701,Customer_2701,user2701@gmail.com,28,UK,1182
2702,Customer_2702,user2702@gmail.com,46,USA,1408
2703,Customer_2703,user2703@gmail.com,69,India,570
2704,Customer_2704,user2704@gmail.com,43,UK,2784
2705,Customer_2705,user2705@gmail.com,43,India,3656
2706,Customer_2706,user2706@gmail.com,30,USA,4735
2707,Customer_2707,user2707@gmail.com,70,India,930
2708,Customer_2708,user2708@gmail.com,32,USA,2999
2709,Customer_2709,user2709@gmail.com,53,USA,2869
2710,Customer_2710,user2710@gmail.com,63,India,1169
2711,Customer_2711,user2711@gmail.com,69,India,4112
2712,Customer_2712,user2712@gmail.com,68,USA,147
2713,Customer_2713,user2713@gmail.com,70,USA,3009
2714,Customer_2714,user2714@gmail.com,57,India,1764
2715,Customer_2715,user2715@gmail.com,38,USA,3614
2716,Customer_2716,user2716@gmail.com,64,India,3955
2717,Customer_2717,user2717@gmail.com,27,UK,2771
2718,Customer_2718,user2718@gmail.com,43,USA,2263
2719,Customer_2719,user2719@gmail.com,59,UK,1030
2720,Customer_2720,user2720@gmail.com,49,India,4413
2721,Customer_2721,user2721@gmail.com,22,USA,4067
2722,Customer_2722,user2722@gmail.com,57,USA,438
2723,Customer_2723,user2723@gmail.com,31,India,4062
2724,Customer_2724,user2724@gmail.com,19,UK,4870
2725,Customer_2725,user2725@gmail.com,66,USA,1259
2726,Customer_2726,user2726@gmail.com,52,UK,3545
2727,Customer_2727,user2727@gmail.com,28,USA,3702
2728,Customer_2728,user2728@gmail.com,28,India,2717
2729,Customer_2729,user2729@gmail.com,64,India,4711
2730,Customer_2730,user2730@gmail.com,60,India,4274
2731,Customer_2731,user2731@gmail.com,37,UK,2435
2732,Customer_2732,user2732@gmail.com,61,USA,4704
2733,Customer_2733,user2733@gmail.com,23,India,1972
2734,Customer_2734,user2734@gmail.com,46,UK,1378
2735,Customer_2735,user2735@gmail.com,69,USA,4460
2736,Customer_2736,user2736@gmail.com,49,UK,1757
2737,Customer_2737,user2737@gmail.com,38,India,2756
2738,Customer_2738,user2738@gmail.com,18,USA,3692
2739,Customer_2739,user2739@gmail.com,43,USA,1898
2740,Customer_2740,user2740@gmail.com,40,India,2950
2741,Customer_2741,user2741@gmail.com,61,UK,4800
2742,Customer_2742,user2742@gmail.com,37,India,1229
2743,Customer_2743,user2743@gmail.com,27,India,2665
2744,Customer_2744,user2744@gmail.com,28,India,1874
2745,Customer_2745,user2745@gmail.com,38,UK,697
2746,Customer_2746,user2746@gmail.com,54,USA,367
2747,Customer_2747,user2747@gmail.com,64,India,361
2748,Customer_2748,user2748@gmail.com,25,USA,3254
2749,Customer_2749,user2749@gmail.com,66,UK,1080
2750,Customer_2750,user2750@gmail.com,38,UK,159
2751,Customer_2751,user2751@gmail.com,51,USA,4324
2752,Customer_2752,user2752@gmail.com,39,UK,2687
2753,Customer_2753,user2753@gmail.com,20,USA,1740
2754,Customer_2754,user2754@gmail.com,46,UK,3575
2755,Customer_2755,user2755@gmail.com,70,USA,1909
2756,Customer_2756,user2756@gmail.com,40,UK,936
2757,Customer_2757,user2757@gmail.com,30,India,2218
2758,Customer_2758,user2758@gmail.com,33,UK,3412
2759,Customer_2759,user2759@gmail.com,39,USA,1464
2760,Customer_2760,user2760@gmail.com,69,UK,2783
2761,Customer_2761,user2761@gmail.com,31,USA,3620
2762,Customer_2762,user2762@gmail.com,18,UK,1949
2763,Customer_2763,user2763@gmail.com,40,UK,4009
2764,Customer_2764,user2764@gmail.com,48,USA,4119
2765,Customer_2765,user2765@gmail.com,38,UK,1044
2766,Customer_2766,user2766@gmail.com,56,UK,3644
2767,Customer_2767,user2767@gmail.com,26,UK,926
2768,Customer_2768,user2768@gmail.com,35,UK,1988
2769,Customer_2769,user2769@gmail.com,58,India,2431
2770,Customer_2770,user2770@gmail.com,50,India,3756
2771,Customer_2771,user2771@gmail.com,63,USA,2034
2772,Customer_2772,user2772@gmail.com,47,UK,2849
2773,Customer_2773,user2773@gmail.com,64,UK,728
2774,Customer_2774,user2774@gmail.com,21,India,2531
2775,Customer_2775,user2775@gmail.com,54,UK,4919
2776,Customer_2776,user2776@gmail.com,27,USA,2713
2777,Customer_2777,user2777@gmail.com,49,USA,3372
2778,Customer_2778,user2778@gmail.com,29,USA,3394
2779,Customer_2779,user2779@gmail.com,47,UK,3655
2780,Customer_2780,user2780@gmail.com,39,UK,3485
2781,Customer_2781,user2781@gmail.com,59,USA,3948
2782,Customer_2782,user2782@gmail.com,66,India,2425
2783,Customer_2783,user2783@gmail.com,55,UK,4259
2784,Customer_2784,user2784@gmail.com,66,USA,2709
2785,Customer_2785,user2785@gmail.com,63,India,3029
2786,Customer_2786,user2786@gmail.com,34,USA,517
2787,Customer_2787,user2787@gmail.com,19,USA,4641
2788,Customer_2788,user2788@gmail.com,21,USA,377
2789,Customer_2789,user2789@gmail.com,21,UK,4451
2790,Customer_2790,user2790@gmail.com,27,USA,3937
2791,Customer_2791,user2791@gmail.com,49,UK,1248
2792,Customer_2792,user2792@gmail.com,28,USA,4997
2793,Customer_2793,user2793@gmail.com,42,India,1151
2794,Customer_2794,user2794@gmail.com,43,India,2343
2795,Customer_2795,user2795@gmail.com,65,UK,2406
2796,Customer_2796,user2796@gmail.com,68,India,4688
2797,Customer_2797,user2797@gmail.com,29,UK,2033
2798,Customer_2798,user2798@gmail.com,30,UK,3721
2799,Customer_2799,user2799@gmail.com,34,UK,2315
2800,Customer_2800,user2800@gmail.com,46,UK,4157
2801,Customer_2801,user2801@gmail.com,40,India,1907
2802,Customer_2802,user2802@gmail.com,65,USA,4846
2803,Customer_2803,user2803@gmail.com,51,UK,4899
2804,Customer_2804,user2804@gmail.com,34,USA,3975
2805,Customer_2805,user2805@gmail.com,39,India,360
2806,Customer_2806,user2806@gmail.com,55,USA,688
2807,Customer_2807,user2807@gmail.com,47,UK,3861
2808,Customer_2808,user2808@gmail.com,49,UK,1066
2809,Customer_2809,user2809@gmail.com,65,UK,1824
2810,Customer_2810,user2810@gmail.com,61,India,1546
2811,Customer_2811,user2811@gmail.com,50,UK,2238
2812,Customer_2812,user2812@gmail.com,54,India,1776
2813,Customer_2813,user2813@gmail.com,18,India,4902
2814,Customer_2814,user2814@gmail.com,51,UK,761
2815,Customer_2815,user2815@gmail.com,18,USA,1539
2816,Customer_2816,user2816@gmail.com,38,USA,2896
2817,Customer_2817,user2817@gmail.com,20,UK,2166
2818,Customer_2818,user2818@gmail.com,25,India,2129
2819,Customer_2819,user2819@gmail.com,55,USA,1515
2820,Customer_2820,user2820@gmail.com,55,India,4836
2821,Customer_2821,user2821@gmail.com,62,USA,3273
2822,Customer_2822,user2822@gmail.com,46,UK,3877
2823,Customer_2823,user2823@gmail.com,56,UK,858
2824,Customer_2824,user2824@gmail.com,38,UK,2708
2825,Customer_2825,user2825@gmail.com,20,India,618
2826,Customer_2826,user2826@gmail.com,38,UK,1128
2827,Customer_2827,user2827@gmail.com,39,USA,3764
2828,Customer_2828,user2828@gmail.com,51,UK,1472
2829,Customer_2829,user2829@gmail.com,37,USA,3733
2830,Customer_2830,user2830@gmail.com,33,USA,2714
2831,Customer_2831,user2831@gmail.com,49,USA,4387
2832,Customer_2832,user2832@gmail.com,64,India,4542
2833,Customer_2833,user2833@gmail.com,67,UK,3778
2834,Customer_2834,user2834@gmail.com,32,UK,3576
2835,Customer_2835,user2835@gmail.com,56,UK,2320
2836,Customer_2836,user2836@gmail.com,29,UK,2597
2837,Customer_2837,user2837@gmail.com,25,UK,4287
2838,Customer_2838,user2838@gmail.com,21,USA,2966
2839,Customer_2839,user2839@gmail.com,34,UK,252
2840,Customer_2840,user2840@gmail.com,22,UK,793
2841,Customer_2841,user2841@gmail.com,26,UK,3772
2842,Customer_2842,user2842@gmail.com,61,UK,4342
2843,Customer_2843,user2843@gmail.com,27,India,3756
2844,Customer_2844,user2844@gmail.com,22,UK,4247
2845,Customer_2845,user2845@gmail.com,60,India,3234
2846,Customer_2846,user2846@gmail.com,68,USA,3684
2847,Customer_2847,user2847@gmail.com,66,UK,1467
2848,Customer_2848,user2848@gmail.com,66,India,3719
2849,Customer_2849,user2849@gmail.com,23,India,3598
2850,Customer_2850,user2850@gmail.com,59,UK,473
2851,Customer_2851,user2851@gmail.com,49,UK,4699
2852,Customer_2852,user2852@gmail.com,48,India,349
2853,Customer_2853,user2853@gmail.com,70,India,3489
2854,Customer_2854,user2854@gmail.com,68,UK,4838
2855,Customer_2855,user2855@gmail.com,20,India,3048
2856,Customer_2856,user2856@gmail.com,44,India,4178
2857,Customer_2857,user2857@gmail.com,38,USA,2215
2858,Customer_2858,user2858@gmail.com,60,UK,4527
2859,Customer_2859,user2859@gmail.com,64,USA,3642
2860,Customer_2860,user2860@gmail.com,33,India,1486
2861,Customer_2861,user2861@gmail.com,34,USA,3140
2862,Customer_2862,user2862@gmail.com,54,India,1634
2863,Customer_2863,user2863@gmail.com,49,USA,354
2864,Customer_2864,user2864@gmail.com,37,USA,2725
2865,Customer_2865,user2865@gmail.com,49,UK,1628
2866,Customer_2866,user2866@gmail.com,30,UK,4237
2867,Customer_2867,user2867@gmail.com,32,USA,3966
2868,Customer_2868,user2868@gmail.com,34,India,4817
2869,Customer_2869,user2869@gmail.com,66,UK,3640
2870,Customer_2870,user2870@gmail.com,47,India,2494
2871,Customer_2871,user2871@gmail.com,45,India,251
2872,Customer_2872,user2872@gmail.com,37,UK,1514
2873,Customer_2873,user2873@gmail.com,50,India,652
2874,Customer_2874,user2874@gmail.com,53,India,1939
2875,Customer_2875,user2875@gmail.com,32,UK,4061
2876,Customer_2876,user2876@gmail.com,25,India,1731
2877,Customer_2877,user2877@gmail.com,56,India,4020
2878,Customer_2878,user2878@gmail.com,45,India,2654
2879,Customer_2879,user2879@gmail.com,50,USA,4796
2880,Customer_2880,user2880@gmail.com,70,India,850
2881,Customer_2881,user2881@gmail.com,69,USA,314
2882,Customer_2882,user2882@gmail.com,56,UK,2073
2883,Customer_2883,user2883@gmail.com,61,USA,2949
2884,Customer_2884,user2884@gmail.com,21,USA,465
2885,Customer_2885,user2885@gmail.com,57,UK,3024
2886,Customer_2886,user2886@gmail.com,69,USA,4845
2887,Customer_2887,user2887@gmail.com,60,India,1370
2888,Customer_2888,user2888@gmail.com,64,USA,2780
2889,Customer_2889,user2889@gmail.com,66,USA,4348
2890,Customer_2890,user2890@gmail.com,38,UK,2836
2891,Customer_2891,user2891@gmail.com,23,UK,606
2892,Customer_2892,user2892@gmail.com,21,UK,108
2893,Customer_2893,user2893@gmail.com,34,USA,3097
2894,Customer_2894,user2894@gmail.com,41,UK,4342
2895,Customer_2895,user2895@gmail.com,28,India,2742
2896,Customer_2896,user2896@gmail.com,65,USA,3567
2897,Customer_2897,user2897@gmail.com,35,India,1841
2898,Customer_2898,user2898@gmail.com,18,UK,2330
2899,Customer_2899,user2899@gmail.com,65,UK,2369
2900,Customer_2900,user2900@gmail.com,37,UK,4748
2901,Customer_2901,user2901@gmail.com,23,USA,754
2902,Customer_2902,user2902@gmail.com,68,UK,4300
2903,Customer_2903,user2903@gmail.com,40,UK,2881
2904,Customer_2904,user2904@gmail.com,44,USA,2005
2905,Customer_2905,user2905@gmail.com,67,USA,1773
2906,Customer_2906,user2906@gmail.com,52,USA,2580
2907,Customer_2907,user2907@gmail.com,68,USA,3346
2908,Customer_2908,user2908@gmail.com,69,India,2478
2909,Customer_2909,user2909@gmail.com,23,USA,3676
2910,Customer_2910,user2910@gmail.com,40,USA,3273
2911,Customer_2911,user2911@gmail.com,26,USA,4522
2912,Customer_2912,user2912@gmail.com,47,India,379
2913,Customer_2913,user2913@gmail.com,26,USA,2944
2914,Customer_2914,user2914@gmail.com,20,UK,705
2915,Customer_2915,user2915@gmail.com,25,India,3071
2916,Customer_2916,user2916@gmail.com,60,USA,2714
2917,Customer_2917,user2917@gmail.com,61,USA,671
2918,Customer_2918,user2918@gmail.com,61,USA,846
2919,Customer_2919,user2919@gmail.com,40,UK,876
2920,Customer_2920,user2920@gmail.com,53,India,2705
2921,Customer_2921,user2921@gmail.com,23,UK,1104
2922,Customer_2922,user2922@gmail.com,20,USA,2282
2923,Customer_2923,user2923@gmail.com,44,UK,385
2924,Customer_2924,user2924@gmail.com,57,India,4182
2925,Customer_2925,user2925@gmail.com,59,UK,1431
2926,Customer_2926,user2926@gmail.com,51,USA,427
2927,Customer_2927,user2927@gmail.com,19,UK,636
2928,Customer_2928,user2928@gmail.com,54,USA,1406
2929,Customer_2929,user2929@gmail.com,46,USA,4722
2930,Customer_2930,user2930@gmail.com,40,India,4332
2931,Customer_2931,user2931@gmail.com,50,USA,4050
2932,Customer_2932,user2932@gmail.com,30,UK,895
2933,Customer_2933,user2933@gmail.com,57,India,336
2934,Customer_2934,user2934@gmail.com,50,USA,1557
2935,Customer_2935,user2935@gmail.com,34,India,1768
2936,Customer_2936,user2936@gmail.com,47,UK,4149
2937,Customer_2937,user2937@gmail.com,40,UK,1818
2938,Customer_2938,user2938@gmail.com,23,India,2940
2939,Customer_2939,user2939@gmail.com,40,UK,4048
2940,Customer_2940,user2940@gmail.com,33,USA,1758
2941,Customer_2941,user2941@gmail.com,20,USA,4561
2942,Customer_2942,user2942@gmail.com,20,USA,124
2943,Customer_2943,user2943@gmail.com,32,UK,2671
2944,Customer_2944,user2944@gmail.com,51,USA,1685
2945,Customer_2945,user2945@gmail.com,69,India,1057
2946,Customer_2946,user2946@gmail.com,56,India,2382
2947,Customer_2947,user2947@gmail.com,61,India,4506
2948,Customer_2948,user2948@gmail.com,55,USA,3527
2949,Customer_2949,user2949@gmail.com,25,USA,1536
2950,Customer_2950,user2950@gmail.com,68,India,205
2951,Customer_2951,user2951@gmail.com,56,UK,1675
2952,Customer_2952,user2952@gmail.com,33,India,2330
2953,Customer_2953,user2953@gmail.com,18,USA,2242
2954,Customer_2954,user2954@gmail.com,18,UK,3151
2955,Customer_2955,user2955@gmail.com,52,UK,2676
2956,Customer_2956,user2956@gmail.com,20,UK,4757
2957,Customer_2957,user2957@gmail.com,51,USA,3715
2958,Customer_2958,user2958@gmail.com,64,UK,919
2959,Customer_2959,user2959@gmail.com,45,UK,2651
2960,Customer_2960,user2960@gmail.com,52,UK,2603
2961,Customer_2961,user2961@gmail.com,24,India,1269
2962,Customer_2962,user2962@gmail.com,36,UK,1496
2963,Customer_2963,user2963@gmail.com,69,USA,2510
2964,Customer_2964,user2964@gmail.com,35,USA,1106
2965,Customer_2965,user2965@gmail.com,23,India,2552
2966,Customer_2966,user2966@gmail.com,32,USA,2518
2967,Customer_2967,user2967@gmail.com,49,India,1448
2968,Customer_2968,user2968@gmail.com,42,USA,1173
2969,Customer_2969,user2969@gmail.com,68,UK,2656
2970,Customer_2970,user2970@gmail.com,63,USA,1691
2971,Customer_2971,user2971@gmail.com,46,USA,3840
2972,Customer_2972,user2972@gmail.com,45,USA,648
2973,Customer_2973,user2973@gmail.com,23,UK,1442
2974,Customer_2974,user2974@gmail.com,19,India,3335
2975,Customer_2975,user2975@gmail.com,31,India,1460
2976,Customer_2976,user2976@gmail.com,29,USA,350
2977,Customer_2977,user2977@gmail.com,34,UK,3127
2978,Customer_2978,user2978@gmail.com,36,India,2816
2979,Customer_2979,user2979@gmail.com,26,UK,1125
2980,Customer_2980,user2980@gmail.com,66,India,1557
2981,Customer_2981,user2981@gmail.com,26,USA,1368
2982,Customer_2982,user2982@gmail.com,66,USA,3937
2983,Customer_2983,user2983@gmail.com,67,USA,1709
2984,Customer_2984,user2984@gmail.com,23,UK,4609
2985,Customer_2985,user2985@gmail.com,53,UK,278
2986,Customer_2986,user2986@gmail.com,43,India,1383
2987,Customer_2987,user2987@gmail.com,59,UK,651
2988,Customer_2988,user2988@gmail.com,27,India,1636
2989,Customer_2989,user2989@gmail.com,23,India,2292
2990,Customer_2990,user2990@gmail.com,18,India,828
2991,Customer_2991,user2991@gmail.com,50,USA,4421
2992,Customer_2992,user2992@gmail.com,52,India,3509
2993,Customer_2993,user2993@gmail.com,58,USA,3146
2994,Customer_2994,user2994@gmail.com,29,UK,1142
2995,Customer_2995,user2995@gmail.com,50,UK,2540
2996,Customer_2996,user2996@gmail.com,40,UK,1593
2997,Customer_2997,user2997@gmail.com,40,India,1702
2998,Customer_2998,user2998@gmail.com,68,USA,1747
2999,Customer_2999,user2999@gmail.com,38,India,4703
3000,Customer_3000,user3000@gmail.com,57,India,1301
3001,Customer_3001,user3001@gmail.com,63,USA,3905
3002,Customer_3002,user3002@gmail.com,20,India,3430
3003,Customer_3003,user3003@gmail.com,41,UK,4018
3004,Customer_3004,user3004@gmail.com,25,India,3238
3005,Customer_3005,user3005@gmail.com,54,USA,2067
3006,Customer_3006,user3006@gmail.com,35,UK,2205
3007,Customer_3007,user3007@gmail.com,64,India,2508
3008,Customer_3008,user3008@gmail.com,44,UK,4783
3009,Customer_3009,user3009@gmail.com,65,UK,3307
3010,Customer_3010,user3010@gmail.com,36,USA,4044
3011,Customer_3011,user3011@gmail.com,22,India,4688
3012,Customer_3012,user3012@gmail.com,57,USA,536
3013,Customer_3013,user3013@gmail.com,44,India,3303
3014,Customer_3014,user3014@gmail.com,41,UK,127
3015,Customer_3015,user3015@gmail.com,18,UK,2044
3016,Customer_3016,user3016@gmail.com,61,India,1671
3017,Customer_3017,user3017@gmail.com,56,UK,4732
3018,Customer_3018,user3018@gmail.com,31,USA,3206
3019,Customer_3019,user3019@gmail.com,70,USA,4235
3020,Customer_3020,user3020@gmail.com,40,USA,2745
3021,Customer_3021,user3021@gmail.com,45,UK,4670
3022,Customer_3022,user3022@gmail.com,24,India,1787
3023,Customer_3023,user3023@gmail.com,49,UK,630
3024,Customer_3024,user3024@gmail.com,58,India,3679
3025,Customer_3025,user3025@gmail.com,69,USA,502
3026,Customer_3026,user3026@gmail.com,57,India,3606
3027,Customer_3027,user3027@gmail.com,25,UK,2374
3028,Customer_3028,user3028@gmail.com,44,UK,1664
3029,Customer_3029,user3029@gmail.com,35,India,2644
3030,Customer_3030,user3030@gmail.com,29,USA,4723
3031,Customer_3031,user3031@gmail.com,23,India,4992
3032,Customer_3032,user3032@gmail.com,60,USA,4223
3033,Customer_3033,user3033@gmail.com,64,India,4968
3034,Customer_3034,user3034@gmail.com,59,India,2234
3035,Customer_3035,user3035@gmail.com,36,UK,2773
3036,Customer_3036,user3036@gmail.com,19,UK,4228
3037,Customer_3037,user3037@gmail.com,50,India,3766
3038,Customer_3038,user3038@gmail.com,40,India,1958
3039,Customer_3039,user3039@gmail.com,30,UK,612
3040,Customer_3040,user3040@gmail.com,45,USA,545
3041,Customer_3041,user3041@gmail.com,60,India,2682
3042,Customer_3042,user3042@gmail.com,38,USA,4545
3043,Customer_3043,user3043@gmail.com,68,UK,1788
3044,Customer_3044,user3044@gmail.com,47,UK,3690
3045,Customer_3045,user3045@gmail.com,66,UK,587
3046,Customer_3046,user3046@gmail.com,42,India,4989
3047,Customer_3047,user3047@gmail.com,40,UK,4733
3048,Customer_3048,user3048@gmail.com,23,UK,3946
3049,Customer_3049,user3049@gmail.com,49,UK,1464
3050,Customer_3050,user3050@gmail.com,35,UK,2932
3051,Customer_3051,user3051@gmail.com,65,India,1734
3052,Customer_3052,user3052@gmail.com,29,India,4626
3053,Customer_3053,user3053@gmail.com,28,India,3008
3054,Customer_3054,user3054@gmail.com,70,India,4710
3055,Customer_3055,user3055@gmail.com,29,USA,2386
3056,Customer_3056,user3056@gmail.com,52,USA,3620
3057,Customer_3057,user3057@gmail.com,30,India,1796
3058,Customer_3058,user3058@gmail.com,18,UK,4965
3059,Customer_3059,user3059@gmail.com,41,USA,3537
3060,Customer_3060,user3060@gmail.com,61,USA,4283
3061,Customer_3061,user3061@gmail.com,54,UK,1512
3062,Customer_3062,user3062@gmail.com,56,UK,2243
3063,Customer_3063,user3063@gmail.com,42,UK,2087
3064,Customer_3064,user3064@gmail.com,52,UK,2953
3065,Customer_3065,user3065@gmail.com,53,USA,886
3066,Customer_3066,user3066@gmail.com,32,India,2328
3067,Customer_3067,user3067@gmail.com,23,USA,463
3068,Customer_3068,user3068@gmail.com,34,USA,3488
3069,Customer_3069,user3069@gmail.com,31,India,631
3070,Customer_3070,user3070@gmail.com,52,USA,4658
3071,Customer_3071,user3071@gmail.com,70,India,4953
3072,Customer_3072,user3072@gmail.com,18,UK,1047
3073,Customer_3073,user3073@gmail.com,54,USA,4071
3074,Customer_3074,user3074@gmail.com,66,UK,4642
3075,Customer_3075,user3075@gmail.com,40,UK,4665
3076,Customer_3076,user3076@gmail.com,50,India,3635
3077,Customer_3077,user3077@gmail.com,34,India,3729
3078,Customer_3078,user3078@gmail.com,47,USA,3964
3079,Customer_3079,user3079@gmail.com,59,India,4239
3080,Customer_3080,user3080@gmail.com,46,USA,1247
3081,Customer_3081,user3081@gmail.com,48,USA,2228
3082,Customer_3082,user3082@gmail.com,37,USA,1459
3083,Customer_3083,user3083@gmail.com,61,India,4264
3084,Customer_3084,user3084@gmail.com,53,UK,3326
3085,Customer_3085,user3085@gmail.com,61,UK,2363
3086,Customer_3086,user3086@gmail.com,46,India,3331
3087,Customer_3087,user3087@gmail.com,63,India,4805
3088,Customer_3088,user3088@gmail.com,38,UK,895
3089,Customer_3089,user3089@gmail.com,55,India,3732
3090,Customer_3090,user3090@gmail.com,49,India,3054
3091,Customer_3091,user3091@gmail.com,53,USA,3757
3092,Customer_3092,user3092@gmail.com,48,UK,1803
3093,Customer_3093,user3093@gmail.com,70,India,755
3094,Customer_3094,user3094@gmail.com,52,UK,3061
3095,Customer_3095,user3095@gmail.com,49,UK,1678
3096,Customer_3096,user3096@gmail.com,59,UK,1572
3097,Customer_3097,user3097@gmail.com,31,UK,1584
3098,Customer_3098,user3098@gmail.com,39,UK,3311
3099,Customer_3099,user3099@gmail.com,64,USA,2749
3100,Customer_3100,user3100@gmail.com,59,UK,3519
3101,Customer_3101,user3101@gmail.com,20,USA,1122
3102,Customer_3102,user3102@gmail.com,23,UK,519
3103,Customer_3103,user3103@gmail.com,57,UK,2720
3104,Customer_3104,user3104@gmail.com,19,USA,1193
3105,Customer_3105,user3105@gmail.com,22,USA,171
3106,Customer_3106,user3106@gmail.com,22,India,2342
3107,Customer_3107,user3107@gmail.com,63,India,3387
3108,Customer_3108,user3108@gmail.com,54,USA,4541
3109,Customer_3109,user3109@gmail.com,62,UK,2303
3110,Customer_3110,user3110@gmail.com,61,UK,2649
3111,Customer_3111,user3111@gmail.com,49,UK,4406
3112,Customer_3112,user3112@gmail.com,60,USA,1429
3113,Customer_3113,user3113@gmail.com,39,UK,3904
3114,Customer_3114,user3114@gmail.com,49,India,2657
3115,Customer_3115,user3115@gmail.com,45,USA,3699
3116,Customer_3116,user3116@gmail.com,45,UK,1244
3117,Customer_3117,user3117@gmail.com,66,USA,2912
3118,Customer_3118,user3118@gmail.com,30,India,3834
3119,Customer_3119,user3119@gmail.com,69,India,4069
3120,Customer_3120,user3120@gmail.com,64,USA,4909
3121,Customer_3121,user3121@gmail.com,62,USA,1650
3122,Customer_3122,user3122@gmail.com,64,UK,104
3123,Customer_3123,user3123@gmail.com,20,USA,1076
3124,Customer_3124,user3124@gmail.com,23,USA,477
3125,Customer_3125,user3125@gmail.com,47,India,4593
3126,Customer_3126,user3126@gmail.com,54,USA,2020
3127,Customer_3127,user3127@gmail.com,58,India,4581
3128,Customer_3128,user3128@gmail.com,47,UK,730
3129,Customer_3129,user3129@gmail.com,33,USA,4387
3130,Customer_3130,user3130@gmail.com,56,UK,518
3131,Customer_3131,user3131@gmail.com,40,UK,1256
3132,Customer_3132,user3132@gmail.com,68,India,1319
3133,Customer_3133,user3133@gmail.com,32,UK,173
3134,Customer_3134,user3134@gmail.com,26,UK,3408
3135,Customer_3135,user3135@gmail.com,66,India,2776
3136,Customer_3136,user3136@gmail.com,19,UK,4983
3137,Customer_3137,user3137@gmail.com,37,USA,1593
3138,Customer_3138,user3138@gmail.com,63,UK,4209
3139,Customer_3139,user3139@gmail.com,21,USA,3570
3140,Customer_3140,user3140@gmail.com,58,USA,3151
3141,Customer_3141,user3141@gmail.com,42,India,1108
3142,Customer_3142,user3142@gmail.com,38,USA,4903
3143,Customer_3143,user3143@gmail.com,26,UK,4296
3144,Customer_3144,user3144@gmail.com,56,India,1562
3145,Customer_3145,user3145@gmail.com,49,USA,3936
3146,Customer_3146,user3146@gmail.com,28,India,2561
3147,Customer_3147,user3147@gmail.com,33,USA,4648
3148,Customer_3148,user3148@gmail.com,64,India,1419
3149,Customer_3149,user3149@gmail.com,29,UK,331
3150,Customer_3150,user3150@gmail.com,62,USA,1751
3151,Customer_3151,user3151@gmail.com,46,USA,1825
3152,Customer_3152,user3152@gmail.com,26,India,1455
3153,Customer_3153,user3153@gmail.com,23,USA,4371
3154,Customer_3154,user3154@gmail.com,65,UK,125
3155,Customer_3155,user3155@gmail.com,49,USA,4056
3156,Customer_3156,user3156@gmail.com,56,USA,2164
3157,Customer_3157,user3157@gmail.com,51,USA,1435
3158,Customer_3158,user3158@gmail.com,29,USA,4861
3159,Customer_3159,user3159@gmail.com,28,India,2096
3160,Customer_3160,user3160@gmail.com,44,UK,2804
3161,Customer_3161,user3161@gmail.com,29,USA,3174
3162,Customer_3162,user3162@gmail.com,56,USA,2420
3163,Customer_3163,user3163@gmail.com,60,India,3665
3164,Customer_3164,user3164@gmail.com,53,India,1204
3165,Customer_3165,user3165@gmail.com,30,UK,887
3166,Customer_3166,user3166@gmail.com,63,India,1330
3167,Customer_3167,user3167@gmail.com,40,USA,2985
3168,Customer_3168,user3168@gmail.com,34,USA,4214
3169,Customer_3169,user3169@gmail.com,28,USA,1648
3170,Customer_3170,user3170@gmail.com,62,USA,797
3171,Customer_3171,user3171@gmail.com,53,UK,4446
3172,Customer_3172,user3172@gmail.com,48,UK,3882
3173,Customer_3173,user3173@gmail.com,48,UK,4875
3174,Customer_3174,user3174@gmail.com,60,India,2094
3175,Customer_3175,user3175@gmail.com,45,USA,3670
3176,Customer_3176,user3176@gmail.com,61,India,1289
3177,Customer_3177,user3177@gmail.com,45,UK,2252
3178,Customer_3178,user3178@gmail.com,41,India,2467
3179,Customer_3179,user3179@gmail.com,23,UK,1653
3180,Customer_3180,user3180@gmail.com,64,UK,1092
3181,Customer_3181,user3181@gmail.com,39,UK,3537
3182,Customer_3182,user3182@gmail.com,51,USA,903
3183,Customer_3183,user3183@gmail.com,39,USA,4224
3184,Customer_3184,user3184@gmail.com,22,India,2345
3185,Customer_3185,user3185@gmail.com,28,India,4190
3186,Customer_3186,user3186@gmail.com,69,USA,804
3187,Customer_3187,user3187@gmail.com,53,UK,594
3188,Customer_3188,user3188@gmail.com,36,UK,4274
3189,Customer_3189,user3189@gmail.com,25,USA,4691
3190,Customer_3190,user3190@gmail.com,26,UK,3143
3191,Customer_3191,user3191@gmail.com,27,India,1935
3192,Customer_3192,user3192@gmail.com,19,India,2537
3193,Customer_3193,user3193@gmail.com,60,India,4403
3194,Customer_3194,user3194@gmail.com,34,UK,3945
3195,Customer_3195,user3195@gmail.com,65,India,1252
3196,Customer_3196,user3196@gmail.com,31,India,2029
3197,Customer_3197,user3197@gmail.com,66,UK,3807
3198,Customer_3198,user3198@gmail.com,29,UK,3650
3199,Customer_3199,user3199@gmail.com,44,USA,161
3200,Customer_3200,user3200@gmail.com,35,USA,3210
3201,Customer_3201,user3201@gmail.com,53,UK,898
3202,Customer_3202,user3202@gmail.com,41,USA,4477
3203,Customer_3203,user3203@gmail.com,21,India,4893
3204,Customer_3204,user3204@gmail.com,42,UK,4046
3205,Customer_3205,user3205@gmail.com,22,USA,4029
3206,Customer_3206,user3206@gmail.com,20,India,3229
3207,Customer_3207,user3207@gmail.com,51,India,722
3208,Customer_3208,user3208@gmail.com,20,India,958
3209,Customer_3209,user3209@gmail.com,50,UK,151
3210,Customer_3210,user3210@gmail.com,31,USA,4610
3211,Customer_3211,user3211@gmail.com,44,USA,1674
3212,Customer_3212,user3212@gmail.com,30,UK,4801
3213,Customer_3213,user3213@gmail.com,67,India,4376
3214,Customer_3214,user3214@gmail.com,57,India,3708
3215,Customer_3215,user3215@gmail.com,27,USA,2869
3216,Customer_3216,user3216@gmail.com,24,USA,505
3217,Customer_3217,user3217@gmail.com,24,UK,3636
3218,Customer_3218,user3218@gmail.com,61,India,1415
3219,Customer_3219,user3219@gmail.com,32,UK,1533
3220,Customer_3220,user3220@gmail.com,32,India,1768
3221,Customer_3221,user3221@gmail.com,56,India,3470
3222,Customer_3222,user3222@gmail.com,35,India,3007
3223,Customer_3223,user3223@gmail.com,38,UK,3341
3224,Customer_3224,user3224@gmail.com,62,India,2780
3225,Customer_3225,user3225@gmail.com,31,India,4385
3226,Customer_3226,user3226@gmail.com,20,India,1692
3227,Customer_3227,user3227@gmail.com,28,USA,3796
3228,Customer_3228,user3228@gmail.com,28,UK,2398
3229,Customer_3229,user3229@gmail.com,30,USA,595
3230,Customer_3230,user3230@gmail.com,29,India,1470
3231,Customer_3231,user3231@gmail.com,22,UK,198
3232,Customer_3232,user3232@gmail.com,23,India,3681
3233,Customer_3233,user3233@gmail.com,55,India,2001
3234,Customer_3234,user3234@gmail.com,23,UK,4037
3235,Customer_3235,user3235@gmail.com,68,UK,4527
3236,Customer_3236,user3236@gmail.com,44,India,4819
3237,Customer_3237,user3237@gmail.com,69,UK,603
3238,Customer_3238,user3238@gmail.com,67,USA,4073
3239,Customer_3239,user3239@gmail.com,19,India,2494
3240,Customer_3240,user3240@gmail.com,55,UK,1088
3241,Customer_3241,user3241@gmail.com,65,India,4508
3242,Customer_3242,user3242@gmail.com,47,UK,1575
3243,Customer_3243,user3243@gmail.com,69,USA,1723
3244,Customer_3244,user3244@gmail.com,57,USA,3312
3245,Customer_3245,user3245@gmail.com,53,India,3492
3246,Customer_3246,user3246@gmail.com,62,India,1137
3247,Customer_3247,user3247@gmail.com,25,USA,709
3248,Customer_3248,user3248@gmail.com,69,UK,3302
3249,Customer_3249,user3249@gmail.com,38,UK,2853
3250,Customer_3250,user3250@gmail.com,55,India,4135
3251,Customer_3251,user3251@gmail.com,48,UK,4148
3252,Customer_3252,user3252@gmail.com,64,UK,2620
3253,Customer_3253,user3253@gmail.com,66,USA,3005
3254,Customer_3254,user3254@gmail.com,58,India,1288
3255,Customer_3255,user3255@gmail.com,19,India,995
3256,Customer_3256,user3256@gmail.com,41,India,4828
3257,Customer_3257,user3257@gmail.com,43,UK,1590
3258,Customer_3258,user3258@gmail.com,50,UK,1694
3259,Customer_3259,user3259@gmail.com,48,USA,3241
3260,Customer_3260,user3260@gmail.com,67,USA,3096
3261,Customer_3261,user3261@gmail.com,47,USA,1730
3262,Customer_3262,user3262@gmail.com,62,India,920
3263,Customer_3263,user3263@gmail.com,65,USA,1576
3264,Customer_3264,user3264@gmail.com,56,USA,158
3265,Customer_3265,user3265@gmail.com,54,UK,216
3266,Customer_3266,user3266@gmail.com,70,India,3241
3267,Customer_3267,user3267@gmail.com,59,India,1453
3268,Customer_3268,user3268@gmail.com,48,USA,2911
3269,Customer_3269,user3269@gmail.com,21,USA,2652
3270,Customer_3270,user3270@gmail.com,60,India,2917
3271,Customer_3271,user3271@gmail.com,50,USA,1178
3272,Customer_3272,user3272@gmail.com,26,India,4176
3273,Customer_3273,user3273@gmail.com,42,India,483
3274,Customer_3274,user3274@gmail.com,42,UK,3365
3275,Customer_3275,user3275@gmail.com,70,India,3097
3276,Customer_3276,user3276@gmail.com,24,UK,4084
3277,Customer_3277,user3277@gmail.com,24,USA,3151
3278,Customer_3278,user3278@gmail.com,50,UK,1105
3279,Customer_3279,user3279@gmail.com,21,UK,381
3280,Customer_3280,user3280@gmail.com,53,USA,505
3281,Customer_3281,user3281@gmail.com,57,India,1382
3282,Customer_3282,user3282@gmail.com,30,India,4628
3283,Customer_3283,user3283@gmail.com,34,USA,3306
3284,Customer_3284,user3284@gmail.com,25,UK,4260
3285,Customer_3285,user3285@gmail.com,44,UK,2193
3286,Customer_3286,user3286@gmail.com,20,UK,2386
3287,Customer_3287,user3287@gmail.com,69,UK,4735
3288,Customer_3288,user3288@gmail.com,30,India,2550
3289,Customer_3289,user3289@gmail.com,36,UK,3575
3290,Customer_3290,user3290@gmail.com,40,UK,622
3291,Customer_3291,user3291@gmail.com,51,USA,1538
3292,Customer_3292,user3292@gmail.com,20,UK,1960
3293,Customer_3293,user3293@gmail.com,51,India,4814
3294,Customer_3294,user3294@gmail.com,31,USA,776
3295,Customer_3295,user3295@gmail.com,24,UK,3749
3296,Customer_3296,user3296@gmail.com,23,India,1687
3297,Customer_3297,user3297@gmail.com,47,India,3965
3298,Customer_3298,user3298@gmail.com,57,UK,1752
3299,Customer_3299,user3299@gmail.com,45,India,2563
3300,Customer_3300,user3300@gmail.com,19,India,3245
3301,Customer_3301,user3301@gmail.com,23,UK,2610
3302,Customer_3302,user3302@gmail.com,63,USA,3117
3303,Customer_3303,user3303@gmail.com,26,India,1957
3304,Customer_3304,user3304@gmail.com,35,UK,290
3305,Customer_3305,user3305@gmail.com,50,UK,4600
3306,Customer_3306,user3306@gmail.com,66,India,1215
3307,Customer_3307,user3307@gmail.com,47,UK,251
3308,Customer_3308,user3308@gmail.com,35,USA,2092
3309,Customer_3309,user3309@gmail.com,47,USA,3832
3310,Customer_3310,user3310@gmail.com,24,India,4360
3311,Customer_3311,user3311@gmail.com,46,India,3644
3312,Customer_3312,user3312@gmail.com,65,UK,3062
3313,Customer_3313,user3313@gmail.com,27,USA,647
3314,Customer_3314,user3314@gmail.com,36,India,4813
3315,Customer_3315,user3315@gmail.com,26,UK,3791
3316,Customer_3316,user3316@gmail.com,32,UK,406
3317,Customer_3317,user3317@gmail.com,39,USA,3536
3318,Customer_3318,user3318@gmail.com,24,UK,3670
3319,Customer_3319,user3319@gmail.com,60,USA,731
3320,Customer_3320,user3320@gmail.com,28,USA,670
3321,Customer_3321,user3321@gmail.com,61,UK,585
3322,Customer_3322,user3322@gmail.com,38,UK,266
3323,Customer_3323,user3323@gmail.com,44,USA,4845
3324,Customer_3324,user3324@gmail.com,23,USA,235
3325,Customer_3325,user3325@gmail.com,52,USA,3460
3326,Customer_3326,user3326@gmail.com,62,USA,2761
3327,Customer_3327,user3327@gmail.com,21,UK,1841
3328,Customer_3328,user3328@gmail.com,47,India,974
3329,Customer_3329,user3329@gmail.com,69,India,1787
3330,Customer_3330,user3330@gmail.com,40,UK,4614
3331,Customer_3331,user3331@gmail.com,38,USA,1770
3332,Customer_3332,user3332@gmail.com,45,UK,2999
3333,Customer_3333,user3333@gmail.com,45,UK,3908
3334,Customer_3334,user3334@gmail.com,37,UK,3998
3335,Customer_3335,user3335@gmail.com,23,UK,4064
3336,Customer_3336,user3336@gmail.com,59,India,2412
3337,Customer_3337,user3337@gmail.com,68,USA,2957
3338,Customer_3338,user3338@gmail.com,27,India,3005
3339,Customer_3339,user3339@gmail.com,31,USA,3657
3340,Customer_3340,user3340@gmail.com,19,UK,4019
3341,Customer_3341,user3341@gmail.com,31,India,2796
3342,Customer_3342,user3342@gmail.com,23,UK,609
3343,Customer_3343,user3343@gmail.com,18,India,3679
3344,Customer_3344,user3344@gmail.com,69,India,964
3345,Customer_3345,user3345@gmail.com,40,USA,4185
3346,Customer_3346,user3346@gmail.com,26,UK,2411
3347,Customer_3347,user3347@gmail.com,33,India,435
3348,Customer_3348,user3348@gmail.com,34,USA,4606
3349,Customer_3349,user3349@gmail.com,63,India,943
3350,Customer_3350,user3350@gmail.com,35,UK,2498
3351,Customer_3351,user3351@gmail.com,61,India,4757
3352,Customer_3352,user3352@gmail.com,18,UK,180
3353,Customer_3353,user3353@gmail.com,45,USA,2142
3354,Customer_3354,user3354@gmail.com,58,India,1108
3355,Customer_3355,user3355@gmail.com,53,India,4795
3356,Customer_3356,user3356@gmail.com,33,India,3913
3357,Customer_3357,user3357@gmail.com,50,India,2576
3358,Customer_3358,user3358@gmail.com,49,India,4184
3359,Customer_3359,user3359@gmail.com,60,USA,1954
3360,Customer_3360,user3360@gmail.com,53,India,1714
3361,Customer_3361,user3361@gmail.com,26,India,2079
3362,Customer_3362,user3362@gmail.com,35,India,1904
3363,Customer_3363,user3363@gmail.com,60,India,260
3364,Customer_3364,user3364@gmail.com,54,USA,3537
3365,Customer_3365,user3365@gmail.com,44,USA,2075
3366,Customer_3366,user3366@gmail.com,31,USA,2172
3367,Customer_3367,user3367@gmail.com,47,USA,483
3368,Customer_3368,user3368@gmail.com,54,India,4156
3369,Customer_3369,user3369@gmail.com,39,UK,3574
3370,Customer_3370,user3370@gmail.com,20,India,1737
3371,Customer_3371,user3371@gmail.com,60,UK,4286
3372,Customer_3372,user3372@gmail.com,65,USA,4456
3373,Customer_3373,user3373@gmail.com,18,UK,441
3374,Customer_3374,user3374@gmail.com,28,USA,1184
3375,Customer_3375,user3375@gmail.com,38,UK,3038
3376,Customer_3376,user3376@gmail.com,65,UK,643
3377,Customer_3377,user3377@gmail.com,50,India,4039
3378,Customer_3378,user3378@gmail.com,58,UK,1651
3379,Customer_3379,user3379@gmail.com,27,India,1237
3380,Customer_3380,user3380@gmail.com,24,India,437
3381,Customer_3381,user3381@gmail.com,36,India,4626
3382,Customer_3382,user3382@gmail.com,19,UK,4454
3383,Customer_3383,user3383@gmail.com,52,USA,3648
3384,Customer_3384,user3384@gmail.com,19,UK,4858
3385,Customer_3385,user3385@gmail.com,50,USA,149
3386,Customer_3386,user3386@gmail.com,21,India,196
3387,Customer_3387,user3387@gmail.com,37,India,2011
3388,Customer_3388,user3388@gmail.com,20,UK,3522
3389,Customer_3389,user3389@gmail.com,65,UK,2969
3390,Customer_3390,user3390@gmail.com,31,UK,673
3391,Customer_3391,user3391@gmail.com,55,UK,2999
3392,Customer_3392,user3392@gmail.com,31,India,2897
3393,Customer_3393,user3393@gmail.com,46,UK,4597
3394,Customer_3394,user3394@gmail.com,22,UK,263
3395,Customer_3395,user3395@gmail.com,53,UK,4923
3396,Customer_3396,user3396@gmail.com,43,India,1005
3397,Customer_3397,user3397@gmail.com,38,India,1046
3398,Customer_3398,user3398@gmail.com,33,USA,645
3399,Customer_3399,user3399@gmail.com,27,India,1297
3400,Customer_3400,user3400@gmail.com,53,India,3177
3401,Customer_3401,user3401@gmail.com,55,India,457
3402,Customer_3402,user3402@gmail.com,68,India,4086
3403,Customer_3403,user3403@gmail.com,57,USA,3728
3404,Customer_3404,user3404@gmail.com,65,India,2600
3405,Customer_3405,user3405@gmail.com,56,USA,4977
3406,Customer_3406,user3406@gmail.com,52,UK,723
3407,Customer_3407,user3407@gmail.com,57,USA,4390
3408,Customer_3408,user3408@gmail.com,53,UK,1185
3409,Customer_3409,user3409@gmail.com,69,India,3726
3410,Customer_3410,user3410@gmail.com,70,India,3571
3411,Customer_3411,user3411@gmail.com,31,UK,253
3412,Customer_3412,user3412@gmail.com,50,India,2291
3413,Customer_3413,user3413@gmail.com,60,UK,2691
3414,Customer_3414,user3414@gmail.com,28,UK,4604
3415,Customer_3415,user3415@gmail.com,68,India,4014
3416,Customer_3416,user3416@gmail.com,38,UK,3974
3417,Customer_3417,user3417@gmail.com,63,India,1972
3418,Customer_3418,user3418@gmail.com,29,UK,1615
3419,Customer_3419,user3419@gmail.com,60,UK,3367
3420,Customer_3420,user3420@gmail.com,21,UK,2127
3421,Customer_3421,user3421@gmail.com,70,UK,1349
3422,Customer_3422,user3422@gmail.com,32,USA,847
3423,Customer_3423,user3423@gmail.com,49,India,2101
3424,Customer_3424,user3424@gmail.com,55,UK,590
3425,Customer_3425,user3425@gmail.com,63,UK,724
3426,Customer_3426,user3426@gmail.com,20,USA,1636
3427,Customer_3427,user3427@gmail.com,37,USA,3656
3428,Customer_3428,user3428@gmail.com,33,India,3757
3429,Customer_3429,user3429@gmail.com,66,USA,3792
3430,Customer_3430,user3430@gmail.com,42,USA,2011
3431,Customer_3431,user3431@gmail.com,24,India,4480
3432,Customer_3432,user3432@gmail.com,68,USA,3612
3433,Customer_3433,user3433@gmail.com,46,UK,4824
3434,Customer_3434,user3434@gmail.com,43,India,3441
3435,Customer_3435,user3435@gmail.com,39,UK,4237
3436,Customer_3436,user3436@gmail.com,35,India,531
3437,Customer_3437,user3437@gmail.com,57,India,1107
3438,Customer_3438,user3438@gmail.com,61,India,212
3439,Customer_3439,user3439@gmail.com,47,UK,2245
3440,Customer_3440,user3440@gmail.com,20,USA,4616
3441,Customer_3441,user3441@gmail.com,69,India,2117
3442,Customer_3442,user3442@gmail.com,24,India,1257
3443,Customer_3443,user3443@gmail.com,67,USA,2515
3444,Customer_3444,user3444@gmail.com,39,USA,1500
3445,Customer_3445,user3445@gmail.com,49,UK,781
3446,Customer_3446,user3446@gmail.com,63,UK,2356
3447,Customer_3447,user3447@gmail.com,27,UK,4989
3448,Customer_3448,user3448@gmail.com,57,UK,2989
3449,Customer_3449,user3449@gmail.com,26,India,459
3450,Customer_3450,user3450@gmail.com,52,India,1823
3451,Customer_3451,user3451@gmail.com,61,USA,2695
3452,Customer_3452,user3452@gmail.com,24,India,2053
3453,Customer_3453,user3453@gmail.com,22,India,3455
3454,Customer_3454,user3454@gmail.com,46,India,214
3455,Customer_3455,user3455@gmail.com,19,USA,4475
3456,Customer_3456,user3456@gmail.com,63,UK,132
3457,Customer_3457,user3457@gmail.com,42,USA,2661
3458,Customer_3458,user3458@gmail.com,40,USA,1346
3459,Customer_3459,user3459@gmail.com,67,UK,2010
3460,Customer_3460,user3460@gmail.com,48,India,3645
3461,Customer_3461,user3461@gmail.com,42,India,4198
3462,Customer_3462,user3462@gmail.com,53,USA,3390
3463,Customer_3463,user3463@gmail.com,47,India,1475
3464,Customer_3464,user3464@gmail.com,23,India,742
3465,Customer_3465,user3465@gmail.com,52,USA,3183
3466,Customer_3466,user3466@gmail.com,45,USA,4175
3467,Customer_3467,user3467@gmail.com,59,UK,912
3468,Customer_3468,user3468@gmail.com,39,USA,1172
3469,Customer_3469,user3469@gmail.com,57,UK,3149
3470,Customer_3470,user3470@gmail.com,26,UK,3272
3471,Customer_3471,user3471@gmail.com,66,USA,936
3472,Customer_3472,user3472@gmail.com,36,USA,125
3473,Customer_3473,user3473@gmail.com,66,USA,2604
3474,Customer_3474,user3474@gmail.com,18,India,1697
3475,Customer_3475,user3475@gmail.com,34,USA,3457
3476,Customer_3476,user3476@gmail.com,21,USA,4795
3477,Customer_3477,user3477@gmail.com,57,USA,4889
3478,Customer_3478,user3478@gmail.com,48,UK,1712
3479,Customer_3479,user3479@gmail.com,41,UK,2778
3480,Customer_3480,user3480@gmail.com,44,USA,1605
3481,Customer_3481,user3481@gmail.com,33,India,2037
3482,Customer_3482,user3482@gmail.com,26,UK,777
3483,Customer_3483,user3483@gmail.com,30,UK,2820
3484,Customer_3484,user3484@gmail.com,24,UK,2764
3485,Customer_3485,user3485@gmail.com,65,India,1091
3486,Customer_3486,user3486@gmail.com,60,UK,3636
3487,Customer_3487,user3487@gmail.com,50,India,4975
3488,Customer_3488,user3488@gmail.com,19,USA,4298
3489,Customer_3489,user3489@gmail.com,42,India,4405
3490,Customer_3490,user3490@gmail.com,68,India,2007
3491,Customer_3491,user3491@gmail.com,67,USA,981
3492,Customer_3492,user3492@gmail.com,62,India,1182
3493,Customer_3493,user3493@gmail.com,56,USA,2079
3494,Customer_3494,user3494@gmail.com,33,India,300
3495,Customer_3495,user3495@gmail.com,69,UK,2019
3496,Customer_3496,user3496@gmail.com,64,USA,1859
3497,Customer_3497,user3497@gmail.com,58,India,2171
3498,Customer_3498,user3498@gmail.com,44,USA,1349
3499,Customer_3499,user3499@gmail.com,65,USA,3164
3500,Customer_3500,user3500@gmail.com,40,India,4999
3501,Customer_3501,user3501@gmail.com,23,India,1308
3502,Customer_3502,user3502@gmail.com,62,India,1445
3503,Customer_3503,user3503@gmail.com,21,USA,1658
3504,Customer_3504,user3504@gmail.com,37,UK,3665
3505,Customer_3505,user3505@gmail.com,43,India,3629
3506,Customer_3506,user3506@gmail.com,21,UK,139
3507,Customer_3507,user3507@gmail.com,57,India,4646
3508,Customer_3508,user3508@gmail.com,60,USA,1757
3509,Customer_3509,user3509@gmail.com,70,UK,1313
3510,Customer_3510,user3510@gmail.com,25,India,4119
3511,Customer_3511,user3511@gmail.com,63,USA,2473
3512,Customer_3512,user3512@gmail.com,47,India,954
3513,Customer_3513,user3513@gmail.com,35,India,2820
3514,Customer_3514,user3514@gmail.com,27,UK,964
3515,Customer_3515,user3515@gmail.com,37,India,3683
3516,Customer_3516,user3516@gmail.com,69,India,4779
3517,Customer_3517,user3517@gmail.com,58,India,3991
3518,Customer_3518,user3518@gmail.com,69,USA,3304
3519,Customer_3519,user3519@gmail.com,54,USA,1435
3520,Customer_3520,user3520@gmail.com,69,USA,4731
3521,Customer_3521,user3521@gmail.com,68,India,1928
3522,Customer_3522,user3522@gmail.com,70,India,3654
3523,Customer_3523,user3523@gmail.com,48,USA,3639
3524,Customer_3524,user3524@gmail.com,63,India,2598
3525,Customer_3525,user3525@gmail.com,39,India,4125
3526,Customer_3526,user3526@gmail.com,36,USA,3030
3527,Customer_3527,user3527@gmail.com,55,USA,746
3528,Customer_3528,user3528@gmail.com,20,UK,4133
3529,Customer_3529,user3529@gmail.com,25,UK,4838
3530,Customer_3530,user3530@gmail.com,41,India,1421
3531,Customer_3531,user3531@gmail.com,63,India,1015
3532,Customer_3532,user3532@gmail.com,46,UK,1895
3533,Customer_3533,user3533@gmail.com,49,USA,110
3534,Customer_3534,user3534@gmail.com,64,USA,522
3535,Customer_3535,user3535@gmail.com,58,UK,295
3536,Customer_3536,user3536@gmail.com,33,India,4875
3537,Customer_3537,user3537@gmail.com,37,USA,399
3538,Customer_3538,user3538@gmail.com,55,USA,4067
3539,Customer_3539,user3539@gmail.com,28,USA,4651
3540,Customer_3540,user3540@gmail.com,27,USA,102
3541,Customer_3541,user3541@gmail.com,53,UK,2033
3542,Customer_3542,user3542@gmail.com,69,USA,998
3543,Customer_3543,user3543@gmail.com,52,India,1295
3544,Customer_3544,user3544@gmail.com,44,India,695
3545,Customer_3545,user3545@gmail.com,39,India,829
3546,Customer_3546,user3546@gmail.com,31,USA,3557
3547,Customer_3547,user3547@gmail.com,51,India,4315
3548,Customer_3548,user3548@gmail.com,22,India,353
3549,Customer_3549,user3549@gmail.com,65,UK,572
3550,Customer_3550,user3550@gmail.com,70,UK,1406
3551,Customer_3551,user3551@gmail.com,36,USA,1788
3552,Customer_3552,user3552@gmail.com,67,India,1186
3553,Customer_3553,user3553@gmail.com,21,India,3858
3554,Customer_3554,user3554@gmail.com,68,India,3661
3555,Customer_3555,user3555@gmail.com,22,India,4047
3556,Customer_3556,user3556@gmail.com,48,UK,343
3557,Customer_3557,user3557@gmail.com,68,USA,4704
3558,Customer_3558,user3558@gmail.com,22,USA,4382
3559,Customer_3559,user3559@gmail.com,50,USA,2600
3560,Customer_3560,user3560@gmail.com,28,USA,1510
3561,Customer_3561,user3561@gmail.com,68,India,721
3562,Customer_3562,user3562@gmail.com,26,USA,1942
3563,Customer_3563,user3563@gmail.com,70,UK,4629
3564,Customer_3564,user3564@gmail.com,43,USA,1423
3565,Customer_3565,user3565@gmail.com,69,USA,4988
3566,Customer_3566,user3566@gmail.com,46,USA,4265
3567,Customer_3567,user3567@gmail.com,28,USA,1917
3568,Customer_3568,user3568@gmail.com,65,USA,3110
3569,Customer_3569,user3569@gmail.com,21,UK,608
3570,Customer_3570,user3570@gmail.com,22,India,3599
3571,Customer_3571,user3571@gmail.com,38,USA,3218
3572,Customer_3572,user3572@gmail.com,64,USA,2544
3573,Customer_3573,user3573@gmail.com,66,UK,2948
3574,Customer_3574,user3574@gmail.com,25,USA,2177
3575,Customer_3575,user3575@gmail.com,60,India,4760
3576,Customer_3576,user3576@gmail.com,48,India,4630
3577,Customer_3577,user3577@gmail.com,68,USA,2174
3578,Customer_3578,user3578@gmail.com,59,India,685
3579,Customer_3579,user3579@gmail.com,31,USA,2917
3580,Customer_3580,user3580@gmail.com,67,India,550
3581,Customer_3581,user3581@gmail.com,62,USA,1528
3582,Customer_3582,user3582@gmail.com,34,UK,3776
3583,Customer_3583,user3583@gmail.com,28,India,1177
3584,Customer_3584,user3584@gmail.com,65,UK,946
3585,Customer_3585,user3585@gmail.com,55,USA,1171
3586,Customer_3586,user3586@gmail.com,54,UK,1678
3587,Customer_3587,user3587@gmail.com,25,India,2612
3588,Customer_3588,user3588@gmail.com,29,USA,3404
3589,Customer_3589,user3589@gmail.com,47,India,3319
3590,Customer_3590,user3590@gmail.com,54,USA,3615
3591,Customer_3591,user3591@gmail.com,28,USA,1180
3592,Customer_3592,user3592@gmail.com,33,India,4440
3593,Customer_3593,user3593@gmail.com,42,UK,3071
3594,Customer_3594,user3594@gmail.com,20,India,2638
3595,Customer_3595,user3595@gmail.com,57,India,2427
3596,Customer_3596,user3596@gmail.com,58,USA,1705
3597,Customer_3597,user3597@gmail.com,22,India,110
3598,Customer_3598,user3598@gmail.com,50,India,2504
3599,Customer_3599,user3599@gmail.com,34,UK,3078
3600,Customer_3600,user3600@gmail.com,20,USA,2030
3601,Customer_3601,user3601@gmail.com,20,UK,2750
3602,Customer_3602,user3602@gmail.com,47,UK,3333
3603,Customer_3603,user3603@gmail.com,55,USA,4677
3604,Customer_3604,user3604@gmail.com,69,USA,1358
3605,Customer_3605,user3605@gmail.com,39,India,451
3606,Customer_3606,user3606@gmail.com,30,USA,1628
3607,Customer_3607,user3607@gmail.com,55,India,489
3608,Customer_3608,user3608@gmail.com,35,USA,3295
3609,Customer_3609,user3609@gmail.com,65,USA,4348
3610,Customer_3610,user3610@gmail.com,60,UK,1878
3611,Customer_3611,user3611@gmail.com,40,India,327
3612,Customer_3612,user3612@gmail.com,37,UK,1568
3613,Customer_3613,user3613@gmail.com,65,India,4175
3614,Customer_3614,user3614@gmail.com,23,UK,3066
3615,Customer_3615,user3615@gmail.com,35,India,2075
3616,Customer_3616,user3616@gmail.com,20,USA,1783
3617,Customer_3617,user3617@gmail.com,56,USA,277
3618,Customer_3618,user3618@gmail.com,50,India,242
3619,Customer_3619,user3619@gmail.com,53,UK,3961
3620,Customer_3620,user3620@gmail.com,70,India,2332
3621,Customer_3621,user3621@gmail.com,23,UK,2145
3622,Customer_3622,user3622@gmail.com,57,UK,3577
3623,Customer_3623,user3623@gmail.com,65,India,2762
3624,Customer_3624,user3624@gmail.com,39,UK,896
3625,Customer_3625,user3625@gmail.com,52,India,864
3626,Customer_3626,user3626@gmail.com,58,India,3327
3627,Customer_3627,user3627@gmail.com,68,India,1217
3628,Customer_3628,user3628@gmail.com,66,USA,2632
3629,Customer_3629,user3629@gmail.com,36,USA,715
3630,Customer_3630,user3630@gmail.com,64,UK,591
3631,Customer_3631,user3631@gmail.com,68,India,3326
3632,Customer_3632,user3632@gmail.com,59,UK,2162
3633,Customer_3633,user3633@gmail.com,48,USA,3336
3634,Customer_3634,user3634@gmail.com,33,UK,1503
3635,Customer_3635,user3635@gmail.com,53,India,458
3636,Customer_3636,user3636@gmail.com,46,India,350
3637,Customer_3637,user3637@gmail.com,18,USA,2397
3638,Customer_3638,user3638@gmail.com,21,UK,4962
3639,Customer_3639,user3639@gmail.com,60,USA,682
3640,Customer_3640,user3640@gmail.com,50,UK,4686
3641,Customer_3641,user3641@gmail.com,64,India,1146
3642,Customer_3642,user3642@gmail.com,61,India,3601
3643,Customer_3643,user3643@gmail.com,63,UK,1623
3644,Customer_3644,user3644@gmail.com,30,UK,993
3645,Customer_3645,user3645@gmail.com,67,USA,3564
3646,Customer_3646,user3646@gmail.com,44,India,3142
3647,Customer_3647,user3647@gmail.com,29,India,4531
3648,Customer_3648,user3648@gmail.com,47,USA,253
3649,Customer_3649,user3649@gmail.com,38,USA,2236
3650,Customer_3650,user3650@gmail.com,38,USA,3179
3651,Customer_3651,user3651@gmail.com,46,India,127
3652,Customer_3652,user3652@gmail.com,42,India,3221
3653,Customer_3653,user3653@gmail.com,26,UK,1291
3654,Customer_3654,user3654@gmail.com,60,UK,4527
3655,Customer_3655,user3655@gmail.com,31,UK,255
3656,Customer_3656,user3656@gmail.com,23,India,2334
3657,Customer_3657,user3657@gmail.com,35,India,302
3658,Customer_3658,user3658@gmail.com,49,UK,2248
3659,Customer_3659,user3659@gmail.com,64,India,111
3660,Customer_3660,user3660@gmail.com,34,UK,2203
3661,Customer_3661,user3661@gmail.com,51,USA,3060
3662,Customer_3662,user3662@gmail.com,44,UK,3152
3663,Customer_3663,user3663@gmail.com,42,India,3426
3664,Customer_3664,user3664@gmail.com,34,USA,3592
3665,Customer_3665,user3665@gmail.com,21,India,2713
3666,Customer_3666,user3666@gmail.com,44,India,120
3667,Customer_3667,user3667@gmail.com,38,UK,1090
3668,Customer_3668,user3668@gmail.com,29,UK,1798
3669,Customer_3669,user3669@gmail.com,22,UK,1191
3670,Customer_3670,user3670@gmail.com,58,India,1134
3671,Customer_3671,user3671@gmail.com,35,USA,3999
3672,Customer_3672,user3672@gmail.com,39,USA,3015
3673,Customer_3673,user3673@gmail.com,29,India,2381
3674,Customer_3674,user3674@gmail.com,59,UK,4286
3675,Customer_3675,user3675@gmail.com,53,India,1000
3676,Customer_3676,user3676@gmail.com,63,India,3887
3677,Customer_3677,user3677@gmail.com,41,UK,2468
3678,Customer_3678,user3678@gmail.com,21,UK,1278
3679,Customer_3679,user3679@gmail.com,26,UK,182
3680,Customer_3680,user3680@gmail.com,40,UK,2685
3681,Customer_3681,user3681@gmail.com,47,India,2546
3682,Customer_3682,user3682@gmail.com,70,India,3218
3683,Customer_3683,user3683@gmail.com,68,India,1604
3684,Customer_3684,user3684@gmail.com,39,USA,3663
3685,Customer_3685,user3685@gmail.com,50,USA,1674
3686,Customer_3686,user3686@gmail.com,45,UK,3439
3687,Customer_3687,user3687@gmail.com,27,UK,4502
3688,Customer_3688,user3688@gmail.com,55,UK,2087
3689,Customer_3689,user3689@gmail.com,30,UK,994
3690,Customer_3690,user3690@gmail.com,61,India,1745
3691,Customer_3691,user3691@gmail.com,55,UK,3273
3692,Customer_3692,user3692@gmail.com,57,India,2535
3693,Customer_3693,user3693@gmail.com,46,India,505
3694,Customer_3694,user3694@gmail.com,24,USA,1683
3695,Customer_3695,user3695@gmail.com,63,UK,4884
3696,Customer_3696,user3696@gmail.com,18,USA,4659
3697,Customer_3697,user3697@gmail.com,57,UK,1946
3698,Customer_3698,user3698@gmail.com,70,UK,1016
3699,Customer_3699,user3699@gmail.com,44,India,118
3700,Customer_3700,user3700@gmail.com,39,USA,1373
3701,Customer_3701,user3701@gmail.com,35,UK,2127
3702,Customer_3702,user3702@gmail.com,36,India,3871
3703,Customer_3703,user3703@gmail.com,30,USA,3773
3704,Customer_3704,user3704@gmail.com,22,USA,4045
3705,Customer_3705,user3705@gmail.com,49,USA,1917
3706,Customer_3706,user3706@gmail.com,47,USA,2289
3707,Customer_3707,user3707@gmail.com,26,USA,3224
3708,Customer_3708,user3708@gmail.com,34,India,206
3709,Customer_3709,user3709@gmail.com,35,India,2053
3710,Customer_3710,user3710@gmail.com,24,India,882
3711,Customer_3711,user3711@gmail.com,35,UK,2915
3712,Customer_3712,user3712@gmail.com,60,UK,2458
3713,Customer_3713,user3713@gmail.com,49,USA,4867
3714,Customer_3714,user3714@gmail.com,63,USA,1338
3715,Customer_3715,user3715@gmail.com,63,UK,3042
3716,Customer_3716,user3716@gmail.com,51,India,503
3717,Customer_3717,user3717@gmail.com,65,USA,3913
3718,Customer_3718,user3718@gmail.com,40,UK,2192
3719,Customer_3719,user3719@gmail.com,21,USA,4668
3720,Customer_3720,user3720@gmail.com,55,UK,4061
3721,Customer_3721,user3721@gmail.com,68,India,4704
3722,Customer_3722,user3722@gmail.com,44,UK,4819
3723,Customer_3723,user3723@gmail.com,63,India,2319
3724,Customer_3724,user3724@gmail.com,24,India,3426
3725,Customer_3725,user3725@gmail.com,31,India,4759
3726,Customer_3726,user3726@gmail.com,42,USA,2582
3727,Customer_3727,user3727@gmail.com,47,UK,4283
3728,Customer_3728,user3728@gmail.com,20,India,3026
3729,Customer_3729,user3729@gmail.com,28,UK,1374
3730,Customer_3730,user3730@gmail.com,53,UK,2991
3731,Customer_3731,user3731@gmail.com,26,USA,3564
3732,Customer_3732,user3732@gmail.com,24,USA,765
3733,Customer_3733,user3733@gmail.com,31,USA,1072
3734,Customer_3734,user3734@gmail.com,33,India,1268
3735,Customer_3735,user3735@gmail.com,52,India,2084
3736,Customer_3736,user3736@gmail.com,27,UK,4078
3737,Customer_3737,user3737@gmail.com,39,UK,3866
3738,Customer_3738,user3738@gmail.com,36,India,1793
3739,Customer_3739,user3739@gmail.com,22,India,1949
3740,Customer_3740,user3740@gmail.com,46,UK,542
3741,Customer_3741,user3741@gmail.com,57,USA,2795
3742,Customer_3742,user3742@gmail.com,65,UK,2642
3743,Customer_3743,user3743@gmail.com,25,USA,2456
3744,Customer_3744,user3744@gmail.com,35,USA,4914
3745,Customer_3745,user3745@gmail.com,23,USA,2820
3746,Customer_3746,user3746@gmail.com,19,India,4327
3747,Customer_3747,user3747@gmail.com,35,USA,1082
3748,Customer_3748,user3748@gmail.com,52,India,2710
3749,Customer_3749,user3749@gmail.com,23,USA,1925
3750,Customer_3750,user3750@gmail.com,33,USA,270
3751,Customer_3751,user3751@gmail.com,37,UK,447
3752,Customer_3752,user3752@gmail.com,51,USA,727
3753,Customer_3753,user3753@gmail.com,27,USA,3935
3754,Customer_3754,user3754@gmail.com,26,USA,1635
3755,Customer_3755,user3755@gmail.com,29,UK,525
3756,Customer_3756,user3756@gmail.com,35,USA,4261
3757,Customer_3757,user3757@gmail.com,48,UK,535
3758,Customer_3758,user3758@gmail.com,34,India,2082
3759,Customer_3759,user3759@gmail.com,22,USA,4787
3760,Customer_3760,user3760@gmail.com,36,USA,2451
3761,Customer_3761,user3761@gmail.com,24,USA,1569
3762,Customer_3762,user3762@gmail.com,23,India,250
3763,Customer_3763,user3763@gmail.com,18,USA,1870
3764,Customer_3764,user3764@gmail.com,31,USA,2218
3765,Customer_3765,user3765@gmail.com,31,USA,2842
3766,Customer_3766,user3766@gmail.com,33,India,1349
3767,Customer_3767,user3767@gmail.com,54,USA,101
3768,Customer_3768,user3768@gmail.com,24,UK,3906
3769,Customer_3769,user3769@gmail.com,24,UK,3034
3770,Customer_3770,user3770@gmail.com,65,USA,4372
3771,Customer_3771,user3771@gmail.com,55,India,3993
3772,Customer_3772,user3772@gmail.com,21,UK,807
3773,Customer_3773,user3773@gmail.com,61,USA,2380
3774,Customer_3774,user3774@gmail.com,44,UK,505
3775,Customer_3775,user3775@gmail.com,23,India,1022
3776,Customer_3776,user3776@gmail.com,57,UK,1991
3777,Customer_3777,user3777@gmail.com,28,UK,2415
3778,Customer_3778,user3778@gmail.com,20,UK,2438
3779,Customer_3779,user3779@gmail.com,58,USA,269
3780,Customer_3780,user3780@gmail.com,39,India,1087
3781,Customer_3781,user3781@gmail.com,37,UK,3281
3782,Customer_3782,user3782@gmail.com,51,USA,1430
3783,Customer_3783,user3783@gmail.com,29,UK,957
3784,Customer_3784,user3784@gmail.com,20,India,2133
3785,Customer_3785,user3785@gmail.com,22,India,2226
3786,Customer_3786,user3786@gmail.com,37,India,2909
3787,Customer_3787,user3787@gmail.com,68,India,1626
3788,Customer_3788,user3788@gmail.com,65,India,629
3789,Customer_3789,user3789@gmail.com,45,India,4971
3790,Customer_3790,user3790@gmail.com,46,India,4891
3791,Customer_3791,user3791@gmail.com,62,India,3706
3792,Customer_3792,user3792@gmail.com,65,UK,4870
3793,Customer_3793,user3793@gmail.com,41,UK,2029
3794,Customer_3794,user3794@gmail.com,18,UK,628
3795,Customer_3795,user3795@gmail.com,52,UK,4237
3796,Customer_3796,user3796@gmail.com,42,India,2837
3797,Customer_3797,user3797@gmail.com,24,USA,3687
3798,Customer_3798,user3798@gmail.com,63,UK,349
3799,Customer_3799,user3799@gmail.com,57,UK,2866
3800,Customer_3800,user3800@gmail.com,63,UK,3829
3801,Customer_3801,user3801@gmail.com,30,India,2565
3802,Customer_3802,user3802@gmail.com,29,USA,4195
3803,Customer_3803,user3803@gmail.com,29,USA,1845
3804,Customer_3804,user3804@gmail.com,55,UK,511
3805,Customer_3805,user3805@gmail.com,53,USA,4152
3806,Customer_3806,user3806@gmail.com,39,India,1988
3807,Customer_3807,user3807@gmail.com,28,UK,2672
3808,Customer_3808,user3808@gmail.com,65,USA,3412
3809,Customer_3809,user3809@gmail.com,21,India,333
3810,Customer_3810,user3810@gmail.com,26,USA,2919
3811,Customer_3811,user3811@gmail.com,46,USA,3435
3812,Customer_3812,user3812@gmail.com,26,UK,4285
3813,Customer_3813,user3813@gmail.com,33,UK,2457
3814,Customer_3814,user3814@gmail.com,29,USA,3799
3815,Customer_3815,user3815@gmail.com,33,USA,2766
3816,Customer_3816,user3816@gmail.com,41,India,2246
3817,Customer_3817,user3817@gmail.com,22,UK,884
3818,Customer_3818,user3818@gmail.com,42,USA,152
3819,Customer_3819,user3819@gmail.com,57,India,1860
3820,Customer_3820,user3820@gmail.com,44,India,4378
3821,Customer_3821,user3821@gmail.com,24,India,1585
3822,Customer_3822,user3822@gmail.com,54,UK,1430
3823,Customer_3823,user3823@gmail.com,65,India,4901
3824,Customer_3824,user3824@gmail.com,25,UK,809
3825,Customer_3825,user3825@gmail.com,55,India,640
3826,Customer_3826,user3826@gmail.com,67,India,2593
3827,Customer_3827,user3827@gmail.com,47,USA,739
3828,Customer_3828,user3828@gmail.com,68,USA,536
3829,Customer_3829,user3829@gmail.com,67,UK,857
3830,Customer_3830,user3830@gmail.com,24,India,4650
3831,Customer_3831,user3831@gmail.com,37,USA,4358
3832,Customer_3832,user3832@gmail.com,47,USA,311
3833,Customer_3833,user3833@gmail.com,50,India,3891
3834,Customer_3834,user3834@gmail.com,59,India,570
3835,Customer_3835,user3835@gmail.com,19,UK,285
3836,Customer_3836,user3836@gmail.com,65,India,3048
3837,Customer_3837,user3837@gmail.com,70,India,2835
3838,Customer_3838,user3838@gmail.com,32,USA,2696
3839,Customer_3839,user3839@gmail.com,19,India,246
3840,Customer_3840,user3840@gmail.com,24,USA,2777
3841,Customer_3841,user3841@gmail.com,47,USA,186
3842,Customer_3842,user3842@gmail.com,21,UK,2146
3843,Customer_3843,user3843@gmail.com,35,India,846
3844,Customer_3844,user3844@gmail.com,39,USA,2818
3845,Customer_3845,user3845@gmail.com,70,India,1103
3846,Customer_3846,user3846@gmail.com,44,USA,1482
3847,Customer_3847,user3847@gmail.com,47,USA,2026
3848,Customer_3848,user3848@gmail.com,53,UK,1307
3849,Customer_3849,user3849@gmail.com,67,UK,3801
3850,Customer_3850,user3850@gmail.com,48,India,4888
3851,Customer_3851,user3851@gmail.com,58,UK,2128
3852,Customer_3852,user3852@gmail.com,34,India,4797
3853,Customer_3853,user3853@gmail.com,21,UK,4409
3854,Customer_3854,user3854@gmail.com,49,UK,4922
3855,Customer_3855,user3855@gmail.com,49,India,4584
3856,Customer_3856,user3856@gmail.com,66,USA,4278
3857,Customer_3857,user3857@gmail.com,64,UK,2121
3858,Customer_3858,user3858@gmail.com,22,USA,3048
3859,Customer_3859,user3859@gmail.com,66,India,4402
3860,Customer_3860,user3860@gmail.com,67,USA,3956
3861,Customer_3861,user3861@gmail.com,31,India,4618
3862,Customer_3862,user3862@gmail.com,55,USA,948
3863,Customer_3863,user3863@gmail.com,59,USA,763
3864,Customer_3864,user3864@gmail.com,27,USA,3857
3865,Customer_3865,user3865@gmail.com,34,USA,3932
3866,Customer_3866,user3866@gmail.com,54,UK,4778
3867,Customer_3867,user3867@gmail.com,38,India,650
3868,Customer_3868,user3868@gmail.com,65,USA,2440
3869,Customer_3869,user3869@gmail.com,62,USA,4875
3870,Customer_3870,user3870@gmail.com,57,India,3319
3871,Customer_3871,user3871@gmail.com,66,USA,4109
3872,Customer_3872,user3872@gmail.com,56,UK,1761
3873,Customer_3873,user3873@gmail.com,30,UK,926
3874,Customer_3874,user3874@gmail.com,35,India,3987
3875,Customer_3875,user3875@gmail.com,57,UK,2868
3876,Customer_3876,user3876@gmail.com,70,UK,188
3877,Customer_3877,user3877@gmail.com,68,UK,665
3878,Customer_3878,user3878@gmail.com,58,India,657
3879,Customer_3879,user3879@gmail.com,40,USA,4545
3880,Customer_3880,user3880@gmail.com,50,USA,3619
3881,Customer_3881,user3881@gmail.com,70,India,4000
3882,Customer_3882,user3882@gmail.com,58,UK,4178
3883,Customer_3883,user3883@gmail.com,42,USA,3881
3884,Customer_3884,user3884@gmail.com,44,India,642
3885,Customer_3885,user3885@gmail.com,36,India,2992
3886,Customer_3886,user3886@gmail.com,45,USA,2412
3887,Customer_3887,user3887@gmail.com,64,USA,4724
3888,Customer_3888,user3888@gmail.com,20,USA,2609
3889,Customer_3889,user3889@gmail.com,48,India,4070
3890,Customer_3890,user3890@gmail.com,51,USA,3704
3891,Customer_3891,user3891@gmail.com,38,UK,843
3892,Customer_3892,user3892@gmail.com,51,UK,969
3893,Customer_3893,user3893@gmail.com,20,UK,2081
3894,Customer_3894,user3894@gmail.com,63,India,3481
3895,Customer_3895,user3895@gmail.com,18,USA,1801
3896,Customer_3896,user3896@gmail.com,18,UK,575
3897,Customer_3897,user3897@gmail.com,25,UK,3595
3898,Customer_3898,user3898@gmail.com,28,USA,2798
3899,Customer_3899,user3899@gmail.com,68,India,2325
3900,Customer_3900,user3900@gmail.com,35,USA,2394
3901,Customer_3901,user3901@gmail.com,26,India,1413
3902,Customer_3902,user3902@gmail.com,20,USA,4305
3903,Customer_3903,user3903@gmail.com,44,UK,3797
3904,Customer_3904,user3904@gmail.com,53,India,2138
3905,Customer_3905,user3905@gmail.com,45,USA,4840
3906,Customer_3906,user3906@gmail.com,22,USA,4217
3907,Customer_3907,user3907@gmail.com,54,USA,4264
3908,Customer_3908,user3908@gmail.com,57,India,2877
3909,Customer_3909,user3909@gmail.com,22,UK,2405
3910,Customer_3910,user3910@gmail.com,36,USA,1842
3911,Customer_3911,user3911@gmail.com,46,USA,2140
3912,Customer_3912,user3912@gmail.com,30,USA,3517
3913,Customer_3913,user3913@gmail.com,35,India,1969
3914,Customer_3914,user3914@gmail.com,38,UK,1612
3915,Customer_3915,user3915@gmail.com,32,India,152
3916,Customer_3916,user3916@gmail.com,21,UK,2101
3917,Customer_3917,user3917@gmail.com,25,UK,877
3918,Customer_3918,user3918@gmail.com,21,USA,3649
3919,Customer_3919,user3919@gmail.com,43,USA,2864
3920,Customer_3920,user3920@gmail.com,51,UK,3130
3921,Customer_3921,user3921@gmail.com,20,India,1357
3922,Customer_3922,user3922@gmail.com,20,USA,1232
3923,Customer_3923,user3923@gmail.com,41,UK,4197
3924,Customer_3924,user3924@gmail.com,63,India,2905
3925,Customer_3925,user3925@gmail.com,66,USA,970
3926,Customer_3926,user3926@gmail.com,18,USA,1620
3927,Customer_3927,user3927@gmail.com,59,UK,2391
3928,Customer_3928,user3928@gmail.com,38,UK,3774
3929,Customer_3929,user3929@gmail.com,59,UK,1895
3930,Customer_3930,user3930@gmail.com,20,India,3571
3931,Customer_3931,user3931@gmail.com,45,USA,2186
3932,Customer_3932,user3932@gmail.com,60,UK,3192
3933,Customer_3933,user3933@gmail.com,19,USA,4171
3934,Customer_3934,user3934@gmail.com,30,USA,3893
3935,Customer_3935,user3935@gmail.com,57,India,304
3936,Customer_3936,user3936@gmail.com,64,USA,526
3937,Customer_3937,user3937@gmail.com,52,UK,3079
3938,Customer_3938,user3938@gmail.com,62,India,2794
3939,Customer_3939,user3939@gmail.com,24,USA,2776
3940,Customer_3940,user3940@gmail.com,33,India,1662
3941,Customer_3941,user3941@gmail.com,31,India,944
3942,Customer_3942,user3942@gmail.com,26,USA,1791
3943,Customer_3943,user3943@gmail.com,32,USA,4313
3944,Customer_3944,user3944@gmail.com,69,India,1415
3945,Customer_3945,user3945@gmail.com,62,UK,2565
3946,Customer_3946,user3946@gmail.com,36,India,3483
3947,Customer_3947,user3947@gmail.com,31,USA,1328
3948,Customer_3948,user3948@gmail.com,51,USA,4887
3949,Customer_3949,user3949@gmail.com,49,UK,3897
3950,Customer_3950,user3950@gmail.com,18,UK,4183
3951,Customer_3951,user3951@gmail.com,21,India,3797
3952,Customer_3952,user3952@gmail.com,41,India,4021
3953,Customer_3953,user3953@gmail.com,61,UK,4718
3954,Customer_3954,user3954@gmail.com,27,USA,905
3955,Customer_3955,user3955@gmail.com,34,India,1710
3956,Customer_3956,user3956@gmail.com,65,India,4225
3957,Customer_3957,user3957@gmail.com,41,UK,781
3958,Customer_3958,user3958@gmail.com,48,UK,4834
3959,Customer_3959,user3959@gmail.com,25,USA,3627
3960,Customer_3960,user3960@gmail.com,28,UK,2353
3961,Customer_3961,user3961@gmail.com,51,USA,2596
3962,Customer_3962,user3962@gmail.com,44,UK,1471
3963,Customer_3963,user3963@gmail.com,63,India,4032
3964,Customer_3964,user3964@gmail.com,29,UK,4370
3965,Customer_3965,user3965@gmail.com,45,India,4979
3966,Customer_3966,user3966@gmail.com,27,USA,4103
3967,Customer_3967,user3967@gmail.com,31,India,3226
3968,Customer_3968,user3968@gmail.com,42,UK,2239
3969,Customer_3969,user3969@gmail.com,60,India,135
3970,Customer_3970,user3970@gmail.com,19,India,2552
3971,Customer_3971,user3971@gmail.com,53,UK,3839
3972,Customer_3972,user3972@gmail.com,44,India,4607
3973,Customer_3973,user3973@gmail.com,27,India,4507
3974,Customer_3974,user3974@gmail.com,22,USA,691
3975,Customer_3975,user3975@gmail.com,52,USA,1305
3976,Customer_3976,user3976@gmail.com,33,USA,4282
3977,Customer_3977,user3977@gmail.com,57,UK,3512
3978,Customer_3978,user3978@gmail.com,43,India,4535
3979,Customer_3979,user3979@gmail.com,61,India,923
3980,Customer_3980,user3980@gmail.com,66,UK,2053
3981,Customer_3981,user3981@gmail.com,36,India,2531
3982,Customer_3982,user3982@gmail.com,56,India,4177
3983,Customer_3983,user3983@gmail.com,62,India,4814
3984,Customer_3984,user3984@gmail.com,66,UK,165
3985,Customer_3985,user3985@gmail.com,45,UK,2647
3986,Customer_3986,user3986@gmail.com,48,UK,3349
3987,Customer_3987,user3987@gmail.com,39,UK,2821
3988,Customer_3988,user3988@gmail.com,32,UK,1352
3989,Customer_3989,user3989@gmail.com,18,USA,633
3990,Customer_3990,user3990@gmail.com,46,India,923
3991,Customer_3991,user3991@gmail.com,70,UK,3850
3992,Customer_3992,user3992@gmail.com,36,UK,1672
3993,Customer_3993,user3993@gmail.com,34,India,2736
3994,Customer_3994,user3994@gmail.com,20,UK,316
3995,Customer_3995,user3995@gmail.com,59,India,2981
3996,Customer_3996,user3996@gmail.com,23,USA,4709
3997,Customer_3997,user3997@gmail.com,62,UK,3561
3998,Customer_3998,user3998@gmail.com,38,USA,2261
3999,Customer_3999,user3999@gmail.com,61,India,729
4000,Customer_4000,user4000@gmail.com,64,USA,4544
4001,Customer_4001,user4001@gmail.com,53,USA,3026
4002,Customer_4002,user4002@gmail.com,59,USA,523
4003,Customer_4003,user4003@gmail.com,61,UK,4927
4004,Customer_4004,user4004@gmail.com,25,India,3671
4005,Customer_4005,user4005@gmail.com,50,India,3793
4006,Customer_4006,user4006@gmail.com,31,India,4638
4007,Customer_4007,user4007@gmail.com,35,India,3783
4008,Customer_4008,user4008@gmail.com,65,India,2643
4009,Customer_4009,user4009@gmail.com,47,USA,1976
4010,Customer_4010,user4010@gmail.com,28,UK,1000
4011,Customer_4011,user4011@gmail.com,70,UK,1634
4012,Customer_4012,user4012@gmail.com,65,India,2718
4013,Customer_4013,user4013@gmail.com,57,India,1788
4014,Customer_4014,user4014@gmail.com,20,USA,2386
4015,Customer_4015,user4015@gmail.com,49,India,4319
4016,Customer_4016,user4016@gmail.com,53,India,4182
4017,Customer_4017,user4017@gmail.com,70,USA,2427
4018,Customer_4018,user4018@gmail.com,48,USA,598
4019,Customer_4019,user4019@gmail.com,18,India,4724
4020,Customer_4020,user4020@gmail.com,61,UK,2691
4021,Customer_4021,user4021@gmail.com,57,India,1749
4022,Customer_4022,user4022@gmail.com,28,India,3503
4023,Customer_4023,user4023@gmail.com,18,USA,3230
4024,Customer_4024,user4024@gmail.com,30,USA,3213
4025,Customer_4025,user4025@gmail.com,58,India,2771
4026,Customer_4026,user4026@gmail.com,38,USA,1920
4027,Customer_4027,user4027@gmail.com,55,UK,1590
4028,Customer_4028,user4028@gmail.com,19,India,2433
4029,Customer_4029,user4029@gmail.com,28,India,3735
4030,Customer_4030,user4030@gmail.com,32,USA,4975
4031,Customer_4031,user4031@gmail.com,26,USA,1698
4032,Customer_4032,user4032@gmail.com,32,USA,2124
4033,Customer_4033,user4033@gmail.com,56,India,2638
4034,Customer_4034,user4034@gmail.com,45,India,4768
4035,Customer_4035,user4035@gmail.com,40,USA,2702
4036,Customer_4036,user4036@gmail.com,51,India,3771
4037,Customer_4037,user4037@gmail.com,64,USA,187
4038,Customer_4038,user4038@gmail.com,38,USA,4276
4039,Customer_4039,user4039@gmail.com,29,UK,3376
4040,Customer_4040,user4040@gmail.com,32,USA,133
4041,Customer_4041,user4041@gmail.com,22,UK,3177
4042,Customer_4042,user4042@gmail.com,26,USA,3094
4043,Customer_4043,user4043@gmail.com,65,USA,2310
4044,Customer_4044,user4044@gmail.com,28,UK,3272
4045,Customer_4045,user4045@gmail.com,64,India,145
4046,Customer_4046,user4046@gmail.com,33,India,3349
4047,Customer_4047,user4047@gmail.com,21,UK,4561
4048,Customer_4048,user4048@gmail.com,26,UK,3972
4049,Customer_4049,user4049@gmail.com,30,India,3470
4050,Customer_4050,user4050@gmail.com,48,USA,1681
4051,Customer_4051,user4051@gmail.com,61,UK,1334
4052,Customer_4052,user4052@gmail.com,30,USA,4459
4053,Customer_4053,user4053@gmail.com,29,India,1299
4054,Customer_4054,user4054@gmail.com,59,UK,4565
4055,Customer_4055,user4055@gmail.com,56,India,4670
4056,Customer_4056,user4056@gmail.com,19,India,733
4057,Customer_4057,user4057@gmail.com,63,India,1108
4058,Customer_4058,user4058@gmail.com,31,USA,454
4059,Customer_4059,user4059@gmail.com,62,UK,2139
4060,Customer_4060,user4060@gmail.com,40,USA,3618
4061,Customer_4061,user4061@gmail.com,47,UK,513
4062,Customer_4062,user4062@gmail.com,21,India,3980
4063,Customer_4063,user4063@gmail.com,69,UK,621
4064,Customer_4064,user4064@gmail.com,20,India,1497
4065,Customer_4065,user4065@gmail.com,39,UK,3175
4066,Customer_4066,user4066@gmail.com,63,USA,4027
4067,Customer_4067,user4067@gmail.com,70,USA,2055
4068,Customer_4068,user4068@gmail.com,61,UK,1528
4069,Customer_4069,user4069@gmail.com,39,UK,4820
4070,Customer_4070,user4070@gmail.com,36,UK,1643
4071,Customer_4071,user4071@gmail.com,47,India,283
4072,Customer_4072,user4072@gmail.com,54,India,670
4073,Customer_4073,user4073@gmail.com,29,UK,201
4074,Customer_4074,user4074@gmail.com,34,India,4031
4075,Customer_4075,user4075@gmail.com,29,UK,3269
4076,Customer_4076,user4076@gmail.com,54,India,2382
4077,Customer_4077,user4077@gmail.com,40,India,3568
4078,Customer_4078,user4078@gmail.com,33,India,2325
4079,Customer_4079,user4079@gmail.com,23,USA,1636
4080,Customer_4080,user4080@gmail.com,22,USA,721
4081,Customer_4081,user4081@gmail.com,25,USA,2960
4082,Customer_4082,user4082@gmail.com,68,India,1797
4083,Customer_4083,user4083@gmail.com,62,India,3528
4084,Customer_4084,user4084@gmail.com,52,USA,4343
4085,Customer_4085,user4085@gmail.com,45,UK,2246
4086,Customer_4086,user4086@gmail.com,44,India,1626
4087,Customer_4087,user4087@gmail.com,36,India,3276
4088,Customer_4088,user4088@gmail.com,21,USA,1469
4089,Customer_4089,user4089@gmail.com,44,India,1918
4090,Customer_4090,user4090@gmail.com,43,USA,2703
4091,Customer_4091,user4091@gmail.com,20,India,695
4092,Customer_4092,user4092@gmail.com,47,USA,3399
4093,Customer_4093,user4093@gmail.com,26,India,1318
4094,Customer_4094,user4094@gmail.com,44,India,3387
4095,Customer_4095,user4095@gmail.com,54,USA,1722
4096,Customer_4096,user4096@gmail.com,58,UK,1276
4097,Customer_4097,user4097@gmail.com,22,UK,554
4098,Customer_4098,user4098@gmail.com,22,UK,2362
4099,Customer_4099,user4099@gmail.com,50,UK,2311
4100,Customer_4100,user4100@gmail.com,42,USA,1751
4101,Customer_4101,user4101@gmail.com,32,UK,4456
4102,Customer_4102,user4102@gmail.com,18,USA,3941
4103,Customer_4103,user4103@gmail.com,66,India,1502
4104,Customer_4104,user4104@gmail.com,47,UK,601
4105,Customer_4105,user4105@gmail.com,70,India,1544
4106,Customer_4106,user4106@gmail.com,54,India,896
4107,Customer_4107,user4107@gmail.com,68,India,4486
4108,Customer_4108,user4108@gmail.com,63,USA,602
4109,Customer_4109,user4109@gmail.com,61,UK,344
4110,Customer_4110,user4110@gmail.com,34,India,2769
4111,Customer_4111,user4111@gmail.com,62,India,1069
4112,Customer_4112,user4112@gmail.com,30,UK,852
4113,Customer_4113,user4113@gmail.com,30,UK,2071
4114,Customer_4114,user4114@gmail.com,60,India,621
4115,Customer_4115,user4115@gmail.com,42,UK,2975
4116,Customer_4116,user4116@gmail.com,68,India,3620
4117,Customer_4117,user4117@gmail.com,38,USA,1132
4118,Customer_4118,user4118@gmail.com,23,USA,3656
4119,Customer_4119,user4119@gmail.com,24,USA,920
4120,Customer_4120,user4120@gmail.com,66,UK,4481
4121,Customer_4121,user4121@gmail.com,57,India,4638
4122,Customer_4122,user4122@gmail.com,42,USA,1034
4123,Customer_4123,user4123@gmail.com,56,USA,3158
4124,Customer_4124,user4124@gmail.com,29,India,4936
4125,Customer_4125,user4125@gmail.com,44,India,2798
4126,Customer_4126,user4126@gmail.com,59,USA,1581
4127,Customer_4127,user4127@gmail.com,18,USA,2529
4128,Customer_4128,user4128@gmail.com,54,India,4545
4129,Customer_4129,user4129@gmail.com,64,India,2653
4130,Customer_4130,user4130@gmail.com,21,USA,4841
4131,Customer_4131,user4131@gmail.com,56,India,843
4132,Customer_4132,user4132@gmail.com,45,India,728
4133,Customer_4133,user4133@gmail.com,49,UK,4813
4134,Customer_4134,user4134@gmail.com,20,USA,1464
4135,Customer_4135,user4135@gmail.com,54,UK,1625
4136,Customer_4136,user4136@gmail.com,27,India,2044
4137,Customer_4137,user4137@gmail.com,53,USA,584
4138,Customer_4138,user4138@gmail.com,31,USA,3369
4139,Customer_4139,user4139@gmail.com,51,UK,688
4140,Customer_4140,user4140@gmail.com,30,USA,1451
4141,Customer_4141,user4141@gmail.com,30,UK,1428
4142,Customer_4142,user4142@gmail.com,68,UK,576
4143,Customer_4143,user4143@gmail.com,67,India,1669
4144,Customer_4144,user4144@gmail.com,37,India,2523
4145,Customer_4145,user4145@gmail.com,52,USA,3762
4146,Customer_4146,user4146@gmail.com,29,India,4067
4147,Customer_4147,user4147@gmail.com,27,India,3498
4148,Customer_4148,user4148@gmail.com,46,India,1157
4149,Customer_4149,user4149@gmail.com,29,India,1294
4150,Customer_4150,user4150@gmail.com,38,USA,4502
4151,Customer_4151,user4151@gmail.com,45,India,2448
4152,Customer_4152,user4152@gmail.com,21,UK,3081
4153,Customer_4153,user4153@gmail.com,50,India,4100
4154,Customer_4154,user4154@gmail.com,30,India,1949
4155,Customer_4155,user4155@gmail.com,58,UK,1253
4156,Customer_4156,user4156@gmail.com,61,India,4959
4157,Customer_4157,user4157@gmail.com,53,India,146
4158,Customer_4158,user4158@gmail.com,25,India,121
4159,Customer_4159,user4159@gmail.com,64,USA,3333
4160,Customer_4160,user4160@gmail.com,31,India,505
4161,Customer_4161,user4161@gmail.com,53,USA,2941
4162,Customer_4162,user4162@gmail.com,35,USA,2894
4163,Customer_4163,user4163@gmail.com,51,India,2036
4164,Customer_4164,user4164@gmail.com,61,USA,1184
4165,Customer_4165,user4165@gmail.com,43,India,2447
4166,Customer_4166,user4166@gmail.com,19,India,602
4167,Customer_4167,user4167@gmail.com,55,India,2585
4168,Customer_4168,user4168@gmail.com,69,India,2604
4169,Customer_4169,user4169@gmail.com,69,USA,3224
4170,Customer_4170,user4170@gmail.com,33,India,4918
4171,Customer_4171,user4171@gmail.com,39,India,781
4172,Customer_4172,user4172@gmail.com,19,India,452
4173,Customer_4173,user4173@gmail.com,31,India,1931
4174,Customer_4174,user4174@gmail.com,44,UK,2819
4175,Customer_4175,user4175@gmail.com,39,India,1944
4176,Customer_4176,user4176@gmail.com,67,India,2829
4177,Customer_4177,user4177@gmail.com,52,USA,4895
4178,Customer_4178,user4178@gmail.com,18,USA,3935
4179,Customer_4179,user4179@gmail.com,36,USA,1855
4180,Customer_4180,user4180@gmail.com,24,USA,1499
4181,Customer_4181,user4181@gmail.com,44,India,184
4182,Customer_4182,user4182@gmail.com,28,UK,3357
4183,Customer_4183,user4183@gmail.com,61,India,2522
4184,Customer_4184,user4184@gmail.com,67,India,4439
4185,Customer_4185,user4185@gmail.com,37,India,2637
4186,Customer_4186,user4186@gmail.com,28,India,4021
4187,Customer_4187,user4187@gmail.com,51,India,2356
4188,Customer_4188,user4188@gmail.com,20,UK,2020
4189,Customer_4189,user4189@gmail.com,24,UK,2762
4190,Customer_4190,user4190@gmail.com,39,USA,3109
4191,Customer_4191,user4191@gmail.com,27,UK,2508
4192,Customer_4192,user4192@gmail.com,36,India,3332
4193,Customer_4193,user4193@gmail.com,49,USA,2034
4194,Customer_4194,user4194@gmail.com,20,India,3589
4195,Customer_4195,user4195@gmail.com,53,India,3458
4196,Customer_4196,user4196@gmail.com,58,USA,1930
4197,Customer_4197,user4197@gmail.com,43,UK,2636
4198,Customer_4198,user4198@gmail.com,66,UK,404
4199,Customer_4199,user4199@gmail.com,22,USA,4506
4200,Customer_4200,user4200@gmail.com,23,India,4600
4201,Customer_4201,user4201@gmail.com,63,USA,686
4202,Customer_4202,user4202@gmail.com,26,USA,4157
4203,Customer_4203,user4203@gmail.com,52,India,2977
4204,Customer_4204,user4204@gmail.com,31,USA,804
4205,Customer_4205,user4205@gmail.com,50,USA,3051
4206,Customer_4206,user4206@gmail.com,61,India,178
4207,Customer_4207,user4207@gmail.com,48,India,3844
4208,Customer_4208,user4208@gmail.com,62,USA,1450
4209,Customer_4209,user4209@gmail.com,43,India,4797
4210,Customer_4210,user4210@gmail.com,67,India,4115
4211,Customer_4211,user4211@gmail.com,52,UK,2283
4212,Customer_4212,user4212@gmail.com,43,USA,1042
4213,Customer_4213,user4213@gmail.com,58,USA,4250
4214,Customer_4214,user4214@gmail.com,55,India,2435
4215,Customer_4215,user4215@gmail.com,50,USA,3124
4216,Customer_4216,user4216@gmail.com,68,UK,1066
4217,Customer_4217,user4217@gmail.com,48,UK,3581
4218,Customer_4218,user4218@gmail.com,25,UK,4936
4219,Customer_4219,user4219@gmail.com,30,USA,1089
4220,Customer_4220,user4220@gmail.com,29,India,376
4221,Customer_4221,user4221@gmail.com,69,UK,2604
4222,Customer_4222,user4222@gmail.com,23,USA,2105
4223,Customer_4223,user4223@gmail.com,40,UK,613
4224,Customer_4224,user4224@gmail.com,42,UK,1236
4225,Customer_4225,user4225@gmail.com,34,USA,2737
4226,Customer_4226,user4226@gmail.com,49,UK,3259
4227,Customer_4227,user4227@gmail.com,30,UK,3983
4228,Customer_4228,user4228@gmail.com,68,USA,842
4229,Customer_4229,user4229@gmail.com,43,India,3968
4230,Customer_4230,user4230@gmail.com,51,USA,3275
4231,Customer_4231,user4231@gmail.com,36,India,3555
4232,Customer_4232,user4232@gmail.com,32,UK,2861
4233,Customer_4233,user4233@gmail.com,46,USA,3962
4234,Customer_4234,user4234@gmail.com,40,India,4387
4235,Customer_4235,user4235@gmail.com,64,UK,1985
4236,Customer_4236,user4236@gmail.com,32,UK,837
4237,Customer_4237,user4237@gmail.com,33,USA,2518
4238,Customer_4238,user4238@gmail.com,43,India,967
4239,Customer_4239,user4239@gmail.com,55,USA,3790
4240,Customer_4240,user4240@gmail.com,27,India,1082
4241,Customer_4241,user4241@gmail.com,70,USA,709
4242,Customer_4242,user4242@gmail.com,44,India,4841
4243,Customer_4243,user4243@gmail.com,31,USA,3048
4244,Customer_4244,user4244@gmail.com,20,India,4375
4245,Customer_4245,user4245@gmail.com,64,India,4316
4246,Customer_4246,user4246@gmail.com,66,USA,2744
4247,Customer_4247,user4247@gmail.com,67,USA,4494
4248,Customer_4248,user4248@gmail.com,37,India,1865
4249,Customer_4249,user4249@gmail.com,64,India,4878
4250,Customer_4250,user4250@gmail.com,68,India,323
4251,Customer_4251,user4251@gmail.com,51,USA,3274
4252,Customer_4252,user4252@gmail.com,28,UK,1992
4253,Customer_4253,user4253@gmail.com,22,UK,2888
4254,Customer_4254,user4254@gmail.com,36,USA,4172
4255,Customer_4255,user4255@gmail.com,44,India,2401
4256,Customer_4256,user4256@gmail.com,43,India,3021
4257,Customer_4257,user4257@gmail.com,67,UK,1334
4258,Customer_4258,user4258@gmail.com,38,USA,2953
4259,Customer_4259,user4259@gmail.com,55,India,1436
4260,Customer_4260,user4260@gmail.com,32,USA,550
4261,Customer_4261,user4261@gmail.com,51,UK,3597
4262,Customer_4262,user4262@gmail.com,66,USA,4315
4263,Customer_4263,user4263@gmail.com,18,USA,1184
4264,Customer_4264,user4264@gmail.com,39,India,118
4265,Customer_4265,user4265@gmail.com,39,India,4689
4266,Customer_4266,user4266@gmail.com,21,UK,2026
4267,Customer_4267,user4267@gmail.com,29,USA,2039
4268,Customer_4268,user4268@gmail.com,27,USA,3442
4269,Customer_4269,user4269@gmail.com,41,UK,4345
4270,Customer_4270,user4270@gmail.com,41,India,393
4271,Customer_4271,user4271@gmail.com,47,UK,2463
4272,Customer_4272,user4272@gmail.com,43,India,1304
4273,Customer_4273,user4273@gmail.com,39,India,3269
4274,Customer_4274,user4274@gmail.com,44,UK,1448
4275,Customer_4275,user4275@gmail.com,58,UK,2619
4276,Customer_4276,user4276@gmail.com,61,UK,2484
4277,Customer_4277,user4277@gmail.com,30,India,3934
4278,Customer_4278,user4278@gmail.com,49,UK,2688
4279,Customer_4279,user4279@gmail.com,40,USA,3455
4280,Customer_4280,user4280@gmail.com,60,USA,4678
4281,Customer_4281,user4281@gmail.com,18,UK,4989
4282,Customer_4282,user4282@gmail.com,43,UK,494
4283,Customer_4283,user4283@gmail.com,42,India,1550
4284,Customer_4284,user4284@gmail.com,41,India,187
4285,Customer_4285,user4285@gmail.com,35,India,437
4286,Customer_4286,user4286@gmail.com,23,India,880
4287,Customer_4287,user4287@gmail.com,49,USA,4181
4288,Customer_4288,user4288@gmail.com,65,UK,1451
4289,Customer_4289,user4289@gmail.com,56,UK,1944
4290,Customer_4290,user4290@gmail.com,55,USA,3549
4291,Customer_4291,user4291@gmail.com,21,India,4784
4292,Customer_4292,user4292@gmail.com,62,USA,3211
4293,Customer_4293,user4293@gmail.com,29,UK,816
4294,Customer_4294,user4294@gmail.com,35,UK,2019
4295,Customer_4295,user4295@gmail.com,47,UK,1347
4296,Customer_4296,user4296@gmail.com,48,India,4893
4297,Customer_4297,user4297@gmail.com,53,UK,3066
4298,Customer_4298,user4298@gmail.com,45,UK,3021
4299,Customer_4299,user4299@gmail.com,35,USA,3720
4300,Customer_4300,user4300@gmail.com,53,USA,4682
4301,Customer_4301,user4301@gmail.com,39,India,1778
4302,Customer_4302,user4302@gmail.com,59,India,423
4303,Customer_4303,user4303@gmail.com,33,USA,4737
4304,Customer_4304,user4304@gmail.com,47,India,2531
4305,Customer_4305,user4305@gmail.com,18,USA,3755
4306,Customer_4306,user4306@gmail.com,66,India,1821
4307,Customer_4307,user4307@gmail.com,50,USA,2621
4308,Customer_4308,user4308@gmail.com,66,UK,1886
4309,Customer_4309,user4309@gmail.com,70,UK,4637
4310,Customer_4310,user4310@gmail.com,22,USA,3710
4311,Customer_4311,user4311@gmail.com,51,UK,2555
4312,Customer_4312,user4312@gmail.com,70,USA,4616
4313,Customer_4313,user4313@gmail.com,30,USA,2391
4314,Customer_4314,user4314@gmail.com,33,USA,2179
4315,Customer_4315,user4315@gmail.com,27,India,371
4316,Customer_4316,user4316@gmail.com,24,India,4216
4317,Customer_4317,user4317@gmail.com,65,USA,4391
4318,Customer_4318,user4318@gmail.com,33,India,4867
4319,Customer_4319,user4319@gmail.com,45,USA,4284
4320,Customer_4320,user4320@gmail.com,47,USA,3744
4321,Customer_4321,user4321@gmail.com,61,India,1001
4322,Customer_4322,user4322@gmail.com,38,USA,681
4323,Customer_4323,user4323@gmail.com,65,UK,1873
4324,Customer_4324,user4324@gmail.com,43,India,4298
4325,Customer_4325,user4325@gmail.com,30,India,3691
4326,Customer_4326,user4326@gmail.com,36,USA,2676
4327,Customer_4327,user4327@gmail.com,64,UK,4747
4328,Customer_4328,user4328@gmail.com,50,USA,3616
4329,Customer_4329,user4329@gmail.com,47,UK,638
4330,Customer_4330,user4330@gmail.com,50,UK,1555
4331,Customer_4331,user4331@gmail.com,35,India,4304
4332,Customer_4332,user4332@gmail.com,22,UK,411
4333,Customer_4333,user4333@gmail.com,68,UK,2330
4334,Customer_4334,user4334@gmail.com,53,UK,2053
4335,Customer_4335,user4335@gmail.com,47,USA,290
4336,Customer_4336,user4336@gmail.com,57,USA,340
4337,Customer_4337,user4337@gmail.com,19,UK,2211
4338,Customer_4338,user4338@gmail.com,41,India,3383
4339,Customer_4339,user4339@gmail.com,52,USA,4459
4340,Customer_4340,user4340@gmail.com,65,India,2909
4341,Customer_4341,user4341@gmail.com,64,UK,4964
4342,Customer_4342,user4342@gmail.com,62,UK,3394
4343,Customer_4343,user4343@gmail.com,34,India,162
4344,Customer_4344,user4344@gmail.com,55,USA,930
4345,Customer_4345,user4345@gmail.com,57,India,4176
4346,Customer_4346,user4346@gmail.com,60,India,2799
4347,Customer_4347,user4347@gmail.com,50,UK,1401
4348,Customer_4348,user4348@gmail.com,18,USA,206
4349,Customer_4349,user4349@gmail.com,19,India,866
4350,Customer_4350,user4350@gmail.com,70,UK,947
4351,Customer_4351,user4351@gmail.com,54,India,1869
4352,Customer_4352,user4352@gmail.com,24,India,2096
4353,Customer_4353,user4353@gmail.com,69,India,3423
4354,Customer_4354,user4354@gmail.com,51,USA,4856
4355,Customer_4355,user4355@gmail.com,23,UK,1229
4356,Customer_4356,user4356@gmail.com,60,India,564
4357,Customer_4357,user4357@gmail.com,36,USA,1402
4358,Customer_4358,user4358@gmail.com,56,USA,2342
4359,Customer_4359,user4359@gmail.com,34,UK,1519
4360,Customer_4360,user4360@gmail.com,70,India,1270
4361,Customer_4361,user4361@gmail.com,28,USA,298
4362,Customer_4362,user4362@gmail.com,38,USA,3698
4363,Customer_4363,user4363@gmail.com,39,USA,1611
4364,Customer_4364,user4364@gmail.com,24,USA,4827
4365,Customer_4365,user4365@gmail.com,35,USA,2908
4366,Customer_4366,user4366@gmail.com,40,India,1116
4367,Customer_4367,user4367@gmail.com,36,UK,3701
4368,Customer_4368,user4368@gmail.com,64,India,3414
4369,Customer_4369,user4369@gmail.com,24,UK,3520
4370,Customer_4370,user4370@gmail.com,23,UK,4101
4371,Customer_4371,user4371@gmail.com,33,USA,1418
4372,Customer_4372,user4372@gmail.com,56,India,3173
4373,Customer_4373,user4373@gmail.com,24,USA,297
4374,Customer_4374,user4374@gmail.com,52,UK,3246
4375,Customer_4375,user4375@gmail.com,36,India,4755
4376,Customer_4376,user4376@gmail.com,49,USA,1589
4377,Customer_4377,user4377@gmail.com,67,UK,1983
4378,Customer_4378,user4378@gmail.com,23,India,1305
4379,Customer_4379,user4379@gmail.com,63,USA,2447
4380,Customer_4380,user4380@gmail.com,31,India,733
4381,Customer_4381,user4381@gmail.com,27,UK,2695
4382,Customer_4382,user4382@gmail.com,23,UK,1157
4383,Customer_4383,user4383@gmail.com,68,India,1425
4384,Customer_4384,user4384@gmail.com,66,India,954
4385,Customer_4385,user4385@gmail.com,35,India,4280
4386,Customer_4386,user4386@gmail.com,18,USA,3384
4387,Customer_4387,user4387@gmail.com,65,USA,3020
4388,Customer_4388,user4388@gmail.com,68,India,3777
4389,Customer_4389,user4389@gmail.com,33,UK,1673
4390,Customer_4390,user4390@gmail.com,41,UK,2232
4391,Customer_4391,user4391@gmail.com,59,USA,532
4392,Customer_4392,user4392@gmail.com,18,USA,651
4393,Customer_4393,user4393@gmail.com,33,UK,1442
4394,Customer_4394,user4394@gmail.com,26,USA,2978
4395,Customer_4395,user4395@gmail.com,35,USA,3344
4396,Customer_4396,user4396@gmail.com,19,USA,4767
4397,Customer_4397,user4397@gmail.com,61,India,1393
4398,Customer_4398,user4398@gmail.com,29,India,1166
4399,Customer_4399,user4399@gmail.com,30,India,2183
4400,Customer_4400,user4400@gmail.com,38,USA,2530
4401,Customer_4401,user4401@gmail.com,60,UK,4106
4402,Customer_4402,user4402@gmail.com,60,USA,763
4403,Customer_4403,user4403@gmail.com,48,USA,3259
4404,Customer_4404,user4404@gmail.com,38,India,179
4405,Customer_4405,user4405@gmail.com,46,USA,1540
4406,Customer_4406,user4406@gmail.com,34,UK,1672
4407,Customer_4407,user4407@gmail.com,66,India,2378
4408,Customer_4408,user4408@gmail.com,46,India,4494
4409,Customer_4409,user4409@gmail.com,25,UK,2449
4410,Customer_4410,user4410@gmail.com,40,India,4649
4411,Customer_4411,user4411@gmail.com,52,India,2474
4412,Customer_4412,user4412@gmail.com,47,UK,288
4413,Customer_4413,user4413@gmail.com,38,India,463
4414,Customer_4414,user4414@gmail.com,48,India,4440
4415,Customer_4415,user4415@gmail.com,33,UK,4088
4416,Customer_4416,user4416@gmail.com,70,UK,469
4417,Customer_4417,user4417@gmail.com,52,India,201
4418,Customer_4418,user4418@gmail.com,58,India,4413
4419,Customer_4419,user4419@gmail.com,55,UK,3100
4420,Customer_4420,user4420@gmail.com,36,India,2884
4421,Customer_4421,user4421@gmail.com,51,India,2212
4422,Customer_4422,user4422@gmail.com,24,UK,2515
4423,Customer_4423,user4423@gmail.com,62,USA,2642
4424,Customer_4424,user4424@gmail.com,32,USA,359
4425,Customer_4425,user4425@gmail.com,41,India,1955
4426,Customer_4426,user4426@gmail.com,51,India,588
4427,Customer_4427,user4427@gmail.com,22,India,2413
4428,Customer_4428,user4428@gmail.com,43,India,4817
4429,Customer_4429,user4429@gmail.com,47,UK,1948
4430,Customer_4430,user4430@gmail.com,70,India,831
4431,Customer_4431,user4431@gmail.com,65,India,4383
4432,Customer_4432,user4432@gmail.com,36,UK,1037
4433,Customer_4433,user4433@gmail.com,63,India,3233
4434,Customer_4434,user4434@gmail.com,25,UK,3457
4435,Customer_4435,user4435@gmail.com,52,UK,3509
4436,Customer_4436,user4436@gmail.com,21,USA,1475
4437,Customer_4437,user4437@gmail.com,33,India,3774
4438,Customer_4438,user4438@gmail.com,19,UK,4783
4439,Customer_4439,user4439@gmail.com,56,India,3463
4440,Customer_4440,user4440@gmail.com,29,USA,2345
4441,Customer_4441,user4441@gmail.com,56,USA,1813
4442,Customer_4442,user4442@gmail.com,43,UK,2770
4443,Customer_4443,user4443@gmail.com,18,USA,4147
4444,Customer_4444,user4444@gmail.com,39,USA,3720
4445,Customer_4445,user4445@gmail.com,45,UK,1544
4446,Customer_4446,user4446@gmail.com,56,UK,3677
4447,Customer_4447,user4447@gmail.com,19,UK,1043
4448,Customer_4448,user4448@gmail.com,21,USA,4796
4449,Customer_4449,user4449@gmail.com,29,USA,750
4450,Customer_4450,user4450@gmail.com,70,India,3065
4451,Customer_4451,user4451@gmail.com,31,UK,833
4452,Customer_4452,user4452@gmail.com,44,USA,2883
4453,Customer_4453,user4453@gmail.com,61,India,3752
4454,Customer_4454,user4454@gmail.com,52,India,3449
4455,Customer_4455,user4455@gmail.com,52,USA,1331
4456,Customer_4456,user4456@gmail.com,61,UK,4719
4457,Customer_4457,user4457@gmail.com,41,USA,1664
4458,Customer_4458,user4458@gmail.com,56,USA,4321
4459,Customer_4459,user4459@gmail.com,36,UK,1629
4460,Customer_4460,user4460@gmail.com,65,USA,1619
4461,Customer_4461,user4461@gmail.com,47,India,579
4462,Customer_4462,user4462@gmail.com,47,USA,2349
4463,Customer_4463,user4463@gmail.com,48,USA,121
4464,Customer_4464,user4464@gmail.com,27,USA,1462
4465,Customer_4465,user4465@gmail.com,18,UK,414
4466,Customer_4466,user4466@gmail.com,34,USA,3289
4467,Customer_4467,user4467@gmail.com,25,UK,2645
4468,Customer_4468,user4468@gmail.com,45,India,4961
4469,Customer_4469,user4469@gmail.com,53,USA,3308
4470,Customer_4470,user4470@gmail.com,66,UK,949
4471,Customer_4471,user4471@gmail.com,23,UK,419
4472,Customer_4472,user4472@gmail.com,21,India,458
4473,Customer_4473,user4473@gmail.com,62,India,4569
4474,Customer_4474,user4474@gmail.com,28,UK,550
4475,Customer_4475,user4475@gmail.com,59,India,1217
4476,Customer_4476,user4476@gmail.com,67,UK,1976
4477,Customer_4477,user4477@gmail.com,49,USA,4829
4478,Customer_4478,user4478@gmail.com,41,India,3845
4479,Customer_4479,user4479@gmail.com,31,USA,224
4480,Customer_4480,user4480@gmail.com,50,USA,2977
4481,Customer_4481,user4481@gmail.com,20,India,3613
4482,Customer_4482,user4482@gmail.com,48,USA,3100
4483,Customer_4483,user4483@gmail.com,57,USA,2182
4484,Customer_4484,user4484@gmail.com,57,USA,2586
4485,Customer_4485,user4485@gmail.com,32,USA,1976
4486,Customer_4486,user4486@gmail.com,64,India,4716
4487,Customer_4487,user4487@gmail.com,55,UK,1125
4488,Customer_4488,user4488@gmail.com,36,India,3028
4489,Customer_4489,user4489@gmail.com,44,India,4967
4490,Customer_4490,user4490@gmail.com,34,USA,2802
4491,Customer_4491,user4491@gmail.com,27,USA,3115
4492,Customer_4492,user4492@gmail.com,34,UK,2359
4493,Customer_4493,user4493@gmail.com,65,India,3212
4494,Customer_4494,user4494@gmail.com,58,India,3196
4495,Customer_4495,user4495@gmail.com,25,India,1892
4496,Customer_4496,user4496@gmail.com,41,USA,2513
4497,Customer_4497,user4497@gmail.com,64,UK,878
4498,Customer_4498,user4498@gmail.com,62,UK,1797
4499,Customer_4499,user4499@gmail.com,53,USA,3233
4500,Customer_4500,user4500@gmail.com,57,USA,1244
4501,Customer_4501,user4501@gmail.com,48,UK,3094
4502,Customer_4502,user4502@gmail.com,52,UK,3348
4503,Customer_4503,user4503@gmail.com,26,India,3646
4504,Customer_4504,user4504@gmail.com,54,USA,124
4505,Customer_4505,user4505@gmail.com,35,UK,2119
4506,Customer_4506,user4506@gmail.com,37,UK,4798
4507,Customer_4507,user4507@gmail.com,24,USA,533
4508,Customer_4508,user4508@gmail.com,46,India,4632
4509,Customer_4509,user4509@gmail.com,66,India,3771
4510,Customer_4510,user4510@gmail.com,68,India,711
4511,Customer_4511,user4511@gmail.com,41,India,3951
4512,Customer_4512,user4512@gmail.com,42,India,2649
4513,Customer_4513,user4513@gmail.com,38,India,2075
4514,Customer_4514,user4514@gmail.com,56,India,411
4515,Customer_4515,user4515@gmail.com,61,USA,3448
4516,Customer_4516,user4516@gmail.com,38,UK,2503
4517,Customer_4517,user4517@gmail.com,53,UK,4078
4518,Customer_4518,user4518@gmail.com,25,India,1790
4519,Customer_4519,user4519@gmail.com,59,UK,2014
4520,Customer_4520,user4520@gmail.com,62,India,3158
4521,Customer_4521,user4521@gmail.com,49,India,3821
4522,Customer_4522,user4522@gmail.com,65,UK,4170
4523,Customer_4523,user4523@gmail.com,67,India,3193
4524,Customer_4524,user4524@gmail.com,67,UK,3815
4525,Customer_4525,user4525@gmail.com,67,UK,2560
4526,Customer_4526,user4526@gmail.com,46,UK,2449
4527,Customer_4527,user4527@gmail.com,53,India,1433
4528,Customer_4528,user4528@gmail.com,67,UK,2446
4529,Customer_4529,user4529@gmail.com,32,India,3492
4530,Customer_4530,user4530@gmail.com,41,USA,4608
4531,Customer_4531,user4531@gmail.com,20,USA,4218
4532,Customer_4532,user4532@gmail.com,66,UK,3381
4533,Customer_4533,user4533@gmail.com,44,India,1682
4534,Customer_4534,user4534@gmail.com,39,USA,1792
4535,Customer_4535,user4535@gmail.com,22,India,1529
4536,Customer_4536,user4536@gmail.com,32,UK,2315
4537,Customer_4537,user4537@gmail.com,65,UK,4617
4538,Customer_4538,user4538@gmail.com,27,UK,3469
4539,Customer_4539,user4539@gmail.com,24,UK,3255
4540,Customer_4540,user4540@gmail.com,31,India,1500
4541,Customer_4541,user4541@gmail.com,41,USA,1896
4542,Customer_4542,user4542@gmail.com,22,India,794
4543,Customer_4543,user4543@gmail.com,56,USA,4277
4544,Customer_4544,user4544@gmail.com,43,India,1242
4545,Customer_4545,user4545@gmail.com,29,UK,3979
4546,Customer_4546,user4546@gmail.com,19,India,283
4547,Customer_4547,user4547@gmail.com,41,USA,2939
4548,Customer_4548,user4548@gmail.com,39,India,2076
4549,Customer_4549,user4549@gmail.com,19,USA,1680
4550,Customer_4550,user4550@gmail.com,65,USA,2827
4551,Customer_4551,user4551@gmail.com,34,USA,2045
4552,Customer_4552,user4552@gmail.com,68,USA,3573
4553,Customer_4553,user4553@gmail.com,42,India,4885
4554,Customer_4554,user4554@gmail.com,46,UK,2562
4555,Customer_4555,user4555@gmail.com,57,UK,3719
4556,Customer_4556,user4556@gmail.com,22,India,1161
4557,Customer_4557,user4557@gmail.com,52,UK,4463
4558,Customer_4558,user4558@gmail.com,32,USA,3570
4559,Customer_4559,user4559@gmail.com,54,UK,3911
4560,Customer_4560,user4560@gmail.com,52,UK,3172
4561,Customer_4561,user4561@gmail.com,36,USA,3665
4562,Customer_4562,user4562@gmail.com,28,USA,525
4563,Customer_4563,user4563@gmail.com,20,India,1643
4564,Customer_4564,user4564@gmail.com,27,UK,4970
4565,Customer_4565,user4565@gmail.com,57,India,651
4566,Customer_4566,user4566@gmail.com,64,UK,4860
4567,Customer_4567,user4567@gmail.com,41,UK,708
4568,Customer_4568,user4568@gmail.com,33,UK,2888
4569,Customer_4569,user4569@gmail.com,41,India,4436
4570,Customer_4570,user4570@gmail.com,59,UK,4472
4571,Customer_4571,user4571@gmail.com,52,India,819
4572,Customer_4572,user4572@gmail.com,54,USA,2918
4573,Customer_4573,user4573@gmail.com,27,USA,1520
4574,Customer_4574,user4574@gmail.com,70,USA,4603
4575,Customer_4575,user4575@gmail.com,31,UK,124
4576,Customer_4576,user4576@gmail.com,45,UK,1757
4577,Customer_4577,user4577@gmail.com,38,India,2786
4578,Customer_4578,user4578@gmail.com,22,India,4536
4579,Customer_4579,user4579@gmail.com,47,USA,4548
4580,Customer_4580,user4580@gmail.com,65,India,1110
4581,Customer_4581,user4581@gmail.com,41,India,4356
4582,Customer_4582,user4582@gmail.com,49,USA,3792
4583,Customer_4583,user4583@gmail.com,27,USA,2675
4584,Customer_4584,user4584@gmail.com,50,India,1250
4585,Customer_4585,user4585@gmail.com,27,India,1898
4586,Customer_4586,user4586@gmail.com,60,UK,3016
4587,Customer_4587,user4587@gmail.com,52,UK,4091
4588,Customer_4588,user4588@gmail.com,67,USA,4921
4589,Customer_4589,user4589@gmail.com,65,UK,2951
4590,Customer_4590,user4590@gmail.com,24,UK,1297
4591,Customer_4591,user4591@gmail.com,40,USA,3933
4592,Customer_4592,user4592@gmail.com,29,UK,2032
4593,Customer_4593,user4593@gmail.com,53,USA,3612
4594,Customer_4594,user4594@gmail.com,41,USA,837
4595,Customer_4595,user4595@gmail.com,31,USA,2273
4596,Customer_4596,user4596@gmail.com,53,UK,2033
4597,Customer_4597,user4597@gmail.com,67,India,3384
4598,Customer_4598,user4598@gmail.com,36,UK,4830
4599,Customer_4599,user4599@gmail.com,36,USA,761
4600,Customer_4600,user4600@gmail.com,21,UK,1683
4601,Customer_4601,user4601@gmail.com,61,India,1965
4602,Customer_4602,user4602@gmail.com,44,India,2395
4603,Customer_4603,user4603@gmail.com,41,USA,1092
4604,Customer_4604,user4604@gmail.com,57,USA,1561
4605,Customer_4605,user4605@gmail.com,25,USA,183
4606,Customer_4606,user4606@gmail.com,24,UK,4214
4607,Customer_4607,user4607@gmail.com,23,India,1125
4608,Customer_4608,user4608@gmail.com,30,UK,1686
4609,Customer_4609,user4609@gmail.com,67,India,3997
4610,Customer_4610,user4610@gmail.com,31,India,1259
4611,Customer_4611,user4611@gmail.com,65,UK,3713
4612,Customer_4612,user4612@gmail.com,48,UK,4664
4613,Customer_4613,user4613@gmail.com,63,India,1921
4614,Customer_4614,user4614@gmail.com,30,UK,4210
4615,Customer_4615,user4615@gmail.com,32,UK,4399
4616,Customer_4616,user4616@gmail.com,39,UK,262
4617,Customer_4617,user4617@gmail.com,54,UK,1367
4618,Customer_4618,user4618@gmail.com,41,UK,176
4619,Customer_4619,user4619@gmail.com,47,UK,258
4620,Customer_4620,user4620@gmail.com,30,USA,1803
4621,Customer_4621,user4621@gmail.com,65,UK,131
4622,Customer_4622,user4622@gmail.com,25,USA,103
4623,Customer_4623,user4623@gmail.com,58,India,596
4624,Customer_4624,user4624@gmail.com,36,UK,2242
4625,Customer_4625,user4625@gmail.com,51,UK,2711
4626,Customer_4626,user4626@gmail.com,61,India,4005
4627,Customer_4627,user4627@gmail.com,62,UK,4046
4628,Customer_4628,user4628@gmail.com,31,India,4538
4629,Customer_4629,user4629@gmail.com,55,USA,1124
4630,Customer_4630,user4630@gmail.com,70,USA,4797
4631,Customer_4631,user4631@gmail.com,29,USA,3365
4632,Customer_4632,user4632@gmail.com,35,UK,2998
4633,Customer_4633,user4633@gmail.com,57,India,1752
4634,Customer_4634,user4634@gmail.com,46,UK,3302
4635,Customer_4635,user4635@gmail.com,49,India,3669
4636,Customer_4636,user4636@gmail.com,57,India,1182
4637,Customer_4637,user4637@gmail.com,30,India,3810
4638,Customer_4638,user4638@gmail.com,29,India,4004
4639,Customer_4639,user4639@gmail.com,24,USA,2375
4640,Customer_4640,user4640@gmail.com,66,USA,3663
4641,Customer_4641,user4641@gmail.com,44,India,1832
4642,Customer_4642,user4642@gmail.com,51,India,2945
4643,Customer_4643,user4643@gmail.com,29,India,539
4644,Customer_4644,user4644@gmail.com,49,India,4997
4645,Customer_4645,user4645@gmail.com,32,UK,4553
4646,Customer_4646,user4646@gmail.com,58,USA,1550
4647,Customer_4647,user4647@gmail.com,60,USA,2697
4648,Customer_4648,user4648@gmail.com,43,India,1233
4649,Customer_4649,user4649@gmail.com,18,India,318
4650,Customer_4650,user4650@gmail.com,32,USA,4812
4651,Customer_4651,user4651@gmail.com,39,USA,1605
4652,Customer_4652,user4652@gmail.com,57,UK,2829
4653,Customer_4653,user4653@gmail.com,33,India,741
4654,Customer_4654,user4654@gmail.com,47,USA,4719
4655,Customer_4655,user4655@gmail.com,68,India,2588
4656,Customer_4656,user4656@gmail.com,59,India,380
4657,Customer_4657,user4657@gmail.com,69,USA,525
4658,Customer_4658,user4658@gmail.com,67,UK,3516
4659,Customer_4659,user4659@gmail.com,29,USA,2327
4660,Customer_4660,user4660@gmail.com,28,UK,3354
4661,Customer_4661,user4661@gmail.com,23,India,1247
4662,Customer_4662,user4662@gmail.com,38,USA,4265
4663,Customer_4663,user4663@gmail.com,46,UK,1731
4664,Customer_4664,user4664@gmail.com,27,India,3405
4665,Customer_4665,user4665@gmail.com,66,UK,338
4666,Customer_4666,user4666@gmail.com,52,India,922
4667,Customer_4667,user4667@gmail.com,54,USA,574
4668,Customer_4668,user4668@gmail.com,59,UK,2287
4669,Customer_4669,user4669@gmail.com,53,UK,4872
4670,Customer_4670,user4670@gmail.com,56,India,388
4671,Customer_4671,user4671@gmail.com,44,UK,3330
4672,Customer_4672,user4672@gmail.com,26,UK,1634
4673,Customer_4673,user4673@gmail.com,21,USA,954
4674,Customer_4674,user4674@gmail.com,41,USA,1799
4675,Customer_4675,user4675@gmail.com,68,USA,111
4676,Customer_4676,user4676@gmail.com,60,India,3014
4677,Customer_4677,user4677@gmail.com,20,USA,4949
4678,Customer_4678,user4678@gmail.com,61,USA,745
4679,Customer_4679,user4679@gmail.com,56,UK,2030
4680,Customer_4680,user4680@gmail.com,54,USA,4980
4681,Customer_4681,user4681@gmail.com,32,India,4966
4682,Customer_4682,user4682@gmail.com,58,India,1538
4683,Customer_4683,user4683@gmail.com,28,UK,4839
4684,Customer_4684,user4684@gmail.com,18,UK,4645
4685,Customer_4685,user4685@gmail.com,54,India,3610
4686,Customer_4686,user4686@gmail.com,63,USA,4359
4687,Customer_4687,user4687@gmail.com,39,India,799
4688,Customer_4688,user4688@gmail.com,24,UK,3133
4689,Customer_4689,user4689@gmail.com,47,India,4791
4690,Customer_4690,user4690@gmail.com,20,UK,2912
4691,Customer_4691,user4691@gmail.com,38,UK,1131
4692,Customer_4692,user4692@gmail.com,50,India,1584
4693,Customer_4693,user4693@gmail.com,65,USA,1291
4694,Customer_4694,user4694@gmail.com,60,India,4906
4695,Customer_4695,user4695@gmail.com,58,UK,2499
4696,Customer_4696,user4696@gmail.com,70,USA,523
4697,Customer_4697,user4697@gmail.com,44,UK,1378
4698,Customer_4698,user4698@gmail.com,29,India,1237
4699,Customer_4699,user4699@gmail.com,37,India,2460
4700,Customer_4700,user4700@gmail.com,67,USA,3740
4701,Customer_4701,user4701@gmail.com,70,USA,1522
4702,Customer_4702,user4702@gmail.com,39,UK,2614
4703,Customer_4703,user4703@gmail.com,51,USA,1153
4704,Customer_4704,user4704@gmail.com,54,UK,2153
4705,Customer_4705,user4705@gmail.com,27,USA,3629
4706,Customer_4706,user4706@gmail.com,25,USA,664
4707,Customer_4707,user4707@gmail.com,39,India,1115
4708,Customer_4708,user4708@gmail.com,56,UK,4729
4709,Customer_4709,user4709@gmail.com,41,USA,755
4710,Customer_4710,user4710@gmail.com,18,India,3963
4711,Customer_4711,user4711@gmail.com,61,UK,2582
4712,Customer_4712,user4712@gmail.com,26,USA,1080
4713,Customer_4713,user4713@gmail.com,32,USA,2471
4714,Customer_4714,user4714@gmail.com,49,India,2242
4715,Customer_4715,user4715@gmail.com,69,UK,2570
4716,Customer_4716,user4716@gmail.com,54,UK,1748
4717,Customer_4717,user4717@gmail.com,53,USA,440
4718,Customer_4718,user4718@gmail.com,26,USA,1181
4719,Customer_4719,user4719@gmail.com,56,USA,3306
4720,Customer_4720,user4720@gmail.com,20,UK,4415
4721,Customer_4721,user4721@gmail.com,47,USA,4160
4722,Customer_4722,user4722@gmail.com,68,UK,4034
4723,Customer_4723,user4723@gmail.com,63,India,2490
4724,Customer_4724,user4724@gmail.com,30,UK,1638
4725,Customer_4725,user4725@gmail.com,41,India,2101
4726,Customer_4726,user4726@gmail.com,43,India,4034
4727,Customer_4727,user4727@gmail.com,36,UK,1027
4728,Customer_4728,user4728@gmail.com,24,USA,642
4729,Customer_4729,user4729@gmail.com,63,UK,3392
4730,Customer_4730,user4730@gmail.com,64,India,812
4731,Customer_4731,user4731@gmail.com,47,India,1649
4732,Customer_4732,user4732@gmail.com,44,USA,314
4733,Customer_4733,user4733@gmail.com,63,India,3281
4734,Customer_4734,user4734@gmail.com,70,USA,4623
4735,Customer_4735,user4735@gmail.com,26,USA,3744
4736,Customer_4736,user4736@gmail.com,50,USA,4359
4737,Customer_4737,user4737@gmail.com,64,India,3638
4738,Customer_4738,user4738@gmail.com,58,USA,2852
4739,Customer_4739,user4739@gmail.com,64,UK,1669
4740,Customer_4740,user4740@gmail.com,60,UK,1615
4741,Customer_4741,user4741@gmail.com,62,UK,3219
4742,Customer_4742,user4742@gmail.com,26,USA,2954
4743,Customer_4743,user4743@gmail.com,54,UK,2294
4744,Customer_4744,user4744@gmail.com,56,USA,2988
4745,Customer_4745,user4745@gmail.com,61,USA,3712
4746,Customer_4746,user4746@gmail.com,38,USA,4471
4747,Customer_4747,user4747@gmail.com,27,UK,558
4748,Customer_4748,user4748@gmail.com,33,UK,911
4749,Customer_4749,user4749@gmail.com,19,USA,2260
4750,Customer_4750,user4750@gmail.com,60,India,4946
4751,Customer_4751,user4751@gmail.com,54,USA,488
4752,Customer_4752,user4752@gmail.com,46,India,934
4753,Customer_4753,user4753@gmail.com,58,USA,3965
4754,Customer_4754,user4754@gmail.com,28,India,2768
4755,Customer_4755,user4755@gmail.com,55,USA,4830
4756,Customer_4756,user4756@gmail.com,25,India,417
4757,Customer_4757,user4757@gmail.com,42,UK,1260
4758,Customer_4758,user4758@gmail.com,55,UK,4495
4759,Customer_4759,user4759@gmail.com,48,USA,655
4760,Customer_4760,user4760@gmail.com,20,USA,644
4761,Customer_4761,user4761@gmail.com,53,India,2803
4762,Customer_4762,user4762@gmail.com,37,India,4090
4763,Customer_4763,user4763@gmail.com,41,UK,2245
4764,Customer_4764,user4764@gmail.com,19,USA,2112
4765,Customer_4765,user4765@gmail.com,65,India,3790
4766,Customer_4766,user4766@gmail.com,47,India,1121
4767,Customer_4767,user4767@gmail.com,63,India,2413
4768,Customer_4768,user4768@gmail.com,26,USA,1725
4769,Customer_4769,user4769@gmail.com,32,India,2216
4770,Customer_4770,user4770@gmail.com,54,USA,1231
4771,Customer_4771,user4771@gmail.com,63,UK,236
4772,Customer_4772,user4772@gmail.com,38,UK,349
4773,Customer_4773,user4773@gmail.com,42,UK,742
4774,Customer_4774,user4774@gmail.com,31,UK,1498
4775,Customer_4775,user4775@gmail.com,60,UK,4688
4776,Customer_4776,user4776@gmail.com,57,UK,3138
4777,Customer_4777,user4777@gmail.com,54,India,2372
4778,Customer_4778,user4778@gmail.com,32,UK,3215
4779,Customer_4779,user4779@gmail.com,23,USA,1626
4780,Customer_4780,user4780@gmail.com,61,UK,4323
4781,Customer_4781,user4781@gmail.com,27,UK,1178
4782,Customer_4782,user4782@gmail.com,53,USA,4573
4783,Customer_4783,user4783@gmail.com,40,USA,4232
4784,Customer_4784,user4784@gmail.com,46,USA,1487
4785,Customer_4785,user4785@gmail.com,46,USA,920
4786,Customer_4786,user4786@gmail.com,20,UK,2120
4787,Customer_4787,user4787@gmail.com,41,India,4475
4788,Customer_4788,user4788@gmail.com,68,USA,2874
4789,Customer_4789,user4789@gmail.com,25,India,4741
4790,Customer_4790,user4790@gmail.com,59,India,2537
4791,Customer_4791,user4791@gmail.com,32,USA,1938
4792,Customer_4792,user4792@gmail.com,32,USA,2991
4793,Customer_4793,user4793@gmail.com,21,USA,1150
4794,Customer_4794,user4794@gmail.com,39,UK,4336
4795,Customer_4795,user4795@gmail.com,51,USA,3125
4796,Customer_4796,user4796@gmail.com,70,India,3056
4797,Customer_4797,user4797@gmail.com,53,India,2851
4798,Customer_4798,user4798@gmail.com,29,India,742
4799,Customer_4799,user4799@gmail.com,38,USA,4373
4800,Customer_4800,user4800@gmail.com,43,India,3179
4801,Customer_4801,user4801@gmail.com,64,UK,1068
4802,Customer_4802,user4802@gmail.com,50,UK,2157
4803,Customer_4803,user4803@gmail.com,70,USA,4529
4804,Customer_4804,user4804@gmail.com,19,UK,4128
4805,Customer_4805,user4805@gmail.com,35,India,194
4806,Customer_4806,user4806@gmail.com,43,UK,3185
4807,Customer_4807,user4807@gmail.com,25,UK,2046
4808,Customer_4808,user4808@gmail.com,23,UK,3359
4809,Customer_4809,user4809@gmail.com,31,UK,2053
4810,Customer_4810,user4810@gmail.com,39,UK,1041
4811,Customer_4811,user4811@gmail.com,38,India,4600
4812,Customer_4812,user4812@gmail.com,49,India,3581
4813,Customer_4813,user4813@gmail.com,59,USA,3123
4814,Customer_4814,user4814@gmail.com,59,India,2704
4815,Customer_4815,user4815@gmail.com,59,USA,1277
4816,Customer_4816,user4816@gmail.com,38,USA,2293
4817,Customer_4817,user4817@gmail.com,38,UK,4755
4818,Customer_4818,user4818@gmail.com,33,UK,673
4819,Customer_4819,user4819@gmail.com,42,India,4524
4820,Customer_4820,user4820@gmail.com,38,USA,3922
4821,Customer_4821,user4821@gmail.com,40,UK,3869
4822,Customer_4822,user4822@gmail.com,59,UK,4817
4823,Customer_4823,user4823@gmail.com,46,USA,860
4824,Customer_4824,user4824@gmail.com,66,UK,3017
4825,Customer_4825,user4825@gmail.com,60,UK,4002
4826,Customer_4826,user4826@gmail.com,19,UK,4209
4827,Customer_4827,user4827@gmail.com,37,India,2737
4828,Customer_4828,user4828@gmail.com,52,USA,1691
4829,Customer_4829,user4829@gmail.com,70,USA,653
4830,Customer_4830,user4830@gmail.com,19,UK,4040
4831,Customer_4831,user4831@gmail.com,64,India,1664
4832,Customer_4832,user4832@gmail.com,41,India,1975
4833,Customer_4833,user4833@gmail.com,28,UK,3341
4834,Customer_4834,user4834@gmail.com,44,UK,1943
4835,Customer_4835,user4835@gmail.com,18,India,1881
4836,Customer_4836,user4836@gmail.com,36,UK,3683
4837,Customer_4837,user4837@gmail.com,49,USA,2117
4838,Customer_4838,user4838@gmail.com,66,UK,1235
4839,Customer_4839,user4839@gmail.com,45,UK,4199
4840,Customer_4840,user4840@gmail.com,52,India,4053
4841,Customer_4841,user4841@gmail.com,58,India,2254
4842,Customer_4842,user4842@gmail.com,25,UK,3713
4843,Customer_4843,user4843@gmail.com,41,India,2811
4844,Customer_4844,user4844@gmail.com,44,USA,1942
4845,Customer_4845,user4845@gmail.com,70,UK,4785
4846,Customer_4846,user4846@gmail.com,64,India,1851
4847,Customer_4847,user4847@gmail.com,28,UK,4543
4848,Customer_4848,user4848@gmail.com,30,India,2620
4849,Customer_4849,user4849@gmail.com,45,USA,2948
4850,Customer_4850,user4850@gmail.com,19,UK,3179
4851,Customer_4851,user4851@gmail.com,63,India,3615
4852,Customer_4852,user4852@gmail.com,56,UK,3390
4853,Customer_4853,user4853@gmail.com,70,USA,832
4854,Customer_4854,user4854@gmail.com,33,UK,3840
4855,Customer_4855,user4855@gmail.com,37,UK,2355
4856,Customer_4856,user4856@gmail.com,31,USA,1242
4857,Customer_4857,user4857@gmail.com,34,USA,3917
4858,Customer_4858,user4858@gmail.com,51,India,525
4859,Customer_4859,user4859@gmail.com,47,India,3253
4860,Customer_4860,user4860@gmail.com,69,UK,1191
4861,Customer_4861,user4861@gmail.com,49,USA,3579
4862,Customer_4862,user4862@gmail.com,23,India,3300
4863,Customer_4863,user4863@gmail.com,47,India,925
4864,Customer_4864,user4864@gmail.com,48,UK,1069
4865,Customer_4865,user4865@gmail.com,58,India,746
4866,Customer_4866,user4866@gmail.com,48,USA,1091
4867,Customer_4867,user4867@gmail.com,46,India,2144
4868,Customer_4868,user4868@gmail.com,29,USA,4681
4869,Customer_4869,user4869@gmail.com,64,USA,4792
4870,Customer_4870,user4870@gmail.com,59,India,2665
4871,Customer_4871,user4871@gmail.com,39,UK,4446
4872,Customer_4872,user4872@gmail.com,54,USA,4157
4873,Customer_4873,user4873@gmail.com,33,USA,3564
4874,Customer_4874,user4874@gmail.com,49,USA,2384
4875,Customer_4875,user4875@gmail.com,21,UK,2129
4876,Customer_4876,user4876@gmail.com,36,UK,4790
4877,Customer_4877,user4877@gmail.com,61,UK,2003
4878,Customer_4878,user4878@gmail.com,53,UK,4208
4879,Customer_4879,user4879@gmail.com,50,India,1762
4880,Customer_4880,user4880@gmail.com,40,UK,208
4881,Customer_4881,user4881@gmail.com,46,UK,3259
4882,Customer_4882,user4882@gmail.com,44,UK,3105
4883,Customer_4883,user4883@gmail.com,38,USA,357
4884,Customer_4884,user4884@gmail.com,57,USA,742
4885,Customer_4885,user4885@gmail.com,57,USA,4598
4886,Customer_4886,user4886@gmail.com,57,India,3158
4887,Customer_4887,user4887@gmail.com,66,USA,4549
4888,Customer_4888,user4888@gmail.com,57,UK,4930
4889,Customer_4889,user4889@gmail.com,32,UK,4907
4890,Customer_4890,user4890@gmail.com,58,USA,1489
4891,Customer_4891,user4891@gmail.com,27,USA,1958
4892,Customer_4892,user4892@gmail.com,40,USA,992
4893,Customer_4893,user4893@gmail.com,46,UK,4848
4894,Customer_4894,user4894@gmail.com,55,USA,1723
4895,Customer_4895,user4895@gmail.com,66,USA,3154
4896,Customer_4896,user4896@gmail.com,46,UK,2398
4897,Customer_4897,user4897@gmail.com,70,India,4069
4898,Customer_4898,user4898@gmail.com,28,UK,3065
4899,Customer_4899,user4899@gmail.com,30,India,4745
4900,Customer_4900,user4900@gmail.com,21,UK,464
4901,Customer_4901,user4901@gmail.com,66,USA,2538
4902,Customer_4902,user4902@gmail.com,50,India,1873
4903,Customer_4903,user4903@gmail.com,20,UK,137
4904,Customer_4904,user4904@gmail.com,18,USA,3525
4905,Customer_4905,user4905@gmail.com,52,India,3746
4906,Customer_4906,user4906@gmail.com,49,USA,542
4907,Customer_4907,user4907@gmail.com,35,India,1942
4908,Customer_4908,user4908@gmail.com,63,USA,3973
4909,Customer_4909,user4909@gmail.com,28,UK,3880
4910,Customer_4910,user4910@gmail.com,63,UK,3920
4911,Customer_4911,user4911@gmail.com,22,USA,4327
4912,Customer_4912,user4912@gmail.com,42,USA,4367
4913,Customer_4913,user4913@gmail.com,37,UK,4986
4914,Customer_4914,user4914@gmail.com,56,USA,4851
4915,Customer_4915,user4915@gmail.com,26,USA,1700
4916,Customer_4916,user4916@gmail.com,43,UK,1401
4917,Customer_4917,user4917@gmail.com,36,India,2497
4918,Customer_4918,user4918@gmail.com,60,India,2575
4919,Customer_4919,user4919@gmail.com,44,UK,4494
4920,Customer_4920,user4920@gmail.com,41,UK,271
4921,Customer_4921,user4921@gmail.com,48,UK,1730
4922,Customer_4922,user4922@gmail.com,23,UK,3235
4923,Customer_4923,user4923@gmail.com,51,India,2833
4924,Customer_4924,user4924@gmail.com,34,USA,1010
4925,Customer_4925,user4925@gmail.com,67,USA,3827
4926,Customer_4926,user4926@gmail.com,37,UK,2607
4927,Customer_4927,user4927@gmail.com,30,UK,1503
4928,Customer_4928,user4928@gmail.com,39,USA,3386
4929,Customer_4929,user4929@gmail.com,49,UK,276
4930,Customer_4930,user4930@gmail.com,35,UK,1766
4931,Customer_4931,user4931@gmail.com,59,UK,437
4932,Customer_4932,user4932@gmail.com,60,India,571
4933,Customer_4933,user4933@gmail.com,33,USA,3953
4934,Customer_4934,user4934@gmail.com,29,UK,1669
4935,Customer_4935,user4935@gmail.com,39,UK,4137
4936,Customer_4936,user4936@gmail.com,49,UK,3029
4937,Customer_4937,user4937@gmail.com,62,USA,2110
4938,Customer_4938,user4938@gmail.com,18,USA,2426
4939,Customer_4939,user4939@gmail.com,55,India,1124
4940,Customer_4940,user4940@gmail.com,51,UK,3997
4941,Customer_4941,user4941@gmail.com,36,UK,3498
4942,Customer_4942,user4942@gmail.com,70,India,3804
4943,Customer_4943,user4943@gmail.com,32,USA,235
4944,Customer_4944,user4944@gmail.com,35,UK,1500
4945,Customer_4945,user4945@gmail.com,31,India,3285
4946,Customer_4946,user4946@gmail.com,66,UK,2256
4947,Customer_4947,user4947@gmail.com,46,UK,1193
4948,Customer_4948,user4948@gmail.com,51,India,973
4949,Customer_4949,user4949@gmail.com,35,USA,2727
4950,Customer_4950,user4950@gmail.com,32,India,3740
4951,Customer_4951,user4951@gmail.com,64,India,1465
4952,Customer_4952,user4952@gmail.com,65,USA,244
4953,Customer_4953,user4953@gmail.com,42,USA,3581
4954,Customer_4954,user4954@gmail.com,52,USA,289
4955,Customer_4955,user4955@gmail.com,60,USA,2484
4956,Customer_4956,user4956@gmail.com,52,UK,4229
4957,Customer_4957,user4957@gmail.com,41,UK,159
4958,Customer_4958,user4958@gmail.com,47,USA,4052
4959,Customer_4959,user4959@gmail.com,65,USA,4486
4960,Customer_4960,user4960@gmail.com,53,India,4885
4961,Customer_4961,user4961@gmail.com,40,UK,1964
4962,Customer_4962,user4962@gmail.com,26,USA,2756
4963,Customer_4963,user4963@gmail.com,32,USA,4714
4964,Customer_4964,user4964@gmail.com,29,India,2989
4965,Customer_4965,user4965@gmail.com,67,USA,4036
4966,Customer_4966,user4966@gmail.com,22,India,3778
4967,Customer_4967,user4967@gmail.com,29,India,2070
4968,Customer_4968,user4968@gmail.com,63,India,698
4969,Customer_4969,user4969@gmail.com,28,UK,866
4970,Customer_4970,user4970@gmail.com,52,USA,1225
4971,Customer_4971,user4971@gmail.com,54,India,1131
4972,Customer_4972,user4972@gmail.com,35,India,2612
4973,Customer_4973,user4973@gmail.com,28,UK,2107
4974,Customer_4974,user4974@gmail.com,27,UK,1751
4975,Customer_4975,user4975@gmail.com,69,UK,694
4976,Customer_4976,user4976@gmail.com,60,UK,4208
4977,Customer_4977,user4977@gmail.com,57,USA,3625
4978,Customer_4978,user4978@gmail.com,46,India,2108
4979,Customer_4979,user4979@gmail.com,28,USA,4185
4980,Customer_4980,user4980@gmail.com,42,UK,3963
4981,Customer_4981,user4981@gmail.com,18,UK,2304
4982,Customer_4982,user4982@gmail.com,62,UK,2961
4983,Customer_4983,user4983@gmail.com,43,India,791
4984,Customer_4984,user4984@gmail.com,47,USA,3053
4985,Customer_4985,user4985@gmail.com,28,USA,2444
4986,Customer_4986,user4986@gmail.com,34,UK,4097
4987,Customer_4987,user4987@gmail.com,22,UK,147
4988,Customer_4988,user4988@gmail.com,44,USA,4453
4989,Customer_4989,user4989@gmail.com,29,UK,4443
4990,Customer_4990,user4990@gmail.com,44,India,2315
4991,Customer_4991,user4991@gmail.com,30,UK,1471
4992,Customer_4992,user4992@gmail.com,49,India,1551
4993,Customer_4993,user4993@gmail.com,51,UK,3019
4994,Customer_4994,user4994@gmail.com,43,UK,3331
4995,Customer_4995,user4995@gmail.com,60,UK,3971
4996,Customer_4996,user4996@gmail.com,69,UK,4608
4997,Customer_4997,user4997@gmail.com,23,USA,4351
4998,Customer_4998,user4998@gmail.com,18,India,4352
4999,Customer_4999,user4999@gmail.com,60,USA,1879
5000,Customer_5000,user5000@gmail.com,62,India,2801
5001,Customer_5001,user5001@gmail.com,57,UK,3193
5002,Customer_5002,user5002@gmail.com,48,UK,2396
5003,Customer_5003,user5003@gmail.com,37,UK,4099
5004,Customer_5004,user5004@gmail.com,20,India,3153
5005,Customer_5005,user5005@gmail.com,69,UK,445
5006,Customer_5006,user5006@gmail.com,19,UK,3190
5007,Customer_5007,user5007@gmail.com,52,USA,3455
5008,Customer_5008,user5008@gmail.com,35,India,1884
5009,Customer_5009,user5009@gmail.com,24,India,4719
5010,Customer_5010,user5010@gmail.com,56,UK,4813
5011,Customer_5011,user5011@gmail.com,53,UK,379
5012,Customer_5012,user5012@gmail.com,21,India,2081
5013,Customer_5013,user5013@gmail.com,42,India,4947
5014,Customer_5014,user5014@gmail.com,19,UK,2406
5015,Customer_5015,user5015@gmail.com,20,UK,2991
5016,Customer_5016,user5016@gmail.com,31,India,4664
5017,Customer_5017,user5017@gmail.com,41,UK,4226
5018,Customer_5018,user5018@gmail.com,18,USA,4388
5019,Customer_5019,user5019@gmail.com,69,USA,4303
5020,Customer_5020,user5020@gmail.com,43,India,3024
5021,Customer_5021,user5021@gmail.com,44,USA,394
5022,Customer_5022,user5022@gmail.com,54,India,3833
5023,Customer_5023,user5023@gmail.com,45,UK,4110
5024,Customer_5024,user5024@gmail.com,36,UK,1936
5025,Customer_5025,user5025@gmail.com,44,India,4950
5026,Customer_5026,user5026@gmail.com,33,India,4781
5027,Customer_5027,user5027@gmail.com,30,UK,3719
5028,Customer_5028,user5028@gmail.com,51,USA,1057
5029,Customer_5029,user5029@gmail.com,20,India,2840
5030,Customer_5030,user5030@gmail.com,66,USA,3279
5031,Customer_5031,user5031@gmail.com,62,USA,1121
5032,Customer_5032,user5032@gmail.com,26,India,1105
5033,Customer_5033,user5033@gmail.com,52,India,1467
5034,Customer_5034,user5034@gmail.com,36,USA,1413
5035,Customer_5035,user5035@gmail.com,59,India,4406
5036,Customer_5036,user5036@gmail.com,49,UK,1214
5037,Customer_5037,user5037@gmail.com,55,USA,305
5038,Customer_5038,user5038@gmail.com,38,India,4182
5039,Customer_5039,user5039@gmail.com,68,UK,4194
5040,Customer_5040,user5040@gmail.com,20,India,4769
5041,Customer_5041,user5041@gmail.com,53,UK,295
5042,Customer_5042,user5042@gmail.com,43,UK,2691
5043,Customer_5043,user5043@gmail.com,20,UK,1118
5044,Customer_5044,user5044@gmail.com,62,UK,3589
5045,Customer_5045,user5045@gmail.com,19,India,529
5046,Customer_5046,user5046@gmail.com,32,India,3325
5047,Customer_5047,user5047@gmail.com,43,UK,3898
5048,Customer_5048,user5048@gmail.com,37,India,3811
5049,Customer_5049,user5049@gmail.com,32,India,3269
5050,Customer_5050,user5050@gmail.com,30,India,1638
5051,Customer_5051,user5051@gmail.com,60,India,1399
5052,Customer_5052,user5052@gmail.com,29,India,4828
5053,Customer_5053,user5053@gmail.com,32,USA,2751
5054,Customer_5054,user5054@gmail.com,29,India,2082
5055,Customer_5055,user5055@gmail.com,61,UK,2067
5056,Customer_5056,user5056@gmail.com,57,UK,2572
5057,Customer_5057,user5057@gmail.com,54,USA,653
5058,Customer_5058,user5058@gmail.com,19,India,3157
5059,Customer_5059,user5059@gmail.com,46,UK,171
5060,Customer_5060,user5060@gmail.com,54,USA,134
5061,Customer_5061,user5061@gmail.com,61,India,2164
5062,Customer_5062,user5062@gmail.com,20,UK,2183
5063,Customer_5063,user5063@gmail.com,23,India,3847
5064,Customer_5064,user5064@gmail.com,45,USA,1060
5065,Customer_5065,user5065@gmail.com,39,UK,3362
5066,Customer_5066,user5066@gmail.com,31,India,2403
5067,Customer_5067,user5067@gmail.com,57,UK,4701
5068,Customer_5068,user5068@gmail.com,68,UK,4515
5069,Customer_5069,user5069@gmail.com,45,USA,4239
5070,Customer_5070,user5070@gmail.com,23,USA,2801
5071,Customer_5071,user5071@gmail.com,55,India,938
5072,Customer_5072,user5072@gmail.com,34,USA,467
5073,Customer_5073,user5073@gmail.com,21,India,1868
5074,Customer_5074,user5074@gmail.com,62,UK,3532
5075,Customer_5075,user5075@gmail.com,68,UK,4317
5076,Customer_5076,user5076@gmail.com,23,USA,4154
5077,Customer_5077,user5077@gmail.com,45,UK,3676
5078,Customer_5078,user5078@gmail.com,53,USA,2611
5079,Customer_5079,user5079@gmail.com,45,USA,3825
5080,Customer_5080,user5080@gmail.com,37,UK,4379
5081,Customer_5081,user5081@gmail.com,39,USA,4720
5082,Customer_5082,user5082@gmail.com,37,India,1813
5083,Customer_5083,user5083@gmail.com,39,USA,1614
5084,Customer_5084,user5084@gmail.com,51,India,1161
5085,Customer_5085,user5085@gmail.com,61,USA,3274
5086,Customer_5086,user5086@gmail.com,18,UK,4595
5087,Customer_5087,user5087@gmail.com,68,India,483
5088,Customer_5088,user5088@gmail.com,45,India,2113
5089,Customer_5089,user5089@gmail.com,53,USA,3057
5090,Customer_5090,user5090@gmail.com,70,USA,2231
5091,Customer_5091,user5091@gmail.com,33,India,710
5092,Customer_5092,user5092@gmail.com,56,USA,4400
5093,Customer_5093,user5093@gmail.com,55,India,3594
5094,Customer_5094,user5094@gmail.com,22,India,3839
5095,Customer_5095,user5095@gmail.com,37,India,3602
5096,Customer_5096,user5096@gmail.com,31,USA,3104
5097,Customer_5097,user5097@gmail.com,50,India,1392
5098,Customer_5098,user5098@gmail.com,62,USA,1256
5099,Customer_5099,user5099@gmail.com,28,USA,1814
5100,Customer_5100,user5100@gmail.com,36,UK,3063
5101,Customer_5101,user5101@gmail.com,52,India,4290
5102,Customer_5102,user5102@gmail.com,47,USA,3125
5103,Customer_5103,user5103@gmail.com,41,USA,2635
5104,Customer_5104,user5104@gmail.com,46,USA,4531
5105,Customer_5105,user5105@gmail.com,18,USA,4625
5106,Customer_5106,user5106@gmail.com,32,USA,1364
5107,Customer_5107,user5107@gmail.com,33,UK,2144
5108,Customer_5108,user5108@gmail.com,67,India,1010
5109,Customer_5109,user5109@gmail.com,18,USA,3456
5110,Customer_5110,user5110@gmail.com,53,India,137
5111,Customer_5111,user5111@gmail.com,31,UK,728
5112,Customer_5112,user5112@gmail.com,52,India,4670
5113,Customer_5113,user5113@gmail.com,37,USA,4369
5114,Customer_5114,user5114@gmail.com,24,UK,294
5115,Customer_5115,user5115@gmail.com,29,India,1969
5116,Customer_5116,user5116@gmail.com,43,USA,597
5117,Customer_5117,user5117@gmail.com,43,India,4709
5118,Customer_5118,user5118@gmail.com,57,USA,623
5119,Customer_5119,user5119@gmail.com,26,UK,337
5120,Customer_5120,user5120@gmail.com,24,India,2967
5121,Customer_5121,user5121@gmail.com,62,USA,1555
5122,Customer_5122,user5122@gmail.com,47,India,4796
5123,Customer_5123,user5123@gmail.com,40,USA,2791
5124,Customer_5124,user5124@gmail.com,36,India,3997
5125,Customer_5125,user5125@gmail.com,54,UK,942
5126,Customer_5126,user5126@gmail.com,27,USA,4985
5127,Customer_5127,user5127@gmail.com,55,India,587
5128,Customer_5128,user5128@gmail.com,27,USA,2609
5129,Customer_5129,user5129@gmail.com,36,USA,293
5130,Customer_5130,user5130@gmail.com,62,India,3611
5131,Customer_5131,user5131@gmail.com,68,UK,1523
5132,Customer_5132,user5132@gmail.com,50,UK,887
5133,Customer_5133,user5133@gmail.com,29,UK,3322
5134,Customer_5134,user5134@gmail.com,48,USA,2443
5135,Customer_5135,user5135@gmail.com,52,USA,4080
5136,Customer_5136,user5136@gmail.com,27,USA,1304
5137,Customer_5137,user5137@gmail.com,66,USA,4950
5138,Customer_5138,user5138@gmail.com,25,UK,3672
5139,Customer_5139,user5139@gmail.com,44,India,165
5140,Customer_5140,user5140@gmail.com,45,USA,623
5141,Customer_5141,user5141@gmail.com,19,USA,4065
5142,Customer_5142,user5142@gmail.com,69,UK,2292
5143,Customer_5143,user5143@gmail.com,45,USA,2216
5144,Customer_5144,user5144@gmail.com,28,India,3489
5145,Customer_5145,user5145@gmail.com,29,India,1074
5146,Customer_5146,user5146@gmail.com,47,USA,1704
5147,Customer_5147,user5147@gmail.com,52,UK,3213
5148,Customer_5148,user5148@gmail.com,55,UK,4236
5149,Customer_5149,user5149@gmail.com,56,UK,388
5150,Customer_5150,user5150@gmail.com,43,India,3000
5151,Customer_5151,user5151@gmail.com,62,USA,241
5152,Customer_5152,user5152@gmail.com,41,UK,1269
5153,Customer_5153,user5153@gmail.com,33,UK,3690
5154,Customer_5154,user5154@gmail.com,53,USA,1413
5155,Customer_5155,user5155@gmail.com,44,India,3612
5156,Customer_5156,user5156@gmail.com,64,USA,1564
5157,Customer_5157,user5157@gmail.com,29,USA,1055
5158,Customer_5158,user5158@gmail.com,35,UK,1492
5159,Customer_5159,user5159@gmail.com,49,UK,2282
5160,Customer_5160,user5160@gmail.com,49,USA,4158
5161,Customer_5161,user5161@gmail.com,45,India,195
5162,Customer_5162,user5162@gmail.com,35,USA,679
5163,Customer_5163,user5163@gmail.com,24,USA,3594
5164,Customer_5164,user5164@gmail.com,45,USA,853
5165,Customer_5165,user5165@gmail.com,18,USA,1877
5166,Customer_5166,user5166@gmail.com,24,India,4684
5167,Customer_5167,user5167@gmail.com,36,USA,3043
5168,Customer_5168,user5168@gmail.com,62,UK,2110
5169,Customer_5169,user5169@gmail.com,43,UK,2193
5170,Customer_5170,user5170@gmail.com,26,UK,1380
5171,Customer_5171,user5171@gmail.com,68,India,4915
5172,Customer_5172,user5172@gmail.com,61,India,2973
5173,Customer_5173,user5173@gmail.com,58,USA,1786
5174,Customer_5174,user5174@gmail.com,65,USA,2589
5175,Customer_5175,user5175@gmail.com,41,UK,4210
5176,Customer_5176,user5176@gmail.com,40,India,3554
5177,Customer_5177,user5177@gmail.com,21,UK,3299
5178,Customer_5178,user5178@gmail.com,58,India,912
5179,Customer_5179,user5179@gmail.com,63,USA,4080
5180,Customer_5180,user5180@gmail.com,55,USA,132
5181,Customer_5181,user5181@gmail.com,62,UK,3322
5182,Customer_5182,user5182@gmail.com,67,USA,3661
5183,Customer_5183,user5183@gmail.com,46,USA,2488
5184,Customer_5184,user5184@gmail.com,65,India,3872
5185,Customer_5185,user5185@gmail.com,58,UK,2900
5186,Customer_5186,user5186@gmail.com,66,UK,4657
5187,Customer_5187,user5187@gmail.com,54,USA,3868
5188,Customer_5188,user5188@gmail.com,23,UK,332
5189,Customer_5189,user5189@gmail.com,21,India,3749
5190,Customer_5190,user5190@gmail.com,35,UK,181
5191,Customer_5191,user5191@gmail.com,27,USA,3544
5192,Customer_5192,user5192@gmail.com,69,USA,3396
5193,Customer_5193,user5193@gmail.com,28,India,3842
5194,Customer_5194,user5194@gmail.com,51,USA,1815
5195,Customer_5195,user5195@gmail.com,49,UK,3638
5196,Customer_5196,user5196@gmail.com,45,UK,2474
5197,Customer_5197,user5197@gmail.com,70,USA,595
5198,Customer_5198,user5198@gmail.com,69,UK,1138
5199,Customer_5199,user5199@gmail.com,26,USA,1200
5200,Customer_5200,user5200@gmail.com,19,India,4827
5201,Customer_5201,user5201@gmail.com,34,UK,1706
5202,Customer_5202,user5202@gmail.com,42,USA,2126
5203,Customer_5203,user5203@gmail.com,25,India,4395
5204,Customer_5204,user5204@gmail.com,22,India,3371
5205,Customer_5205,user5205@gmail.com,38,UK,1732
5206,Customer_5206,user5206@gmail.com,42,India,442
5207,Customer_5207,user5207@gmail.com,68,India,246
5208,Customer_5208,user5208@gmail.com,61,USA,2239
5209,Customer_5209,user5209@gmail.com,39,USA,2725
5210,Customer_5210,user5210@gmail.com,60,India,844
5211,Customer_5211,user5211@gmail.com,18,India,2698
5212,Customer_5212,user5212@gmail.com,30,USA,236
5213,Customer_5213,user5213@gmail.com,20,India,3097
5214,Customer_5214,user5214@gmail.com,26,USA,2274
5215,Customer_5215,user5215@gmail.com,42,USA,1232
5216,Customer_5216,user5216@gmail.com,56,UK,733
5217,Customer_5217,user5217@gmail.com,23,India,4904
5218,Customer_5218,user5218@gmail.com,33,USA,2421
5219,Customer_5219,user5219@gmail.com,40,USA,3637
5220,Customer_5220,user5220@gmail.com,39,USA,2919
5221,Customer_5221,user5221@gmail.com,39,USA,620
5222,Customer_5222,user5222@gmail.com,57,USA,3230
5223,Customer_5223,user5223@gmail.com,25,India,2496
5224,Customer_5224,user5224@gmail.com,66,UK,1143
5225,Customer_5225,user5225@gmail.com,47,UK,4467
5226,Customer_5226,user5226@gmail.com,35,UK,375
5227,Customer_5227,user5227@gmail.com,30,India,838
5228,Customer_5228,user5228@gmail.com,18,India,3013
5229,Customer_5229,user5229@gmail.com,39,India,1741
5230,Customer_5230,user5230@gmail.com,20,UK,1045
5231,Customer_5231,user5231@gmail.com,51,India,213
5232,Customer_5232,user5232@gmail.com,45,USA,4836
5233,Customer_5233,user5233@gmail.com,37,India,1393
5234,Customer_5234,user5234@gmail.com,52,UK,4153
5235,Customer_5235,user5235@gmail.com,26,UK,148
5236,Customer_5236,user5236@gmail.com,56,UK,3198
5237,Customer_5237,user5237@gmail.com,23,India,4216
5238,Customer_5238,user5238@gmail.com,57,USA,2228
5239,Customer_5239,user5239@gmail.com,57,India,1716
5240,Customer_5240,user5240@gmail.com,53,UK,2943
5241,Customer_5241,user5241@gmail.com,29,India,3319
5242,Customer_5242,user5242@gmail.com,67,India,4703
5243,Customer_5243,user5243@gmail.com,49,UK,638
5244,Customer_5244,user5244@gmail.com,58,UK,3494
5245,Customer_5245,user5245@gmail.com,23,India,1801
5246,Customer_5246,user5246@gmail.com,69,USA,1124
5247,Customer_5247,user5247@gmail.com,23,India,469
5248,Customer_5248,user5248@gmail.com,31,UK,2757
5249,Customer_5249,user5249@gmail.com,55,UK,2068
5250,Customer_5250,user5250@gmail.com,23,USA,362
5251,Customer_5251,user5251@gmail.com,27,India,3968
5252,Customer_5252,user5252@gmail.com,32,UK,1808
5253,Customer_5253,user5253@gmail.com,18,UK,479
5254,Customer_5254,user5254@gmail.com,40,India,4520
5255,Customer_5255,user5255@gmail.com,22,UK,2423
5256,Customer_5256,user5256@gmail.com,58,UK,1243
5257,Customer_5257,user5257@gmail.com,48,USA,4399
5258,Customer_5258,user5258@gmail.com,44,India,4461
5259,Customer_5259,user5259@gmail.com,24,UK,985
5260,Customer_5260,user5260@gmail.com,32,USA,1542
5261,Customer_5261,user5261@gmail.com,49,USA,1553
5262,Customer_5262,user5262@gmail.com,54,USA,3914
5263,Customer_5263,user5263@gmail.com,25,UK,381
5264,Customer_5264,user5264@gmail.com,42,India,2051
5265,Customer_5265,user5265@gmail.com,47,USA,451
5266,Customer_5266,user5266@gmail.com,66,USA,4687
5267,Customer_5267,user5267@gmail.com,37,USA,2675
5268,Customer_5268,user5268@gmail.com,60,India,2861
5269,Customer_5269,user5269@gmail.com,65,USA,2606
5270,Customer_5270,user5270@gmail.com,24,USA,4304
5271,Customer_5271,user5271@gmail.com,55,India,3291
5272,Customer_5272,user5272@gmail.com,62,India,4393
5273,Customer_5273,user5273@gmail.com,44,USA,1919
5274,Customer_5274,user5274@gmail.com,31,UK,2520
5275,Customer_5275,user5275@gmail.com,44,UK,1796
5276,Customer_5276,user5276@gmail.com,27,India,1106
5277,Customer_5277,user5277@gmail.com,27,UK,3172
5278,Customer_5278,user5278@gmail.com,67,India,1722
5279,Customer_5279,user5279@gmail.com,21,USA,2133
5280,Customer_5280,user5280@gmail.com,43,UK,3978
5281,Customer_5281,user5281@gmail.com,35,USA,1739
5282,Customer_5282,user5282@gmail.com,61,India,3305
5283,Customer_5283,user5283@gmail.com,61,UK,3068
5284,Customer_5284,user5284@gmail.com,19,India,4707
5285,Customer_5285,user5285@gmail.com,45,India,3987
5286,Customer_5286,user5286@gmail.com,52,UK,3539
5287,Customer_5287,user5287@gmail.com,21,UK,2409
5288,Customer_5288,user5288@gmail.com,31,USA,4711
5289,Customer_5289,user5289@gmail.com,51,USA,843
5290,Customer_5290,user5290@gmail.com,69,India,1368
5291,Customer_5291,user5291@gmail.com,45,UK,2890
5292,Customer_5292,user5292@gmail.com,21,USA,2489
5293,Customer_5293,user5293@gmail.com,42,USA,1264
5294,Customer_5294,user5294@gmail.com,39,USA,2544
5295,Customer_5295,user5295@gmail.com,50,UK,1818
5296,Customer_5296,user5296@gmail.com,18,India,4727
5297,Customer_5297,user5297@gmail.com,35,India,1419
5298,Customer_5298,user5298@gmail.com,28,India,4560
5299,Customer_5299,user5299@gmail.com,48,UK,4865
5300,Customer_5300,user5300@gmail.com,27,UK,3670
5301,Customer_5301,user5301@gmail.com,47,India,3174
5302,Customer_5302,user5302@gmail.com,58,USA,1969
5303,Customer_5303,user5303@gmail.com,39,India,2193
5304,Customer_5304,user5304@gmail.com,23,UK,634
5305,Customer_5305,user5305@gmail.com,51,India,2372
5306,Customer_5306,user5306@gmail.com,20,UK,3012
5307,Customer_5307,user5307@gmail.com,53,India,1117
5308,Customer_5308,user5308@gmail.com,26,India,1513
5309,Customer_5309,user5309@gmail.com,52,USA,4207
5310,Customer_5310,user5310@gmail.com,44,India,4602
5311,Customer_5311,user5311@gmail.com,33,India,1388
5312,Customer_5312,user5312@gmail.com,61,USA,4113
5313,Customer_5313,user5313@gmail.com,52,USA,3465
5314,Customer_5314,user5314@gmail.com,70,India,2804
5315,Customer_5315,user5315@gmail.com,45,UK,392
5316,Customer_5316,user5316@gmail.com,45,India,1927
5317,Customer_5317,user5317@gmail.com,57,USA,482
5318,Customer_5318,user5318@gmail.com,24,India,295
5319,Customer_5319,user5319@gmail.com,49,USA,4932
5320,Customer_5320,user5320@gmail.com,48,USA,2321
5321,Customer_5321,user5321@gmail.com,66,India,3696
5322,Customer_5322,user5322@gmail.com,45,India,639
5323,Customer_5323,user5323@gmail.com,44,UK,2026
5324,Customer_5324,user5324@gmail.com,49,UK,3741
5325,Customer_5325,user5325@gmail.com,67,USA,329
5326,Customer_5326,user5326@gmail.com,56,UK,2402
5327,Customer_5327,user5327@gmail.com,25,USA,4303
5328,Customer_5328,user5328@gmail.com,48,USA,603
5329,Customer_5329,user5329@gmail.com,45,India,2211
5330,Customer_5330,user5330@gmail.com,34,UK,4158
5331,Customer_5331,user5331@gmail.com,63,India,3497
5332,Customer_5332,user5332@gmail.com,52,USA,3835
5333,Customer_5333,user5333@gmail.com,22,India,542
5334,Customer_5334,user5334@gmail.com,47,India,398
5335,Customer_5335,user5335@gmail.com,59,UK,2054
5336,Customer_5336,user5336@gmail.com,30,UK,892
5337,Customer_5337,user5337@gmail.com,57,UK,2483
5338,Customer_5338,user5338@gmail.com,67,UK,4940
5339,Customer_5339,user5339@gmail.com,35,USA,2304
5340,Customer_5340,user5340@gmail.com,19,India,265
5341,Customer_5341,user5341@gmail.com,23,UK,4496
5342,Customer_5342,user5342@gmail.com,65,India,404
5343,Customer_5343,user5343@gmail.com,53,India,2444
5344,Customer_5344,user5344@gmail.com,59,UK,3105
5345,Customer_5345,user5345@gmail.com,38,India,2822
5346,Customer_5346,user5346@gmail.com,57,India,2670
5347,Customer_5347,user5347@gmail.com,45,UK,152
5348,Customer_5348,user5348@gmail.com,34,India,2776
5349,Customer_5349,user5349@gmail.com,64,USA,4643
5350,Customer_5350,user5350@gmail.com,54,UK,2111
5351,Customer_5351,user5351@gmail.com,63,India,3064
5352,Customer_5352,user5352@gmail.com,43,India,1729
5353,Customer_5353,user5353@gmail.com,62,India,3121
5354,Customer_5354,user5354@gmail.com,51,USA,3500
5355,Customer_5355,user5355@gmail.com,43,UK,4140
5356,Customer_5356,user5356@gmail.com,53,India,4704
5357,Customer_5357,user5357@gmail.com,33,UK,257
5358,Customer_5358,user5358@gmail.com,61,USA,153
5359,Customer_5359,user5359@gmail.com,31,USA,3571
5360,Customer_5360,user5360@gmail.com,21,India,2365
5361,Customer_5361,user5361@gmail.com,49,UK,4037
5362,Customer_5362,user5362@gmail.com,22,UK,2856
5363,Customer_5363,user5363@gmail.com,33,UK,836
5364,Customer_5364,user5364@gmail.com,27,USA,3480
5365,Customer_5365,user5365@gmail.com,67,UK,4604
5366,Customer_5366,user5366@gmail.com,19,USA,2965
5367,Customer_5367,user5367@gmail.com,44,India,2480
5368,Customer_5368,user5368@gmail.com,55,UK,300
5369,Customer_5369,user5369@gmail.com,64,USA,464
5370,Customer_5370,user5370@gmail.com,19,India,264
5371,Customer_5371,user5371@gmail.com,42,India,1007
5372,Customer_5372,user5372@gmail.com,20,UK,3054
5373,Customer_5373,user5373@gmail.com,19,UK,3367
5374,Customer_5374,user5374@gmail.com,27,UK,3498
5375,Customer_5375,user5375@gmail.com,59,India,3381
5376,Customer_5376,user5376@gmail.com,48,USA,1053
5377,Customer_5377,user5377@gmail.com,56,USA,2353
5378,Customer_5378,user5378@gmail.com,58,USA,193
5379,Customer_5379,user5379@gmail.com,59,India,3249
5380,Customer_5380,user5380@gmail.com,31,India,2928
5381,Customer_5381,user5381@gmail.com,26,India,3972
5382,Customer_5382,user5382@gmail.com,50,UK,1174
5383,Customer_5383,user5383@gmail.com,66,USA,4679
5384,Customer_5384,user5384@gmail.com,70,UK,4655
5385,Customer_5385,user5385@gmail.com,21,UK,3958
5386,Customer_5386,user5386@gmail.com,65,India,4844
5387,Customer_5387,user5387@gmail.com,18,India,341
5388,Customer_5388,user5388@gmail.com,52,UK,2754
5389,Customer_5389,user5389@gmail.com,41,UK,4028
5390,Customer_5390,user5390@gmail.com,29,UK,4466
5391,Customer_5391,user5391@gmail.com,41,India,1468
5392,Customer_5392,user5392@gmail.com,54,India,2475
5393,Customer_5393,user5393@gmail.com,22,USA,4830
5394,Customer_5394,user5394@gmail.com,30,UK,2234
5395,Customer_5395,user5395@gmail.com,21,USA,1646
5396,Customer_5396,user5396@gmail.com,62,USA,4881
5397,Customer_5397,user5397@gmail.com,50,USA,2741
5398,Customer_5398,user5398@gmail.com,41,UK,3616
5399,Customer_5399,user5399@gmail.com,20,USA,1139
5400,Customer_5400,user5400@gmail.com,23,India,4183
5401,Customer_5401,user5401@gmail.com,41,USA,2649
5402,Customer_5402,user5402@gmail.com,64,USA,3679
5403,Customer_5403,user5403@gmail.com,49,USA,2810
5404,Customer_5404,user5404@gmail.com,20,India,2569
5405,Customer_5405,user5405@gmail.com,38,UK,1407
5406,Customer_5406,user5406@gmail.com,61,UK,4810
5407,Customer_5407,user5407@gmail.com,21,India,3971
5408,Customer_5408,user5408@gmail.com,22,India,3627
5409,Customer_5409,user5409@gmail.com,52,USA,1201
5410,Customer_5410,user5410@gmail.com,54,India,4630
5411,Customer_5411,user5411@gmail.com,42,India,1769
5412,Customer_5412,user5412@gmail.com,38,USA,1476
5413,Customer_5413,user5413@gmail.com,24,UK,559
5414,Customer_5414,user5414@gmail.com,49,UK,2169
5415,Customer_5415,user5415@gmail.com,61,India,924
5416,Customer_5416,user5416@gmail.com,25,India,2071
5417,Customer_5417,user5417@gmail.com,58,UK,1388
5418,Customer_5418,user5418@gmail.com,48,USA,4730
5419,Customer_5419,user5419@gmail.com,60,India,2736
5420,Customer_5420,user5420@gmail.com,55,India,310
5421,Customer_5421,user5421@gmail.com,38,India,1699
5422,Customer_5422,user5422@gmail.com,55,India,2896
5423,Customer_5423,user5423@gmail.com,36,India,3794
5424,Customer_5424,user5424@gmail.com,41,India,2978
5425,Customer_5425,user5425@gmail.com,53,UK,4561
5426,Customer_5426,user5426@gmail.com,64,India,2053
5427,Customer_5427,user5427@gmail.com,57,USA,2300
5428,Customer_5428,user5428@gmail.com,39,India,303
5429,Customer_5429,user5429@gmail.com,33,USA,3785
5430,Customer_5430,user5430@gmail.com,18,UK,3750
5431,Customer_5431,user5431@gmail.com,67,USA,3256
5432,Customer_5432,user5432@gmail.com,19,UK,1439
5433,Customer_5433,user5433@gmail.com,32,India,2483
5434,Customer_5434,user5434@gmail.com,24,UK,1355
5435,Customer_5435,user5435@gmail.com,67,UK,324
5436,Customer_5436,user5436@gmail.com,36,UK,971
5437,Customer_5437,user5437@gmail.com,57,USA,3802
5438,Customer_5438,user5438@gmail.com,68,USA,4064
5439,Customer_5439,user5439@gmail.com,65,UK,3341
5440,Customer_5440,user5440@gmail.com,47,USA,1289
5441,Customer_5441,user5441@gmail.com,33,USA,740
5442,Customer_5442,user5442@gmail.com,59,USA,3295
5443,Customer_5443,user5443@gmail.com,49,USA,583
5444,Customer_5444,user5444@gmail.com,39,UK,1426
5445,Customer_5445,user5445@gmail.com,61,USA,3308
5446,Customer_5446,user5446@gmail.com,45,UK,2522
5447,Customer_5447,user5447@gmail.com,65,USA,2522
5448,Customer_5448,user5448@gmail.com,43,USA,2972
5449,Customer_5449,user5449@gmail.com,65,India,2810
5450,Customer_5450,user5450@gmail.com,22,UK,4527
5451,Customer_5451,user5451@gmail.com,65,USA,916
5452,Customer_5452,user5452@gmail.com,56,India,3692
5453,Customer_5453,user5453@gmail.com,34,USA,365
5454,Customer_5454,user5454@gmail.com,33,USA,4795
5455,Customer_5455,user5455@gmail.com,34,UK,1421
5456,Customer_5456,user5456@gmail.com,57,UK,3852
5457,Customer_5457,user5457@gmail.com,56,India,4416
5458,Customer_5458,user5458@gmail.com,18,USA,4176
5459,Customer_5459,user5459@gmail.com,69,USA,2201
5460,Customer_5460,user5460@gmail.com,37,India,819
5461,Customer_5461,user5461@gmail.com,29,USA,1200
5462,Customer_5462,user5462@gmail.com,59,USA,2779
5463,Customer_5463,user5463@gmail.com,52,USA,569
5464,Customer_5464,user5464@gmail.com,49,UK,1168
5465,Customer_5465,user5465@gmail.com,49,UK,3421
5466,Customer_5466,user5466@gmail.com,48,USA,4039
5467,Customer_5467,user5467@gmail.com,18,USA,456
5468,Customer_5468,user5468@gmail.com,18,India,3561
5469,Customer_5469,user5469@gmail.com,43,India,907
5470,Customer_5470,user5470@gmail.com,44,India,1735
5471,Customer_5471,user5471@gmail.com,33,USA,4176
5472,Customer_5472,user5472@gmail.com,49,USA,768
5473,Customer_5473,user5473@gmail.com,47,USA,1008
5474,Customer_5474,user5474@gmail.com,38,USA,1361
5475,Customer_5475,user5475@gmail.com,58,USA,1199
5476,Customer_5476,user5476@gmail.com,58,UK,3642
5477,Customer_5477,user5477@gmail.com,61,India,410
5478,Customer_5478,user5478@gmail.com,45,UK,1903
5479,Customer_5479,user5479@gmail.com,45,UK,266
5480,Customer_5480,user5480@gmail.com,48,USA,4551
5481,Customer_5481,user5481@gmail.com,50,USA,4387
5482,Customer_5482,user5482@gmail.com,60,India,3793
5483,Customer_5483,user5483@gmail.com,24,UK,1730
5484,Customer_5484,user5484@gmail.com,27,USA,4465
5485,Customer_5485,user5485@gmail.com,24,USA,306
5486,Customer_5486,user5486@gmail.com,57,USA,2901
5487,Customer_5487,user5487@gmail.com,37,USA,2245
5488,Customer_5488,user5488@gmail.com,52,UK,121
5489,Customer_5489,user5489@gmail.com,37,UK,3482
5490,Customer_5490,user5490@gmail.com,47,UK,1409
5491,Customer_5491,user5491@gmail.com,68,USA,1697
5492,Customer_5492,user5492@gmail.com,32,USA,4943
5493,Customer_5493,user5493@gmail.com,19,India,2053
5494,Customer_5494,user5494@gmail.com,58,USA,1077
5495,Customer_5495,user5495@gmail.com,35,India,1243
5496,Customer_5496,user5496@gmail.com,39,USA,3412
5497,Customer_5497,user5497@gmail.com,22,India,660
5498,Customer_5498,user5498@gmail.com,49,USA,2794
5499,Customer_5499,user5499@gmail.com,49,UK,198
5500,Customer_5500,user5500@gmail.com,35,USA,271
5501,Customer_5501,user5501@gmail.com,26,USA,4017
5502,Customer_5502,user5502@gmail.com,47,UK,4753
5503,Customer_5503,user5503@gmail.com,34,USA,4727
5504,Customer_5504,user5504@gmail.com,60,India,384
5505,Customer_5505,user5505@gmail.com,20,USA,4459
5506,Customer_5506,user5506@gmail.com,49,India,2759
5507,Customer_5507,user5507@gmail.com,66,USA,4174
5508,Customer_5508,user5508@gmail.com,53,USA,3405
5509,Customer_5509,user5509@gmail.com,40,USA,2997
5510,Customer_5510,user5510@gmail.com,45,India,4319
5511,Customer_5511,user5511@gmail.com,21,USA,2557
5512,Customer_5512,user5512@gmail.com,21,UK,1352
5513,Customer_5513,user5513@gmail.com,28,USA,1136
5514,Customer_5514,user5514@gmail.com,29,India,1830
5515,Customer_5515,user5515@gmail.com,61,USA,1338
5516,Customer_5516,user5516@gmail.com,51,India,1171
5517,Customer_5517,user5517@gmail.com,23,India,2967
5518,Customer_5518,user5518@gmail.com,27,UK,616
5519,Customer_5519,user5519@gmail.com,55,USA,623
5520,Customer_5520,user5520@gmail.com,23,UK,2070
5521,Customer_5521,user5521@gmail.com,29,UK,808
5522,Customer_5522,user5522@gmail.com,60,UK,2084
5523,Customer_5523,user5523@gmail.com,31,India,2530
5524,Customer_5524,user5524@gmail.com,20,UK,4214
5525,Customer_5525,user5525@gmail.com,63,UK,976
5526,Customer_5526,user5526@gmail.com,30,USA,853
5527,Customer_5527,user5527@gmail.com,64,USA,2458
5528,Customer_5528,user5528@gmail.com,30,USA,1128
5529,Customer_5529,user5529@gmail.com,42,UK,3606
5530,Customer_5530,user5530@gmail.com,64,UK,4645
5531,Customer_5531,user5531@gmail.com,28,India,730
5532,Customer_5532,user5532@gmail.com,52,USA,778
5533,Customer_5533,user5533@gmail.com,36,UK,1283
5534,Customer_5534,user5534@gmail.com,40,UK,3895
5535,Customer_5535,user5535@gmail.com,48,UK,2735
5536,Customer_5536,user5536@gmail.com,48,India,4241
5537,Customer_5537,user5537@gmail.com,42,UK,899
5538,Customer_5538,user5538@gmail.com,52,India,1668
5539,Customer_5539,user5539@gmail.com,65,USA,2579
5540,Customer_5540,user5540@gmail.com,33,India,169
5541,Customer_5541,user5541@gmail.com,55,USA,1296
5542,Customer_5542,user5542@gmail.com,52,USA,2070
5543,Customer_5543,user5543@gmail.com,47,USA,726
5544,Customer_5544,user5544@gmail.com,50,UK,4771
5545,Customer_5545,user5545@gmail.com,55,USA,1856
5546,Customer_5546,user5546@gmail.com,26,India,2306
5547,Customer_5547,user5547@gmail.com,69,UK,3041
5548,Customer_5548,user5548@gmail.com,20,UK,1188
5549,Customer_5549,user5549@gmail.com,49,India,2411
5550,Customer_5550,user5550@gmail.com,30,USA,1218
5551,Customer_5551,user5551@gmail.com,38,USA,2040
5552,Customer_5552,user5552@gmail.com,47,USA,2560
5553,Customer_5553,user5553@gmail.com,39,India,4428
5554,Customer_5554,user5554@gmail.com,59,UK,2758
5555,Customer_5555,user5555@gmail.com,24,USA,1598
5556,Customer_5556,user5556@gmail.com,38,USA,4286
5557,Customer_5557,user5557@gmail.com,20,India,4063
5558,Customer_5558,user5558@gmail.com,27,UK,2015
5559,Customer_5559,user5559@gmail.com,65,USA,2867
5560,Customer_5560,user5560@gmail.com,35,India,4404
5561,Customer_5561,user5561@gmail.com,52,USA,703
5562,Customer_5562,user5562@gmail.com,24,USA,4872
5563,Customer_5563,user5563@gmail.com,29,India,2508
5564,Customer_5564,user5564@gmail.com,37,USA,459
5565,Customer_5565,user5565@gmail.com,52,USA,990
5566,Customer_5566,user5566@gmail.com,57,UK,3248
5567,Customer_5567,user5567@gmail.com,60,India,4335
5568,Customer_5568,user5568@gmail.com,55,India,2690
5569,Customer_5569,user5569@gmail.com,66,UK,4750
5570,Customer_5570,user5570@gmail.com,59,USA,926
5571,Customer_5571,user5571@gmail.com,19,USA,526
5572,Customer_5572,user5572@gmail.com,39,India,821
5573,Customer_5573,user5573@gmail.com,35,USA,2508
5574,Customer_5574,user5574@gmail.com,40,UK,3366
5575,Customer_5575,user5575@gmail.com,70,India,1885
5576,Customer_5576,user5576@gmail.com,57,USA,1973
5577,Customer_5577,user5577@gmail.com,54,UK,3292
5578,Customer_5578,user5578@gmail.com,44,UK,792
5579,Customer_5579,user5579@gmail.com,63,UK,3487
5580,Customer_5580,user5580@gmail.com,21,India,4774
5581,Customer_5581,user5581@gmail.com,21,UK,4230
5582,Customer_5582,user5582@gmail.com,67,India,2549
5583,Customer_5583,user5583@gmail.com,38,UK,4905
5584,Customer_5584,user5584@gmail.com,67,USA,2771
5585,Customer_5585,user5585@gmail.com,48,USA,2243
5586,Customer_5586,user5586@gmail.com,68,USA,4305
5587,Customer_5587,user5587@gmail.com,31,USA,1475
5588,Customer_5588,user5588@gmail.com,41,India,4418
5589,Customer_5589,user5589@gmail.com,22,UK,2575
5590,Customer_5590,user5590@gmail.com,22,India,619
5591,Customer_5591,user5591@gmail.com,40,UK,3590
5592,Customer_5592,user5592@gmail.com,41,USA,145
5593,Customer_5593,user5593@gmail.com,24,USA,1669
5594,Customer_5594,user5594@gmail.com,36,India,2901
5595,Customer_5595,user5595@gmail.com,24,India,1928
5596,Customer_5596,user5596@gmail.com,20,USA,557
5597,Customer_5597,user5597@gmail.com,43,USA,1944
5598,Customer_5598,user5598@gmail.com,29,UK,4900
5599,Customer_5599,user5599@gmail.com,53,USA,4957
5600,Customer_5600,user5600@gmail.com,52,India,466
5601,Customer_5601,user5601@gmail.com,24,USA,4718
5602,Customer_5602,user5602@gmail.com,44,USA,3694
5603,Customer_5603,user5603@gmail.com,52,USA,3198
5604,Customer_5604,user5604@gmail.com,59,USA,2879
5605,Customer_5605,user5605@gmail.com,25,India,1512
5606,Customer_5606,user5606@gmail.com,63,USA,4812
5607,Customer_5607,user5607@gmail.com,57,UK,3042
5608,Customer_5608,user5608@gmail.com,39,India,270
5609,Customer_5609,user5609@gmail.com,23,India,165
5610,Customer_5610,user5610@gmail.com,40,USA,183
5611,Customer_5611,user5611@gmail.com,37,UK,900
5612,Customer_5612,user5612@gmail.com,46,UK,818
5613,Customer_5613,user5613@gmail.com,56,USA,1066
5614,Customer_5614,user5614@gmail.com,28,USA,4796
5615,Customer_5615,user5615@gmail.com,61,UK,4301
5616,Customer_5616,user5616@gmail.com,18,UK,4551
5617,Customer_5617,user5617@gmail.com,47,USA,1309
5618,Customer_5618,user5618@gmail.com,41,USA,1245
5619,Customer_5619,user5619@gmail.com,39,USA,1401
5620,Customer_5620,user5620@gmail.com,33,USA,1956
5621,Customer_5621,user5621@gmail.com,52,UK,1341
5622,Customer_5622,user5622@gmail.com,36,USA,1733
5623,Customer_5623,user5623@gmail.com,63,USA,4355
5624,Customer_5624,user5624@gmail.com,55,India,2083
5625,Customer_5625,user5625@gmail.com,68,UK,675
5626,Customer_5626,user5626@gmail.com,57,India,2309
5627,Customer_5627,user5627@gmail.com,20,USA,3981
5628,Customer_5628,user5628@gmail.com,23,USA,4823
5629,Customer_5629,user5629@gmail.com,56,USA,990
5630,Customer_5630,user5630@gmail.com,41,USA,4455
5631,Customer_5631,user5631@gmail.com,42,USA,2873
5632,Customer_5632,user5632@gmail.com,61,USA,1457
5633,Customer_5633,user5633@gmail.com,46,India,2136
5634,Customer_5634,user5634@gmail.com,18,India,2942
5635,Customer_5635,user5635@gmail.com,55,USA,4070
5636,Customer_5636,user5636@gmail.com,19,USA,3056
5637,Customer_5637,user5637@gmail.com,45,India,1740
5638,Customer_5638,user5638@gmail.com,59,UK,1833
5639,Customer_5639,user5639@gmail.com,52,UK,4595
5640,Customer_5640,user5640@gmail.com,65,India,1010
5641,Customer_5641,user5641@gmail.com,67,UK,372
5642,Customer_5642,user5642@gmail.com,18,USA,4860
5643,Customer_5643,user5643@gmail.com,41,USA,1593
5644,Customer_5644,user5644@gmail.com,55,USA,2350
5645,Customer_5645,user5645@gmail.com,44,India,3621
5646,Customer_5646,user5646@gmail.com,40,India,1292
5647,Customer_5647,user5647@gmail.com,41,India,1935
5648,Customer_5648,user5648@gmail.com,30,USA,2670
5649,Customer_5649,user5649@gmail.com,55,India,1313
5650,Customer_5650,user5650@gmail.com,65,India,3296
5651,Customer_5651,user5651@gmail.com,54,UK,1708
5652,Customer_5652,user5652@gmail.com,27,UK,4474
5653,Customer_5653,user5653@gmail.com,39,USA,524
5654,Customer_5654,user5654@gmail.com,59,UK,4754
5655,Customer_5655,user5655@gmail.com,30,UK,1818
5656,Customer_5656,user5656@gmail.com,30,UK,3597
5657,Customer_5657,user5657@gmail.com,64,UK,2723
5658,Customer_5658,user5658@gmail.com,62,USA,1771
5659,Customer_5659,user5659@gmail.com,58,India,373
5660,Customer_5660,user5660@gmail.com,27,India,137
5661,Customer_5661,user5661@gmail.com,28,UK,651
5662,Customer_5662,user5662@gmail.com,57,India,4690
5663,Customer_5663,user5663@gmail.com,33,India,2601
5664,Customer_5664,user5664@gmail.com,46,UK,4353
5665,Customer_5665,user5665@gmail.com,40,USA,4349
5666,Customer_5666,user5666@gmail.com,41,India,1975
5667,Customer_5667,user5667@gmail.com,53,USA,4388
5668,Customer_5668,user5668@gmail.com,20,India,3783
5669,Customer_5669,user5669@gmail.com,54,UK,3893
5670,Customer_5670,user5670@gmail.com,57,UK,783
5671,Customer_5671,user5671@gmail.com,50,UK,4592
5672,Customer_5672,user5672@gmail.com,63,India,1591
5673,Customer_5673,user5673@gmail.com,40,UK,4177
5674,Customer_5674,user5674@gmail.com,54,UK,1654
5675,Customer_5675,user5675@gmail.com,47,India,2010
5676,Customer_5676,user5676@gmail.com,67,India,486
5677,Customer_5677,user5677@gmail.com,36,USA,175
5678,Customer_5678,user5678@gmail.com,43,India,4592
5679,Customer_5679,user5679@gmail.com,48,USA,4494
5680,Customer_5680,user5680@gmail.com,19,USA,384
5681,Customer_5681,user5681@gmail.com,26,USA,4171
5682,Customer_5682,user5682@gmail.com,24,USA,744
5683,Customer_5683,user5683@gmail.com,45,USA,4212
5684,Customer_5684,user5684@gmail.com,61,India,1539
5685,Customer_5685,user5685@gmail.com,69,USA,2464
5686,Customer_5686,user5686@gmail.com,68,UK,2272
5687,Customer_5687,user5687@gmail.com,67,India,4394
5688,Customer_5688,user5688@gmail.com,64,UK,1210
5689,Customer_5689,user5689@gmail.com,64,USA,3260
5690,Customer_5690,user5690@gmail.com,37,India,4093
5691,Customer_5691,user5691@gmail.com,56,USA,580
5692,Customer_5692,user5692@gmail.com,52,UK,1812
5693,Customer_5693,user5693@gmail.com,56,UK,4853
5694,Customer_5694,user5694@gmail.com,34,India,2427
5695,Customer_5695,user5695@gmail.com,24,UK,3789
5696,Customer_5696,user5696@gmail.com,23,USA,3678
5697,Customer_5697,user5697@gmail.com,51,India,485
5698,Customer_5698,user5698@gmail.com,61,India,497
5699,Customer_5699,user5699@gmail.com,53,USA,2110
5700,Customer_5700,user5700@gmail.com,61,India,2708
5701,Customer_5701,user5701@gmail.com,38,India,1734
5702,Customer_5702,user5702@gmail.com,40,India,4822
5703,Customer_5703,user5703@gmail.com,70,India,4366
5704,Customer_5704,user5704@gmail.com,30,UK,3598
5705,Customer_5705,user5705@gmail.com,58,USA,3061
5706,Customer_5706,user5706@gmail.com,36,India,908
5707,Customer_5707,user5707@gmail.com,39,India,4574
5708,Customer_5708,user5708@gmail.com,37,India,613
5709,Customer_5709,user5709@gmail.com,42,USA,2528
5710,Customer_5710,user5710@gmail.com,20,India,1715
5711,Customer_5711,user5711@gmail.com,25,USA,3578
5712,Customer_5712,user5712@gmail.com,21,USA,1825
5713,Customer_5713,user5713@gmail.com,37,USA,4134
5714,Customer_5714,user5714@gmail.com,55,UK,1154
5715,Customer_5715,user5715@gmail.com,47,USA,1032
5716,Customer_5716,user5716@gmail.com,25,USA,3752
5717,Customer_5717,user5717@gmail.com,68,UK,3557
5718,Customer_5718,user5718@gmail.com,70,India,710
5719,Customer_5719,user5719@gmail.com,68,USA,525
5720,Customer_5720,user5720@gmail.com,62,USA,4276
5721,Customer_5721,user5721@gmail.com,51,India,1052
5722,Customer_5722,user5722@gmail.com,57,USA,4575
5723,Customer_5723,user5723@gmail.com,28,USA,3847
5724,Customer_5724,user5724@gmail.com,43,India,4090
5725,Customer_5725,user5725@gmail.com,51,UK,1170
5726,Customer_5726,user5726@gmail.com,66,UK,3069
5727,Customer_5727,user5727@gmail.com,60,USA,3887
5728,Customer_5728,user5728@gmail.com,63,India,835
5729,Customer_5729,user5729@gmail.com,67,UK,355
5730,Customer_5730,user5730@gmail.com,19,USA,721
5731,Customer_5731,user5731@gmail.com,63,UK,4797
5732,Customer_5732,user5732@gmail.com,44,India,4888
5733,Customer_5733,user5733@gmail.com,56,UK,1418
5734,Customer_5734,user5734@gmail.com,24,UK,4723
5735,Customer_5735,user5735@gmail.com,69,India,288
5736,Customer_5736,user5736@gmail.com,38,UK,3050
5737,Customer_5737,user5737@gmail.com,65,USA,327
5738,Customer_5738,user5738@gmail.com,40,USA,943
5739,Customer_5739,user5739@gmail.com,47,India,1079
5740,Customer_5740,user5740@gmail.com,33,India,4285
5741,Customer_5741,user5741@gmail.com,30,India,487
5742,Customer_5742,user5742@gmail.com,68,USA,4104
5743,Customer_5743,user5743@gmail.com,67,USA,4095
5744,Customer_5744,user5744@gmail.com,70,USA,1560
5745,Customer_5745,user5745@gmail.com,54,USA,3875
5746,Customer_5746,user5746@gmail.com,47,USA,1102
5747,Customer_5747,user5747@gmail.com,33,India,2553
5748,Customer_5748,user5748@gmail.com,69,USA,984
5749,Customer_5749,user5749@gmail.com,48,India,4508
5750,Customer_5750,user5750@gmail.com,40,UK,2817
5751,Customer_5751,user5751@gmail.com,61,USA,1015
5752,Customer_5752,user5752@gmail.com,20,UK,352
5753,Customer_5753,user5753@gmail.com,27,USA,4864
5754,Customer_5754,user5754@gmail.com,43,UK,2491
5755,Customer_5755,user5755@gmail.com,46,UK,4097
5756,Customer_5756,user5756@gmail.com,42,India,4454
5757,Customer_5757,user5757@gmail.com,48,USA,169
5758,Customer_5758,user5758@gmail.com,59,India,3079
5759,Customer_5759,user5759@gmail.com,53,UK,3669
5760,Customer_5760,user5760@gmail.com,48,USA,369
5761,Customer_5761,user5761@gmail.com,63,UK,4117
5762,Customer_5762,user5762@gmail.com,20,India,2513
5763,Customer_5763,user5763@gmail.com,44,India,1345
5764,Customer_5764,user5764@gmail.com,29,USA,363
5765,Customer_5765,user5765@gmail.com,21,India,4926
5766,Customer_5766,user5766@gmail.com,57,UK,2790
5767,Customer_5767,user5767@gmail.com,62,UK,3964
5768,Customer_5768,user5768@gmail.com,33,UK,1931
5769,Customer_5769,user5769@gmail.com,58,UK,511
5770,Customer_5770,user5770@gmail.com,60,USA,1485
5771,Customer_5771,user5771@gmail.com,46,India,2834
5772,Customer_5772,user5772@gmail.com,43,UK,1953
5773,Customer_5773,user5773@gmail.com,55,India,4561
5774,Customer_5774,user5774@gmail.com,68,UK,792
5775,Customer_5775,user5775@gmail.com,47,India,1346
5776,Customer_5776,user5776@gmail.com,64,USA,2333
5777,Customer_5777,user5777@gmail.com,54,USA,3260
5778,Customer_5778,user5778@gmail.com,61,USA,4253
5779,Customer_5779,user5779@gmail.com,53,UK,4755
5780,Customer_5780,user5780@gmail.com,49,UK,3467
5781,Customer_5781,user5781@gmail.com,44,UK,3515
5782,Customer_5782,user5782@gmail.com,70,UK,484
5783,Customer_5783,user5783@gmail.com,34,India,4693
5784,Customer_5784,user5784@gmail.com,23,India,4306
5785,Customer_5785,user5785@gmail.com,64,USA,314
5786,Customer_5786,user5786@gmail.com,33,USA,632
5787,Customer_5787,user5787@gmail.com,67,USA,3344
5788,Customer_5788,user5788@gmail.com,40,UK,4525
5789,Customer_5789,user5789@gmail.com,57,USA,2116
5790,Customer_5790,user5790@gmail.com,18,USA,1875
5791,Customer_5791,user5791@gmail.com,18,India,2140
5792,Customer_5792,user5792@gmail.com,56,UK,4015
5793,Customer_5793,user5793@gmail.com,19,USA,147
5794,Customer_5794,user5794@gmail.com,55,UK,1694
5795,Customer_5795,user5795@gmail.com,39,UK,2247
5796,Customer_5796,user5796@gmail.com,51,UK,1519
5797,Customer_5797,user5797@gmail.com,33,UK,2874
5798,Customer_5798,user5798@gmail.com,69,USA,4736
5799,Customer_5799,user5799@gmail.com,52,India,3391
5800,Customer_5800,user5800@gmail.com,38,UK,2416
5801,Customer_5801,user5801@gmail.com,58,UK,213
5802,Customer_5802,user5802@gmail.com,24,UK,1171
5803,Customer_5803,user5803@gmail.com,20,USA,1997
5804,Customer_5804,user5804@gmail.com,18,UK,1415
5805,Customer_5805,user5805@gmail.com,19,India,114
5806,Customer_5806,user5806@gmail.com,57,UK,2481
5807,Customer_5807,user5807@gmail.com,29,USA,3385
5808,Customer_5808,user5808@gmail.com,55,UK,796
5809,Customer_5809,user5809@gmail.com,42,USA,3041
5810,Customer_5810,user5810@gmail.com,53,India,3118
5811,Customer_5811,user5811@gmail.com,22,India,3367
5812,Customer_5812,user5812@gmail.com,40,UK,562
5813,Customer_5813,user5813@gmail.com,42,UK,1796
5814,Customer_5814,user5814@gmail.com,41,USA,716
5815,Customer_5815,user5815@gmail.com,60,UK,1127
5816,Customer_5816,user5816@gmail.com,32,India,1256
5817,Customer_5817,user5817@gmail.com,34,India,4448
5818,Customer_5818,user5818@gmail.com,53,India,1455
5819,Customer_5819,user5819@gmail.com,20,USA,3495
5820,Customer_5820,user5820@gmail.com,31,UK,1231
5821,Customer_5821,user5821@gmail.com,27,India,1566
5822,Customer_5822,user5822@gmail.com,53,UK,887
5823,Customer_5823,user5823@gmail.com,68,USA,4822
5824,Customer_5824,user5824@gmail.com,56,USA,990
5825,Customer_5825,user5825@gmail.com,25,UK,4105
5826,Customer_5826,user5826@gmail.com,19,India,1682
5827,Customer_5827,user5827@gmail.com,33,UK,4085
5828,Customer_5828,user5828@gmail.com,23,UK,3346
5829,Customer_5829,user5829@gmail.com,57,UK,3761
5830,Customer_5830,user5830@gmail.com,62,USA,2394
5831,Customer_5831,user5831@gmail.com,58,USA,2219
5832,Customer_5832,user5832@gmail.com,27,India,4682
5833,Customer_5833,user5833@gmail.com,58,India,1925
5834,Customer_5834,user5834@gmail.com,39,India,1002
5835,Customer_5835,user5835@gmail.com,52,USA,638
5836,Customer_5836,user5836@gmail.com,34,India,3097
5837,Customer_5837,user5837@gmail.com,23,UK,2867
5838,Customer_5838,user5838@gmail.com,21,USA,4935
5839,Customer_5839,user5839@gmail.com,68,India,639
5840,Customer_5840,user5840@gmail.com,50,USA,4427
5841,Customer_5841,user5841@gmail.com,37,UK,2822
5842,Customer_5842,user5842@gmail.com,42,India,3289
5843,Customer_5843,user5843@gmail.com,58,India,2937
5844,Customer_5844,user5844@gmail.com,44,USA,3260
5845,Customer_5845,user5845@gmail.com,47,India,2476
5846,Customer_5846,user5846@gmail.com,26,India,3890
5847,Customer_5847,user5847@gmail.com,19,UK,590
5848,Customer_5848,user5848@gmail.com,55,USA,4736
5849,Customer_5849,user5849@gmail.com,21,USA,160
5850,Customer_5850,user5850@gmail.com,69,UK,3786
5851,Customer_5851,user5851@gmail.com,39,India,210
5852,Customer_5852,user5852@gmail.com,40,India,4300
5853,Customer_5853,user5853@gmail.com,46,UK,1427
5854,Customer_5854,user5854@gmail.com,39,USA,1331
5855,Customer_5855,user5855@gmail.com,50,UK,2001
5856,Customer_5856,user5856@gmail.com,22,India,2508
5857,Customer_5857,user5857@gmail.com,69,UK,2645
5858,Customer_5858,user5858@gmail.com,49,UK,907
5859,Customer_5859,user5859@gmail.com,23,India,1847
5860,Customer_5860,user5860@gmail.com,31,India,4830
5861,Customer_5861,user5861@gmail.com,31,USA,921
5862,Customer_5862,user5862@gmail.com,34,India,1082
5863,Customer_5863,user5863@gmail.com,39,USA,4187
5864,Customer_5864,user5864@gmail.com,40,USA,4581
5865,Customer_5865,user5865@gmail.com,18,India,4230
5866,Customer_5866,user5866@gmail.com,69,India,3317
5867,Customer_5867,user5867@gmail.com,48,UK,454
5868,Customer_5868,user5868@gmail.com,37,UK,1707
5869,Customer_5869,user5869@gmail.com,44,UK,1755
5870,Customer_5870,user5870@gmail.com,45,UK,4627
5871,Customer_5871,user5871@gmail.com,68,UK,4092
5872,Customer_5872,user5872@gmail.com,46,USA,3090
5873,Customer_5873,user5873@gmail.com,53,USA,1644
5874,Customer_5874,user5874@gmail.com,50,USA,2438
5875,Customer_5875,user5875@gmail.com,59,India,785
5876,Customer_5876,user5876@gmail.com,52,USA,2275
5877,Customer_5877,user5877@gmail.com,40,UK,4374
5878,Customer_5878,user5878@gmail.com,32,USA,1624
5879,Customer_5879,user5879@gmail.com,48,USA,2986
5880,Customer_5880,user5880@gmail.com,61,UK,511
5881,Customer_5881,user5881@gmail.com,54,UK,4461
5882,Customer_5882,user5882@gmail.com,69,USA,1330
5883,Customer_5883,user5883@gmail.com,47,USA,281
5884,Customer_5884,user5884@gmail.com,39,India,2949
5885,Customer_5885,user5885@gmail.com,20,UK,4504
5886,Customer_5886,user5886@gmail.com,35,USA,3445
5887,Customer_5887,user5887@gmail.com,55,UK,1011
5888,Customer_5888,user5888@gmail.com,30,India,856
5889,Customer_5889,user5889@gmail.com,25,UK,2981
5890,Customer_5890,user5890@gmail.com,39,UK,4401
5891,Customer_5891,user5891@gmail.com,45,India,179
5892,Customer_5892,user5892@gmail.com,22,UK,3689
5893,Customer_5893,user5893@gmail.com,37,UK,2397
5894,Customer_5894,user5894@gmail.com,34,India,3901
5895,Customer_5895,user5895@gmail.com,19,India,1429
5896,Customer_5896,user5896@gmail.com,67,India,4095
5897,Customer_5897,user5897@gmail.com,27,USA,3566
5898,Customer_5898,user5898@gmail.com,41,UK,4507
5899,Customer_5899,user5899@gmail.com,65,India,3538
5900,Customer_5900,user5900@gmail.com,37,India,1499
5901,Customer_5901,user5901@gmail.com,69,India,3996
5902,Customer_5902,user5902@gmail.com,57,USA,3154
5903,Customer_5903,user5903@gmail.com,20,India,3171
5904,Customer_5904,user5904@gmail.com,36,UK,3566
5905,Customer_5905,user5905@gmail.com,29,UK,3143
5906,Customer_5906,user5906@gmail.com,35,India,2014
5907,Customer_5907,user5907@gmail.com,28,India,2255
5908,Customer_5908,user5908@gmail.com,19,UK,3208
5909,Customer_5909,user5909@gmail.com,37,India,2278
5910,Customer_5910,user5910@gmail.com,44,UK,1920
5911,Customer_5911,user5911@gmail.com,37,UK,520
5912,Customer_5912,user5912@gmail.com,26,UK,3020
5913,Customer_5913,user5913@gmail.com,43,USA,515
5914,Customer_5914,user5914@gmail.com,59,UK,1519
5915,Customer_5915,user5915@gmail.com,35,India,162
5916,Customer_5916,user5916@gmail.com,48,USA,1232
5917,Customer_5917,user5917@gmail.com,45,India,2068
5918,Customer_5918,user5918@gmail.com,50,USA,3417
5919,Customer_5919,user5919@gmail.com,52,USA,427
5920,Customer_5920,user5920@gmail.com,26,USA,2493
5921,Customer_5921,user5921@gmail.com,45,India,4201
5922,Customer_5922,user5922@gmail.com,27,UK,2100
5923,Customer_5923,user5923@gmail.com,69,USA,3304
5924,Customer_5924,user5924@gmail.com,27,UK,3845
5925,Customer_5925,user5925@gmail.com,27,UK,3431
5926,Customer_5926,user5926@gmail.com,63,UK,2881
5927,Customer_5927,user5927@gmail.com,21,UK,3451
5928,Customer_5928,user5928@gmail.com,34,India,3168
5929,Customer_5929,user5929@gmail.com,67,USA,1305
5930,Customer_5930,user5930@gmail.com,32,India,2212
5931,Customer_5931,user5931@gmail.com,22,UK,2014
5932,Customer_5932,user5932@gmail.com,39,India,3803
5933,Customer_5933,user5933@gmail.com,65,USA,4063
5934,Customer_5934,user5934@gmail.com,57,UK,4209
5935,Customer_5935,user5935@gmail.com,42,USA,1908
5936,Customer_5936,user5936@gmail.com,58,India,1127
5937,Customer_5937,user5937@gmail.com,56,UK,1478
5938,Customer_5938,user5938@gmail.com,43,India,2747
5939,Customer_5939,user5939@gmail.com,59,USA,2284
5940,Customer_5940,user5940@gmail.com,51,USA,1573
5941,Customer_5941,user5941@gmail.com,45,India,2099
5942,Customer_5942,user5942@gmail.com,22,USA,180
5943,Customer_5943,user5943@gmail.com,65,USA,3181
5944,Customer_5944,user5944@gmail.com,65,USA,3622
5945,Customer_5945,user5945@gmail.com,57,USA,2724
5946,Customer_5946,user5946@gmail.com,57,India,2455
5947,Customer_5947,user5947@gmail.com,23,India,2564
5948,Customer_5948,user5948@gmail.com,53,UK,1483
5949,Customer_5949,user5949@gmail.com,36,USA,4427
5950,Customer_5950,user5950@gmail.com,43,UK,4479
5951,Customer_5951,user5951@gmail.com,66,UK,4291
5952,Customer_5952,user5952@gmail.com,60,India,1824
5953,Customer_5953,user5953@gmail.com,25,USA,1607
5954,Customer_5954,user5954@gmail.com,18,UK,4053
5955,Customer_5955,user5955@gmail.com,42,India,3970
5956,Customer_5956,user5956@gmail.com,35,India,3946
5957,Customer_5957,user5957@gmail.com,29,UK,388
5958,Customer_5958,user5958@gmail.com,19,USA,1673
5959,Customer_5959,user5959@gmail.com,26,UK,1733
5960,Customer_5960,user5960@gmail.com,70,India,4762
5961,Customer_5961,user5961@gmail.com,51,India,4816
5962,Customer_5962,user5962@gmail.com,53,USA,4095
5963,Customer_5963,user5963@gmail.com,34,UK,4027
5964,Customer_5964,user5964@gmail.com,55,India,4968
5965,Customer_5965,user5965@gmail.com,33,UK,1883
5966,Customer_5966,user5966@gmail.com,67,USA,2536
5967,Customer_5967,user5967@gmail.com,33,India,514
5968,Customer_5968,user5968@gmail.com,63,India,352
5969,Customer_5969,user5969@gmail.com,52,India,2970
5970,Customer_5970,user5970@gmail.com,21,India,278
5971,Customer_5971,user5971@gmail.com,35,India,2406
5972,Customer_5972,user5972@gmail.com,68,India,1913
5973,Customer_5973,user5973@gmail.com,52,UK,3379
5974,Customer_5974,user5974@gmail.com,44,UK,2503
5975,Customer_5975,user5975@gmail.com,45,USA,3826
5976,Customer_5976,user5976@gmail.com,41,India,3417
5977,Customer_5977,user5977@gmail.com,53,India,1766
5978,Customer_5978,user5978@gmail.com,39,USA,1490
5979,Customer_5979,user5979@gmail.com,31,USA,3528
5980,Customer_5980,user5980@gmail.com,52,USA,1034
5981,Customer_5981,user5981@gmail.com,52,USA,4730
5982,Customer_5982,user5982@gmail.com,45,USA,1963
5983,Customer_5983,user5983@gmail.com,28,UK,1052
5984,Customer_5984,user5984@gmail.com,53,UK,4879
5985,Customer_5985,user5985@gmail.com,23,India,992
5986,Customer_5986,user5986@gmail.com,70,USA,4608
5987,Customer_5987,user5987@gmail.com,33,UK,4897
5988,Customer_5988,user5988@gmail.com,18,India,3732
5989,Customer_5989,user5989@gmail.com,51,UK,612
5990,Customer_5990,user5990@gmail.com,54,USA,2918
5991,Customer_5991,user5991@gmail.com,25,India,2708
5992,Customer_5992,user5992@gmail.com,56,UK,199
5993,Customer_5993,user5993@gmail.com,37,USA,3856
5994,Customer_5994,user5994@gmail.com,32,USA,1895
5995,Customer_5995,user5995@gmail.com,22,USA,3514
5996,Customer_5996,user5996@gmail.com,67,India,2616
5997,Customer_5997,user5997@gmail.com,56,India,3171
5998,Customer_5998,user5998@gmail.com,24,India,4586
5999,Customer_5999,user5999@gmail.com,26,UK,1115
6000,Customer_6000,user6000@gmail.com,20,USA,2858
6001,Customer_6001,user6001@gmail.com,44,UK,4172
6002,Customer_6002,user6002@gmail.com,52,USA,1232
6003,Customer_6003,user6003@gmail.com,63,UK,4432
6004,Customer_6004,user6004@gmail.com,61,India,2981
6005,Customer_6005,user6005@gmail.com,27,UK,1782
6006,Customer_6006,user6006@gmail.com,70,USA,2148
6007,Customer_6007,user6007@gmail.com,19,UK,2555
6008,Customer_6008,user6008@gmail.com,42,UK,4049
6009,Customer_6009,user6009@gmail.com,36,UK,1876
6010,Customer_6010,user6010@gmail.com,20,UK,1141
6011,Customer_6011,user6011@gmail.com,36,UK,303
6012,Customer_6012,user6012@gmail.com,69,India,1547
6013,Customer_6013,user6013@gmail.com,27,India,2783
6014,Customer_6014,user6014@gmail.com,68,India,124
6015,Customer_6015,user6015@gmail.com,32,UK,4317
6016,Customer_6016,user6016@gmail.com,64,USA,4386
6017,Customer_6017,user6017@gmail.com,22,India,1550
6018,Customer_6018,user6018@gmail.com,41,UK,1740
6019,Customer_6019,user6019@gmail.com,59,India,938
6020,Customer_6020,user6020@gmail.com,36,UK,1864
6021,Customer_6021,user6021@gmail.com,21,UK,2489
6022,Customer_6022,user6022@gmail.com,53,India,4181
6023,Customer_6023,user6023@gmail.com,49,USA,4089
6024,Customer_6024,user6024@gmail.com,24,India,215
6025,Customer_6025,user6025@gmail.com,20,UK,4888
6026,Customer_6026,user6026@gmail.com,60,UK,3447
6027,Customer_6027,user6027@gmail.com,36,UK,3825
6028,Customer_6028,user6028@gmail.com,54,India,1050
6029,Customer_6029,user6029@gmail.com,30,USA,1495
6030,Customer_6030,user6030@gmail.com,23,UK,4225
6031,Customer_6031,user6031@gmail.com,25,UK,4023
6032,Customer_6032,user6032@gmail.com,54,UK,2308
6033,Customer_6033,user6033@gmail.com,55,India,1994
6034,Customer_6034,user6034@gmail.com,65,USA,4264
6035,Customer_6035,user6035@gmail.com,56,UK,1277
6036,Customer_6036,user6036@gmail.com,33,India,4866
6037,Customer_6037,user6037@gmail.com,53,UK,685
6038,Customer_6038,user6038@gmail.com,62,USA,2898
6039,Customer_6039,user6039@gmail.com,58,UK,4390
6040,Customer_6040,user6040@gmail.com,44,UK,2596
6041,Customer_6041,user6041@gmail.com,45,USA,1833
6042,Customer_6042,user6042@gmail.com,29,UK,2908
6043,Customer_6043,user6043@gmail.com,25,UK,1244
6044,Customer_6044,user6044@gmail.com,24,India,1911
6045,Customer_6045,user6045@gmail.com,67,India,4730
6046,Customer_6046,user6046@gmail.com,62,USA,554
6047,Customer_6047,user6047@gmail.com,26,UK,2359
6048,Customer_6048,user6048@gmail.com,57,USA,2370
6049,Customer_6049,user6049@gmail.com,28,USA,1488
6050,Customer_6050,user6050@gmail.com,24,India,1631
6051,Customer_6051,user6051@gmail.com,42,USA,1588
6052,Customer_6052,user6052@gmail.com,27,India,2193
6053,Customer_6053,user6053@gmail.com,46,India,975
6054,Customer_6054,user6054@gmail.com,34,USA,3154
6055,Customer_6055,user6055@gmail.com,60,India,3380
6056,Customer_6056,user6056@gmail.com,26,India,1472
6057,Customer_6057,user6057@gmail.com,32,USA,294
6058,Customer_6058,user6058@gmail.com,30,USA,3034
6059,Customer_6059,user6059@gmail.com,26,USA,4244
6060,Customer_6060,user6060@gmail.com,56,USA,4035
6061,Customer_6061,user6061@gmail.com,48,USA,3652
6062,Customer_6062,user6062@gmail.com,52,USA,1574
6063,Customer_6063,user6063@gmail.com,43,India,1347
6064,Customer_6064,user6064@gmail.com,20,USA,4930
6065,Customer_6065,user6065@gmail.com,44,USA,1752
6066,Customer_6066,user6066@gmail.com,34,UK,1716
6067,Customer_6067,user6067@gmail.com,60,USA,2908
6068,Customer_6068,user6068@gmail.com,39,USA,2946
6069,Customer_6069,user6069@gmail.com,41,USA,3111
6070,Customer_6070,user6070@gmail.com,51,UK,4841
6071,Customer_6071,user6071@gmail.com,42,India,4517
6072,Customer_6072,user6072@gmail.com,63,USA,258
6073,Customer_6073,user6073@gmail.com,68,India,3590
6074,Customer_6074,user6074@gmail.com,23,USA,1162
6075,Customer_6075,user6075@gmail.com,28,UK,1524
6076,Customer_6076,user6076@gmail.com,26,India,4630
6077,Customer_6077,user6077@gmail.com,64,USA,2014
6078,Customer_6078,user6078@gmail.com,57,USA,4818
6079,Customer_6079,user6079@gmail.com,68,UK,4948
6080,Customer_6080,user6080@gmail.com,44,India,4360
6081,Customer_6081,user6081@gmail.com,25,India,932
6082,Customer_6082,user6082@gmail.com,56,India,1177
6083,Customer_6083,user6083@gmail.com,60,India,3812
6084,Customer_6084,user6084@gmail.com,64,India,1228
6085,Customer_6085,user6085@gmail.com,64,India,2522
6086,Customer_6086,user6086@gmail.com,51,UK,1705
6087,Customer_6087,user6087@gmail.com,36,India,2162
6088,Customer_6088,user6088@gmail.com,68,India,1079
6089,Customer_6089,user6089@gmail.com,27,UK,1622
6090,Customer_6090,user6090@gmail.com,30,UK,261
6091,Customer_6091,user6091@gmail.com,68,USA,798
6092,Customer_6092,user6092@gmail.com,52,UK,128
6093,Customer_6093,user6093@gmail.com,70,USA,2311
6094,Customer_6094,user6094@gmail.com,49,UK,2440
6095,Customer_6095,user6095@gmail.com,56,USA,3595
6096,Customer_6096,user6096@gmail.com,31,UK,1764
6097,Customer_6097,user6097@gmail.com,40,USA,4085
6098,Customer_6098,user6098@gmail.com,70,India,3086
6099,Customer_6099,user6099@gmail.com,35,India,2939
6100,Customer_6100,user6100@gmail.com,18,USA,3525
6101,Customer_6101,user6101@gmail.com,36,UK,3588
6102,Customer_6102,user6102@gmail.com,43,UK,368
6103,Customer_6103,user6103@gmail.com,62,USA,2232
6104,Customer_6104,user6104@gmail.com,55,UK,1163
6105,Customer_6105,user6105@gmail.com,30,India,602
6106,Customer_6106,user6106@gmail.com,52,USA,4219
6107,Customer_6107,user6107@gmail.com,60,USA,1798
6108,Customer_6108,user6108@gmail.com,54,USA,2673
6109,Customer_6109,user6109@gmail.com,55,UK,3222
6110,Customer_6110,user6110@gmail.com,51,India,3092
6111,Customer_6111,user6111@gmail.com,48,UK,2264
6112,Customer_6112,user6112@gmail.com,48,India,4978
6113,Customer_6113,user6113@gmail.com,36,UK,1020
6114,Customer_6114,user6114@gmail.com,42,USA,929
6115,Customer_6115,user6115@gmail.com,41,India,4977
6116,Customer_6116,user6116@gmail.com,49,USA,2860
6117,Customer_6117,user6117@gmail.com,65,USA,3012
6118,Customer_6118,user6118@gmail.com,62,India,852
6119,Customer_6119,user6119@gmail.com,45,USA,1850
6120,Customer_6120,user6120@gmail.com,65,UK,2001
6121,Customer_6121,user6121@gmail.com,36,USA,3646
6122,Customer_6122,user6122@gmail.com,19,USA,4191
6123,Customer_6123,user6123@gmail.com,21,India,2553
6124,Customer_6124,user6124@gmail.com,29,USA,3104
6125,Customer_6125,user6125@gmail.com,43,USA,2060
6126,Customer_6126,user6126@gmail.com,42,UK,4545
6127,Customer_6127,user6127@gmail.com,25,India,2350
6128,Customer_6128,user6128@gmail.com,37,USA,3512
6129,Customer_6129,user6129@gmail.com,57,USA,817
6130,Customer_6130,user6130@gmail.com,20,UK,4909
6131,Customer_6131,user6131@gmail.com,70,UK,1505
6132,Customer_6132,user6132@gmail.com,30,UK,4267
6133,Customer_6133,user6133@gmail.com,62,USA,1115
6134,Customer_6134,user6134@gmail.com,18,India,3331
6135,Customer_6135,user6135@gmail.com,62,USA,4063
6136,Customer_6136,user6136@gmail.com,46,India,4971
6137,Customer_6137,user6137@gmail.com,65,India,4877
6138,Customer_6138,user6138@gmail.com,37,UK,3742
6139,Customer_6139,user6139@gmail.com,68,UK,4360
6140,Customer_6140,user6140@gmail.com,38,USA,3750
6141,Customer_6141,user6141@gmail.com,37,UK,189
6142,Customer_6142,user6142@gmail.com,39,UK,4344
6143,Customer_6143,user6143@gmail.com,46,India,2931
6144,Customer_6144,user6144@gmail.com,34,India,1476
6145,Customer_6145,user6145@gmail.com,20,USA,3991
6146,Customer_6146,user6146@gmail.com,41,India,3592
6147,Customer_6147,user6147@gmail.com,63,UK,1262
6148,Customer_6148,user6148@gmail.com,37,USA,2326
6149,Customer_6149,user6149@gmail.com,24,UK,2910
6150,Customer_6150,user6150@gmail.com,24,India,3418
6151,Customer_6151,user6151@gmail.com,51,UK,3045
6152,Customer_6152,user6152@gmail.com,35,UK,1124
6153,Customer_6153,user6153@gmail.com,67,USA,845
6154,Customer_6154,user6154@gmail.com,37,India,3870
6155,Customer_6155,user6155@gmail.com,34,UK,2024
6156,Customer_6156,user6156@gmail.com,32,UK,862
6157,Customer_6157,user6157@gmail.com,65,USA,2351
6158,Customer_6158,user6158@gmail.com,22,UK,2124
6159,Customer_6159,user6159@gmail.com,67,India,2859
6160,Customer_6160,user6160@gmail.com,33,India,2482
6161,Customer_6161,user6161@gmail.com,35,India,2590
6162,Customer_6162,user6162@gmail.com,19,UK,3884
6163,Customer_6163,user6163@gmail.com,66,USA,2247
6164,Customer_6164,user6164@gmail.com,27,USA,996
6165,Customer_6165,user6165@gmail.com,51,UK,4240
6166,Customer_6166,user6166@gmail.com,34,India,4739
6167,Customer_6167,user6167@gmail.com,45,UK,1045
6168,Customer_6168,user6168@gmail.com,28,India,4374
6169,Customer_6169,user6169@gmail.com,30,India,1925
6170,Customer_6170,user6170@gmail.com,59,USA,3321
6171,Customer_6171,user6171@gmail.com,39,UK,2317
6172,Customer_6172,user6172@gmail.com,48,UK,973
6173,Customer_6173,user6173@gmail.com,44,UK,1010
6174,Customer_6174,user6174@gmail.com,59,UK,353
6175,Customer_6175,user6175@gmail.com,48,USA,626
6176,Customer_6176,user6176@gmail.com,53,India,1384
6177,Customer_6177,user6177@gmail.com,38,USA,4310
6178,Customer_6178,user6178@gmail.com,27,USA,3860
6179,Customer_6179,user6179@gmail.com,58,UK,1770
6180,Customer_6180,user6180@gmail.com,70,UK,737
6181,Customer_6181,user6181@gmail.com,54,UK,1064
6182,Customer_6182,user6182@gmail.com,61,UK,2166
6183,Customer_6183,user6183@gmail.com,34,USA,4630
6184,Customer_6184,user6184@gmail.com,56,India,3994
6185,Customer_6185,user6185@gmail.com,54,UK,2224
6186,Customer_6186,user6186@gmail.com,51,USA,677
6187,Customer_6187,user6187@gmail.com,42,UK,4126
6188,Customer_6188,user6188@gmail.com,26,USA,939
6189,Customer_6189,user6189@gmail.com,29,USA,3110
6190,Customer_6190,user6190@gmail.com,30,USA,778
6191,Customer_6191,user6191@gmail.com,35,USA,4167
6192,Customer_6192,user6192@gmail.com,62,USA,1790
6193,Customer_6193,user6193@gmail.com,44,India,633
6194,Customer_6194,user6194@gmail.com,45,India,722
6195,Customer_6195,user6195@gmail.com,48,USA,4550
6196,Customer_6196,user6196@gmail.com,58,India,1518
6197,Customer_6197,user6197@gmail.com,61,UK,566
6198,Customer_6198,user6198@gmail.com,41,India,4459
6199,Customer_6199,user6199@gmail.com,26,UK,2587
6200,Customer_6200,user6200@gmail.com,31,India,3340
6201,Customer_6201,user6201@gmail.com,61,UK,155
6202,Customer_6202,user6202@gmail.com,64,USA,1113
6203,Customer_6203,user6203@gmail.com,36,UK,3296
6204,Customer_6204,user6204@gmail.com,32,UK,2673
6205,Customer_6205,user6205@gmail.com,50,USA,3644
6206,Customer_6206,user6206@gmail.com,33,USA,2050
6207,Customer_6207,user6207@gmail.com,61,UK,893
6208,Customer_6208,user6208@gmail.com,52,India,1472
6209,Customer_6209,user6209@gmail.com,61,UK,341
6210,Customer_6210,user6210@gmail.com,24,USA,2142
6211,Customer_6211,user6211@gmail.com,31,India,544
6212,Customer_6212,user6212@gmail.com,18,UK,4785
6213,Customer_6213,user6213@gmail.com,37,USA,2929
6214,Customer_6214,user6214@gmail.com,50,UK,797
6215,Customer_6215,user6215@gmail.com,61,USA,513
6216,Customer_6216,user6216@gmail.com,26,USA,3877
6217,Customer_6217,user6217@gmail.com,66,India,4793
6218,Customer_6218,user6218@gmail.com,30,UK,3680
6219,Customer_6219,user6219@gmail.com,66,India,324
6220,Customer_6220,user6220@gmail.com,44,UK,4450
6221,Customer_6221,user6221@gmail.com,29,USA,3214
6222,Customer_6222,user6222@gmail.com,36,India,4298
6223,Customer_6223,user6223@gmail.com,44,USA,1773
6224,Customer_6224,user6224@gmail.com,47,India,2769
6225,Customer_6225,user6225@gmail.com,21,India,1666
6226,Customer_6226,user6226@gmail.com,35,India,1113
6227,Customer_6227,user6227@gmail.com,45,UK,1908
6228,Customer_6228,user6228@gmail.com,23,USA,3303
6229,Customer_6229,user6229@gmail.com,61,India,3842
6230,Customer_6230,user6230@gmail.com,66,UK,2290
6231,Customer_6231,user6231@gmail.com,59,USA,4107
6232,Customer_6232,user6232@gmail.com,44,USA,3006
6233,Customer_6233,user6233@gmail.com,70,India,570
6234,Customer_6234,user6234@gmail.com,33,USA,1025
6235,Customer_6235,user6235@gmail.com,18,UK,1815
6236,Customer_6236,user6236@gmail.com,30,UK,2378
6237,Customer_6237,user6237@gmail.com,41,USA,3368
6238,Customer_6238,user6238@gmail.com,49,UK,642
6239,Customer_6239,user6239@gmail.com,49,USA,2827
6240,Customer_6240,user6240@gmail.com,40,UK,4991
6241,Customer_6241,user6241@gmail.com,34,UK,406
6242,Customer_6242,user6242@gmail.com,28,UK,4550
6243,Customer_6243,user6243@gmail.com,25,India,234
6244,Customer_6244,user6244@gmail.com,24,USA,3383
6245,Customer_6245,user6245@gmail.com,65,India,3691
6246,Customer_6246,user6246@gmail.com,21,USA,563
6247,Customer_6247,user6247@gmail.com,31,USA,3399
6248,Customer_6248,user6248@gmail.com,69,India,4116
6249,Customer_6249,user6249@gmail.com,50,UK,4899
6250,Customer_6250,user6250@gmail.com,64,UK,3406
6251,Customer_6251,user6251@gmail.com,39,USA,1530
6252,Customer_6252,user6252@gmail.com,30,USA,3886
6253,Customer_6253,user6253@gmail.com,41,UK,2940
6254,Customer_6254,user6254@gmail.com,50,UK,2505
6255,Customer_6255,user6255@gmail.com,19,UK,4792
6256,Customer_6256,user6256@gmail.com,31,USA,735
6257,Customer_6257,user6257@gmail.com,29,USA,2454
6258,Customer_6258,user6258@gmail.com,41,India,3182
6259,Customer_6259,user6259@gmail.com,63,USA,2474
6260,Customer_6260,user6260@gmail.com,37,India,4493
6261,Customer_6261,user6261@gmail.com,42,UK,1744
6262,Customer_6262,user6262@gmail.com,32,India,175
6263,Customer_6263,user6263@gmail.com,35,UK,3326
6264,Customer_6264,user6264@gmail.com,59,India,3120
6265,Customer_6265,user6265@gmail.com,31,USA,4508
6266,Customer_6266,user6266@gmail.com,62,UK,2867
6267,Customer_6267,user6267@gmail.com,53,USA,4231
6268,Customer_6268,user6268@gmail.com,47,India,4357
6269,Customer_6269,user6269@gmail.com,69,India,319
6270,Customer_6270,user6270@gmail.com,56,India,146
6271,Customer_6271,user6271@gmail.com,53,India,4327
6272,Customer_6272,user6272@gmail.com,46,India,868
6273,Customer_6273,user6273@gmail.com,39,India,4899
6274,Customer_6274,user6274@gmail.com,51,USA,3674
6275,Customer_6275,user6275@gmail.com,20,India,1175
6276,Customer_6276,user6276@gmail.com,59,India,4816
6277,Customer_6277,user6277@gmail.com,26,USA,3705
6278,Customer_6278,user6278@gmail.com,53,UK,3432
6279,Customer_6279,user6279@gmail.com,46,UK,179
6280,Customer_6280,user6280@gmail.com,60,India,2599
6281,Customer_6281,user6281@gmail.com,48,UK,550
6282,Customer_6282,user6282@gmail.com,31,UK,1813
6283,Customer_6283,user6283@gmail.com,28,UK,4829
6284,Customer_6284,user6284@gmail.com,26,India,799
6285,Customer_6285,user6285@gmail.com,64,UK,400
6286,Customer_6286,user6286@gmail.com,60,USA,4827
6287,Customer_6287,user6287@gmail.com,65,USA,1212
6288,Customer_6288,user6288@gmail.com,42,UK,1301
6289,Customer_6289,user6289@gmail.com,35,UK,1566
6290,Customer_6290,user6290@gmail.com,34,USA,2761
6291,Customer_6291,user6291@gmail.com,36,UK,1005
6292,Customer_6292,user6292@gmail.com,46,India,2624
6293,Customer_6293,user6293@gmail.com,68,USA,4859
6294,Customer_6294,user6294@gmail.com,62,India,456
6295,Customer_6295,user6295@gmail.com,56,UK,1755
6296,Customer_6296,user6296@gmail.com,19,India,215
6297,Customer_6297,user6297@gmail.com,37,USA,292
6298,Customer_6298,user6298@gmail.com,41,USA,3662
6299,Customer_6299,user6299@gmail.com,47,UK,883
6300,Customer_6300,user6300@gmail.com,63,USA,1156
6301,Customer_6301,user6301@gmail.com,46,USA,2437
6302,Customer_6302,user6302@gmail.com,25,USA,1220
6303,Customer_6303,user6303@gmail.com,64,India,913
6304,Customer_6304,user6304@gmail.com,61,UK,1548
6305,Customer_6305,user6305@gmail.com,35,UK,3855
6306,Customer_6306,user6306@gmail.com,42,USA,3725
6307,Customer_6307,user6307@gmail.com,41,USA,2662
6308,Customer_6308,user6308@gmail.com,64,India,1561
6309,Customer_6309,user6309@gmail.com,31,UK,3186
6310,Customer_6310,user6310@gmail.com,19,India,628
6311,Customer_6311,user6311@gmail.com,40,UK,1509
6312,Customer_6312,user6312@gmail.com,69,India,2483
6313,Customer_6313,user6313@gmail.com,24,India,1449
6314,Customer_6314,user6314@gmail.com,60,UK,2120
6315,Customer_6315,user6315@gmail.com,49,USA,3488
6316,Customer_6316,user6316@gmail.com,55,India,4756
6317,Customer_6317,user6317@gmail.com,31,USA,4580
6318,Customer_6318,user6318@gmail.com,32,India,1152
6319,Customer_6319,user6319@gmail.com,41,UK,1474
6320,Customer_6320,user6320@gmail.com,21,UK,1159
6321,Customer_6321,user6321@gmail.com,18,UK,2186
6322,Customer_6322,user6322@gmail.com,69,India,1101
6323,Customer_6323,user6323@gmail.com,55,USA,430
6324,Customer_6324,user6324@gmail.com,57,India,2038
6325,Customer_6325,user6325@gmail.com,59,USA,3979
6326,Customer_6326,user6326@gmail.com,43,USA,2338
6327,Customer_6327,user6327@gmail.com,23,USA,2227
6328,Customer_6328,user6328@gmail.com,25,UK,3549
6329,Customer_6329,user6329@gmail.com,67,USA,1133
6330,Customer_6330,user6330@gmail.com,42,UK,744
6331,Customer_6331,user6331@gmail.com,19,India,3234
6332,Customer_6332,user6332@gmail.com,41,USA,2919
6333,Customer_6333,user6333@gmail.com,36,USA,2910
6334,Customer_6334,user6334@gmail.com,33,UK,3109
6335,Customer_6335,user6335@gmail.com,35,USA,4776
6336,Customer_6336,user6336@gmail.com,25,UK,2085
6337,Customer_6337,user6337@gmail.com,25,USA,1379
6338,Customer_6338,user6338@gmail.com,46,UK,4506
6339,Customer_6339,user6339@gmail.com,52,UK,4367
6340,Customer_6340,user6340@gmail.com,24,UK,3060
6341,Customer_6341,user6341@gmail.com,38,USA,1027
6342,Customer_6342,user6342@gmail.com,31,UK,4456
6343,Customer_6343,user6343@gmail.com,56,USA,4989
6344,Customer_6344,user6344@gmail.com,62,USA,4677
6345,Customer_6345,user6345@gmail.com,20,India,451
6346,Customer_6346,user6346@gmail.com,34,UK,4962
6347,Customer_6347,user6347@gmail.com,38,USA,1408
6348,Customer_6348,user6348@gmail.com,18,India,2999
6349,Customer_6349,user6349@gmail.com,21,UK,2450
6350,Customer_6350,user6350@gmail.com,58,UK,770
6351,Customer_6351,user6351@gmail.com,24,UK,4069
6352,Customer_6352,user6352@gmail.com,62,USA,1230
6353,Customer_6353,user6353@gmail.com,58,India,2271
6354,Customer_6354,user6354@gmail.com,61,USA,215
6355,Customer_6355,user6355@gmail.com,45,India,3482
6356,Customer_6356,user6356@gmail.com,20,UK,2807
6357,Customer_6357,user6357@gmail.com,37,USA,3287
6358,Customer_6358,user6358@gmail.com,47,USA,1994
6359,Customer_6359,user6359@gmail.com,61,India,4939
6360,Customer_6360,user6360@gmail.com,70,India,1202
6361,Customer_6361,user6361@gmail.com,33,UK,966
6362,Customer_6362,user6362@gmail.com,59,USA,126
6363,Customer_6363,user6363@gmail.com,63,USA,3674
6364,Customer_6364,user6364@gmail.com,21,UK,4448
6365,Customer_6365,user6365@gmail.com,25,USA,1812
6366,Customer_6366,user6366@gmail.com,60,India,2808
6367,Customer_6367,user6367@gmail.com,39,India,2517
6368,Customer_6368,user6368@gmail.com,44,UK,327
6369,Customer_6369,user6369@gmail.com,24,India,233
6370,Customer_6370,user6370@gmail.com,31,UK,2528
6371,Customer_6371,user6371@gmail.com,31,USA,373
6372,Customer_6372,user6372@gmail.com,34,India,4564
6373,Customer_6373,user6373@gmail.com,35,USA,4969
6374,Customer_6374,user6374@gmail.com,54,USA,1730
6375,Customer_6375,user6375@gmail.com,24,UK,2615
6376,Customer_6376,user6376@gmail.com,56,UK,3794
6377,Customer_6377,user6377@gmail.com,53,USA,1352
6378,Customer_6378,user6378@gmail.com,38,UK,1066
6379,Customer_6379,user6379@gmail.com,28,India,3670
6380,Customer_6380,user6380@gmail.com,51,USA,4998
6381,Customer_6381,user6381@gmail.com,33,UK,3918
6382,Customer_6382,user6382@gmail.com,33,USA,3189
6383,Customer_6383,user6383@gmail.com,54,India,3941
6384,Customer_6384,user6384@gmail.com,39,USA,3922
6385,Customer_6385,user6385@gmail.com,36,USA,4052
6386,Customer_6386,user6386@gmail.com,35,USA,162
6387,Customer_6387,user6387@gmail.com,46,USA,3050
6388,Customer_6388,user6388@gmail.com,54,UK,2792
6389,Customer_6389,user6389@gmail.com,44,India,3547
6390,Customer_6390,user6390@gmail.com,60,UK,2013
6391,Customer_6391,user6391@gmail.com,52,UK,771
6392,Customer_6392,user6392@gmail.com,51,India,2003
6393,Customer_6393,user6393@gmail.com,49,USA,1084
6394,Customer_6394,user6394@gmail.com,25,UK,4801
6395,Customer_6395,user6395@gmail.com,26,UK,1839
6396,Customer_6396,user6396@gmail.com,38,UK,3436
6397,Customer_6397,user6397@gmail.com,29,India,1281
6398,Customer_6398,user6398@gmail.com,25,India,2644
6399,Customer_6399,user6399@gmail.com,41,UK,3687
6400,Customer_6400,user6400@gmail.com,46,USA,1031
6401,Customer_6401,user6401@gmail.com,34,USA,3121
6402,Customer_6402,user6402@gmail.com,25,India,1831
6403,Customer_6403,user6403@gmail.com,68,UK,1714
6404,Customer_6404,user6404@gmail.com,48,USA,1553
6405,Customer_6405,user6405@gmail.com,28,USA,4074
6406,Customer_6406,user6406@gmail.com,20,India,4838
6407,Customer_6407,user6407@gmail.com,31,USA,849
6408,Customer_6408,user6408@gmail.com,67,USA,4243
6409,Customer_6409,user6409@gmail.com,68,UK,3239
6410,Customer_6410,user6410@gmail.com,36,UK,101
6411,Customer_6411,user6411@gmail.com,30,India,1806
6412,Customer_6412,user6412@gmail.com,33,UK,512
6413,Customer_6413,user6413@gmail.com,39,UK,1953
6414,Customer_6414,user6414@gmail.com,21,USA,3856
6415,Customer_6415,user6415@gmail.com,54,India,1352
6416,Customer_6416,user6416@gmail.com,36,India,420
6417,Customer_6417,user6417@gmail.com,34,UK,781
6418,Customer_6418,user6418@gmail.com,25,UK,1244
6419,Customer_6419,user6419@gmail.com,57,UK,2713
6420,Customer_6420,user6420@gmail.com,26,UK,1907
6421,Customer_6421,user6421@gmail.com,50,India,4774
6422,Customer_6422,user6422@gmail.com,31,UK,4581
6423,Customer_6423,user6423@gmail.com,33,UK,3048
6424,Customer_6424,user6424@gmail.com,63,India,2187
6425,Customer_6425,user6425@gmail.com,48,USA,899
6426,Customer_6426,user6426@gmail.com,36,India,3887
6427,Customer_6427,user6427@gmail.com,67,USA,4889
6428,Customer_6428,user6428@gmail.com,69,USA,310
6429,Customer_6429,user6429@gmail.com,42,India,4297
6430,Customer_6430,user6430@gmail.com,30,USA,3220
6431,Customer_6431,user6431@gmail.com,18,USA,2565
6432,Customer_6432,user6432@gmail.com,45,USA,1072
6433,Customer_6433,user6433@gmail.com,57,India,1481
6434,Customer_6434,user6434@gmail.com,46,USA,817
6435,Customer_6435,user6435@gmail.com,48,USA,4429
6436,Customer_6436,user6436@gmail.com,60,UK,3571
6437,Customer_6437,user6437@gmail.com,52,India,2149
6438,Customer_6438,user6438@gmail.com,47,India,3402
6439,Customer_6439,user6439@gmail.com,64,India,1443
6440,Customer_6440,user6440@gmail.com,56,USA,2272
6441,Customer_6441,user6441@gmail.com,57,India,2427
6442,Customer_6442,user6442@gmail.com,21,UK,1815
6443,Customer_6443,user6443@gmail.com,18,USA,1255
6444,Customer_6444,user6444@gmail.com,54,UK,868
6445,Customer_6445,user6445@gmail.com,46,India,2123
6446,Customer_6446,user6446@gmail.com,31,UK,3254
6447,Customer_6447,user6447@gmail.com,39,India,4763
6448,Customer_6448,user6448@gmail.com,53,UK,4924
6449,Customer_6449,user6449@gmail.com,25,UK,2187
6450,Customer_6450,user6450@gmail.com,36,USA,1957
6451,Customer_6451,user6451@gmail.com,59,India,3457
6452,Customer_6452,user6452@gmail.com,61,UK,4143
6453,Customer_6453,user6453@gmail.com,52,USA,4508
6454,Customer_6454,user6454@gmail.com,54,India,418
6455,Customer_6455,user6455@gmail.com,70,USA,4274
6456,Customer_6456,user6456@gmail.com,41,UK,1043
6457,Customer_6457,user6457@gmail.com,41,UK,3772
6458,Customer_6458,user6458@gmail.com,65,India,287
6459,Customer_6459,user6459@gmail.com,32,India,1891
6460,Customer_6460,user6460@gmail.com,42,UK,2842
6461,Customer_6461,user6461@gmail.com,32,UK,3484
6462,Customer_6462,user6462@gmail.com,38,UK,1533
6463,Customer_6463,user6463@gmail.com,26,USA,4358
6464,Customer_6464,user6464@gmail.com,68,UK,566
6465,Customer_6465,user6465@gmail.com,58,UK,4326
6466,Customer_6466,user6466@gmail.com,22,India,3180
6467,Customer_6467,user6467@gmail.com,65,India,3594
6468,Customer_6468,user6468@gmail.com,45,UK,2921
6469,Customer_6469,user6469@gmail.com,40,UK,319
6470,Customer_6470,user6470@gmail.com,30,India,1568
6471,Customer_6471,user6471@gmail.com,30,UK,3718
6472,Customer_6472,user6472@gmail.com,70,USA,291
6473,Customer_6473,user6473@gmail.com,67,UK,1515
6474,Customer_6474,user6474@gmail.com,34,India,3701
6475,Customer_6475,user6475@gmail.com,24,USA,626
6476,Customer_6476,user6476@gmail.com,21,UK,2026
6477,Customer_6477,user6477@gmail.com,50,India,559
6478,Customer_6478,user6478@gmail.com,70,UK,3537
6479,Customer_6479,user6479@gmail.com,55,India,3539
6480,Customer_6480,user6480@gmail.com,40,India,1495
6481,Customer_6481,user6481@gmail.com,39,UK,3516
6482,Customer_6482,user6482@gmail.com,62,UK,764
6483,Customer_6483,user6483@gmail.com,34,USA,1087
6484,Customer_6484,user6484@gmail.com,18,India,3020
6485,Customer_6485,user6485@gmail.com,61,India,3549
6486,Customer_6486,user6486@gmail.com,25,India,1732
6487,Customer_6487,user6487@gmail.com,44,India,408
6488,Customer_6488,user6488@gmail.com,55,UK,4368
6489,Customer_6489,user6489@gmail.com,24,UK,1474
6490,Customer_6490,user6490@gmail.com,27,USA,4596
6491,Customer_6491,user6491@gmail.com,62,UK,2642
6492,Customer_6492,user6492@gmail.com,58,UK,3929
6493,Customer_6493,user6493@gmail.com,57,UK,3033
6494,Customer_6494,user6494@gmail.com,49,UK,2876
6495,Customer_6495,user6495@gmail.com,48,USA,379
6496,Customer_6496,user6496@gmail.com,51,India,3056
6497,Customer_6497,user6497@gmail.com,34,India,4819
6498,Customer_6498,user6498@gmail.com,60,India,4275
6499,Customer_6499,user6499@gmail.com,33,India,2226
6500,Customer_6500,user6500@gmail.com,39,India,1821
6501,Customer_6501,user6501@gmail.com,54,India,4075
6502,Customer_6502,user6502@gmail.com,52,India,2102
6503,Customer_6503,user6503@gmail.com,56,USA,954
6504,Customer_6504,user6504@gmail.com,19,India,3510
6505,Customer_6505,user6505@gmail.com,61,India,4215
6506,Customer_6506,user6506@gmail.com,44,India,1720
6507,Customer_6507,user6507@gmail.com,40,India,4664
6508,Customer_6508,user6508@gmail.com,21,USA,155
6509,Customer_6509,user6509@gmail.com,23,India,3345
6510,Customer_6510,user6510@gmail.com,39,India,1957
6511,Customer_6511,user6511@gmail.com,35,UK,3930
6512,Customer_6512,user6512@gmail.com,27,India,2062
6513,Customer_6513,user6513@gmail.com,45,USA,4060
6514,Customer_6514,user6514@gmail.com,49,UK,2430
6515,Customer_6515,user6515@gmail.com,25,USA,2784
6516,Customer_6516,user6516@gmail.com,39,USA,1441
6517,Customer_6517,user6517@gmail.com,34,UK,2734
6518,Customer_6518,user6518@gmail.com,41,India,873
6519,Customer_6519,user6519@gmail.com,64,India,3769
6520,Customer_6520,user6520@gmail.com,59,USA,646
6521,Customer_6521,user6521@gmail.com,58,USA,4406
6522,Customer_6522,user6522@gmail.com,53,USA,4511
6523,Customer_6523,user6523@gmail.com,47,UK,4258
6524,Customer_6524,user6524@gmail.com,58,India,190
6525,Customer_6525,user6525@gmail.com,57,UK,1210
6526,Customer_6526,user6526@gmail.com,32,UK,4821
6527,Customer_6527,user6527@gmail.com,22,UK,743
6528,Customer_6528,user6528@gmail.com,54,USA,4222
6529,Customer_6529,user6529@gmail.com,34,USA,4694
6530,Customer_6530,user6530@gmail.com,65,India,938
6531,Customer_6531,user6531@gmail.com,45,India,1228
6532,Customer_6532,user6532@gmail.com,68,USA,3412
6533,Customer_6533,user6533@gmail.com,29,UK,2528
6534,Customer_6534,user6534@gmail.com,33,UK,2152
6535,Customer_6535,user6535@gmail.com,35,USA,1420
6536,Customer_6536,user6536@gmail.com,66,India,988
6537,Customer_6537,user6537@gmail.com,55,India,1757
6538,Customer_6538,user6538@gmail.com,39,USA,2450
6539,Customer_6539,user6539@gmail.com,37,India,3687
6540,Customer_6540,user6540@gmail.com,23,UK,3775
6541,Customer_6541,user6541@gmail.com,64,UK,1242
6542,Customer_6542,user6542@gmail.com,59,India,4199
6543,Customer_6543,user6543@gmail.com,42,USA,4018
6544,Customer_6544,user6544@gmail.com,30,India,2307
6545,Customer_6545,user6545@gmail.com,48,India,2194
6546,Customer_6546,user6546@gmail.com,43,India,288
6547,Customer_6547,user6547@gmail.com,48,USA,1056
6548,Customer_6548,user6548@gmail.com,20,UK,3840
6549,Customer_6549,user6549@gmail.com,57,India,2608
6550,Customer_6550,user6550@gmail.com,52,India,4215
6551,Customer_6551,user6551@gmail.com,19,India,1946
6552,Customer_6552,user6552@gmail.com,27,UK,1472
6553,Customer_6553,user6553@gmail.com,43,UK,2642
6554,Customer_6554,user6554@gmail.com,28,UK,2181
6555,Customer_6555,user6555@gmail.com,29,UK,900
6556,Customer_6556,user6556@gmail.com,22,USA,1378
6557,Customer_6557,user6557@gmail.com,42,USA,319
6558,Customer_6558,user6558@gmail.com,61,UK,4790
6559,Customer_6559,user6559@gmail.com,60,USA,1893
6560,Customer_6560,user6560@gmail.com,35,UK,1655
6561,Customer_6561,user6561@gmail.com,48,USA,431
6562,Customer_6562,user6562@gmail.com,27,UK,4129
6563,Customer_6563,user6563@gmail.com,60,USA,1703
6564,Customer_6564,user6564@gmail.com,61,India,3849
6565,Customer_6565,user6565@gmail.com,47,USA,2590
6566,Customer_6566,user6566@gmail.com,19,India,1009
6567,Customer_6567,user6567@gmail.com,52,India,4279
6568,Customer_6568,user6568@gmail.com,51,USA,266
6569,Customer_6569,user6569@gmail.com,58,India,1330
6570,Customer_6570,user6570@gmail.com,34,UK,1905
6571,Customer_6571,user6571@gmail.com,54,UK,3806
6572,Customer_6572,user6572@gmail.com,34,UK,3243
6573,Customer_6573,user6573@gmail.com,38,UK,1761
6574,Customer_6574,user6574@gmail.com,35,USA,173
6575,Customer_6575,user6575@gmail.com,51,UK,625
6576,Customer_6576,user6576@gmail.com,50,UK,1206
6577,Customer_6577,user6577@gmail.com,51,USA,1554
6578,Customer_6578,user6578@gmail.com,59,India,3056
6579,Customer_6579,user6579@gmail.com,52,UK,3038
6580,Customer_6580,user6580@gmail.com,64,UK,3814
6581,Customer_6581,user6581@gmail.com,42,USA,1188
6582,Customer_6582,user6582@gmail.com,20,USA,255
6583,Customer_6583,user6583@gmail.com,49,UK,3996
6584,Customer_6584,user6584@gmail.com,32,USA,3039
6585,Customer_6585,user6585@gmail.com,61,UK,2871
6586,Customer_6586,user6586@gmail.com,26,USA,3726
6587,Customer_6587,user6587@gmail.com,40,USA,1826
6588,Customer_6588,user6588@gmail.com,44,India,411
6589,Customer_6589,user6589@gmail.com,45,USA,3635
6590,Customer_6590,user6590@gmail.com,46,USA,1606
6591,Customer_6591,user6591@gmail.com,70,USA,1761
6592,Customer_6592,user6592@gmail.com,25,USA,2723
6593,Customer_6593,user6593@gmail.com,54,India,4218
6594,Customer_6594,user6594@gmail.com,25,USA,2740
6595,Customer_6595,user6595@gmail.com,50,USA,262
6596,Customer_6596,user6596@gmail.com,33,USA,1676
6597,Customer_6597,user6597@gmail.com,20,USA,537
6598,Customer_6598,user6598@gmail.com,60,UK,849
6599,Customer_6599,user6599@gmail.com,65,UK,3527
6600,Customer_6600,user6600@gmail.com,60,UK,2301
6601,Customer_6601,user6601@gmail.com,57,UK,4933
6602,Customer_6602,user6602@gmail.com,46,UK,2470
6603,Customer_6603,user6603@gmail.com,28,USA,562
6604,Customer_6604,user6604@gmail.com,61,UK,3104
6605,Customer_6605,user6605@gmail.com,60,USA,3544
6606,Customer_6606,user6606@gmail.com,35,USA,3063
6607,Customer_6607,user6607@gmail.com,24,India,1070
6608,Customer_6608,user6608@gmail.com,69,USA,3888
6609,Customer_6609,user6609@gmail.com,59,UK,3342
6610,Customer_6610,user6610@gmail.com,33,UK,4997
6611,Customer_6611,user6611@gmail.com,62,USA,2807
6612,Customer_6612,user6612@gmail.com,24,USA,2303
6613,Customer_6613,user6613@gmail.com,33,USA,2373
6614,Customer_6614,user6614@gmail.com,24,USA,2264
6615,Customer_6615,user6615@gmail.com,41,India,2791
6616,Customer_6616,user6616@gmail.com,32,USA,3745
6617,Customer_6617,user6617@gmail.com,40,UK,1617
6618,Customer_6618,user6618@gmail.com,43,USA,3360
6619,Customer_6619,user6619@gmail.com,53,USA,4083
6620,Customer_6620,user6620@gmail.com,64,UK,2893
6621,Customer_6621,user6621@gmail.com,52,India,902
6622,Customer_6622,user6622@gmail.com,58,UK,3941
6623,Customer_6623,user6623@gmail.com,53,USA,673
6624,Customer_6624,user6624@gmail.com,55,UK,3430
6625,Customer_6625,user6625@gmail.com,37,India,4479
6626,Customer_6626,user6626@gmail.com,54,UK,2313
6627,Customer_6627,user6627@gmail.com,51,USA,995
6628,Customer_6628,user6628@gmail.com,61,India,1908
6629,Customer_6629,user6629@gmail.com,56,USA,3929
6630,Customer_6630,user6630@gmail.com,68,India,4404
6631,Customer_6631,user6631@gmail.com,63,India,2238
6632,Customer_6632,user6632@gmail.com,57,India,3945
6633,Customer_6633,user6633@gmail.com,34,USA,3244
6634,Customer_6634,user6634@gmail.com,39,UK,2872
6635,Customer_6635,user6635@gmail.com,19,UK,2222
6636,Customer_6636,user6636@gmail.com,46,USA,3991
6637,Customer_6637,user6637@gmail.com,28,USA,106
6638,Customer_6638,user6638@gmail.com,50,India,3401
6639,Customer_6639,user6639@gmail.com,39,India,1276
6640,Customer_6640,user6640@gmail.com,20,India,4752
6641,Customer_6641,user6641@gmail.com,53,UK,1425
6642,Customer_6642,user6642@gmail.com,33,UK,3264
6643,Customer_6643,user6643@gmail.com,27,USA,318
6644,Customer_6644,user6644@gmail.com,26,UK,4788
6645,Customer_6645,user6645@gmail.com,54,UK,3113
6646,Customer_6646,user6646@gmail.com,45,UK,997
6647,Customer_6647,user6647@gmail.com,48,USA,2450
6648,Customer_6648,user6648@gmail.com,65,USA,632
6649,Customer_6649,user6649@gmail.com,31,USA,489
6650,Customer_6650,user6650@gmail.com,65,India,442
6651,Customer_6651,user6651@gmail.com,51,UK,3655
6652,Customer_6652,user6652@gmail.com,28,UK,464
6653,Customer_6653,user6653@gmail.com,29,USA,1197
6654,Customer_6654,user6654@gmail.com,63,UK,2654
6655,Customer_6655,user6655@gmail.com,52,USA,2754
6656,Customer_6656,user6656@gmail.com,30,UK,2529
6657,Customer_6657,user6657@gmail.com,52,UK,849
6658,Customer_6658,user6658@gmail.com,21,UK,2633
6659,Customer_6659,user6659@gmail.com,28,USA,1626
6660,Customer_6660,user6660@gmail.com,58,USA,1156
6661,Customer_6661,user6661@gmail.com,27,India,1745
6662,Customer_6662,user6662@gmail.com,58,UK,1521
6663,Customer_6663,user6663@gmail.com,50,India,2270
6664,Customer_6664,user6664@gmail.com,37,UK,1989
6665,Customer_6665,user6665@gmail.com,38,India,213
6666,Customer_6666,user6666@gmail.com,33,USA,3605
6667,Customer_6667,user6667@gmail.com,52,USA,3269
6668,Customer_6668,user6668@gmail.com,65,India,429
6669,Customer_6669,user6669@gmail.com,24,UK,4596
6670,Customer_6670,user6670@gmail.com,69,UK,3891
6671,Customer_6671,user6671@gmail.com,21,UK,3718
6672,Customer_6672,user6672@gmail.com,68,UK,1771
6673,Customer_6673,user6673@gmail.com,68,USA,1300
6674,Customer_6674,user6674@gmail.com,48,USA,1501
6675,Customer_6675,user6675@gmail.com,25,India,3474
6676,Customer_6676,user6676@gmail.com,40,UK,4479
6677,Customer_6677,user6677@gmail.com,68,USA,822
6678,Customer_6678,user6678@gmail.com,55,USA,3811
6679,Customer_6679,user6679@gmail.com,20,UK,3947
6680,Customer_6680,user6680@gmail.com,30,USA,1041
6681,Customer_6681,user6681@gmail.com,51,USA,4011
6682,Customer_6682,user6682@gmail.com,65,USA,473
6683,Customer_6683,user6683@gmail.com,51,UK,1906
6684,Customer_6684,user6684@gmail.com,28,USA,1314
6685,Customer_6685,user6685@gmail.com,59,USA,647
6686,Customer_6686,user6686@gmail.com,42,USA,2233
6687,Customer_6687,user6687@gmail.com,52,India,3152
6688,Customer_6688,user6688@gmail.com,68,USA,2405
6689,Customer_6689,user6689@gmail.com,49,India,4944
6690,Customer_6690,user6690@gmail.com,18,USA,4065
6691,Customer_6691,user6691@gmail.com,44,UK,3410
6692,Customer_6692,user6692@gmail.com,53,India,1233
6693,Customer_6693,user6693@gmail.com,66,USA,244
6694,Customer_6694,user6694@gmail.com,21,UK,1054
6695,Customer_6695,user6695@gmail.com,48,USA,1384
6696,Customer_6696,user6696@gmail.com,42,UK,3582
6697,Customer_6697,user6697@gmail.com,43,USA,1843
6698,Customer_6698,user6698@gmail.com,33,India,1197
6699,Customer_6699,user6699@gmail.com,22,India,4916
6700,Customer_6700,user6700@gmail.com,38,USA,3353
6701,Customer_6701,user6701@gmail.com,40,India,350
6702,Customer_6702,user6702@gmail.com,59,India,2080
6703,Customer_6703,user6703@gmail.com,34,USA,2167
6704,Customer_6704,user6704@gmail.com,44,UK,2368
6705,Customer_6705,user6705@gmail.com,46,UK,2749
6706,Customer_6706,user6706@gmail.com,35,India,4865
6707,Customer_6707,user6707@gmail.com,64,USA,1390
6708,Customer_6708,user6708@gmail.com,50,UK,2162
6709,Customer_6709,user6709@gmail.com,44,India,2754
6710,Customer_6710,user6710@gmail.com,30,India,1912
6711,Customer_6711,user6711@gmail.com,66,UK,130
6712,Customer_6712,user6712@gmail.com,51,USA,994
6713,Customer_6713,user6713@gmail.com,56,USA,4738
6714,Customer_6714,user6714@gmail.com,43,UK,3001
6715,Customer_6715,user6715@gmail.com,31,India,4566
6716,Customer_6716,user6716@gmail.com,20,India,2451
6717,Customer_6717,user6717@gmail.com,45,India,998
6718,Customer_6718,user6718@gmail.com,23,USA,3730
6719,Customer_6719,user6719@gmail.com,28,USA,529
6720,Customer_6720,user6720@gmail.com,66,USA,527
6721,Customer_6721,user6721@gmail.com,40,UK,4308
6722,Customer_6722,user6722@gmail.com,57,India,3621
6723,Customer_6723,user6723@gmail.com,24,USA,1762
6724,Customer_6724,user6724@gmail.com,55,USA,2562
6725,Customer_6725,user6725@gmail.com,38,USA,1356
6726,Customer_6726,user6726@gmail.com,27,USA,3924
6727,Customer_6727,user6727@gmail.com,48,India,4695
6728,Customer_6728,user6728@gmail.com,41,UK,2307
6729,Customer_6729,user6729@gmail.com,26,UK,1753
6730,Customer_6730,user6730@gmail.com,35,UK,2381
6731,Customer_6731,user6731@gmail.com,35,India,4604
6732,Customer_6732,user6732@gmail.com,43,India,1685
6733,Customer_6733,user6733@gmail.com,39,USA,1689
6734,Customer_6734,user6734@gmail.com,22,UK,2166
6735,Customer_6735,user6735@gmail.com,56,India,933
6736,Customer_6736,user6736@gmail.com,31,UK,470
6737,Customer_6737,user6737@gmail.com,33,USA,1559
6738,Customer_6738,user6738@gmail.com,24,UK,3877
6739,Customer_6739,user6739@gmail.com,50,USA,3003
6740,Customer_6740,user6740@gmail.com,46,India,3799
6741,Customer_6741,user6741@gmail.com,59,UK,3170
6742,Customer_6742,user6742@gmail.com,42,India,2642
6743,Customer_6743,user6743@gmail.com,43,India,4021
6744,Customer_6744,user6744@gmail.com,51,USA,828
6745,Customer_6745,user6745@gmail.com,68,USA,3954
6746,Customer_6746,user6746@gmail.com,38,India,2642
6747,Customer_6747,user6747@gmail.com,59,UK,311
6748,Customer_6748,user6748@gmail.com,31,India,4194
6749,Customer_6749,user6749@gmail.com,70,UK,1981
6750,Customer_6750,user6750@gmail.com,36,India,4202
6751,Customer_6751,user6751@gmail.com,53,UK,4681
6752,Customer_6752,user6752@gmail.com,31,UK,710
6753,Customer_6753,user6753@gmail.com,44,USA,1855
6754,Customer_6754,user6754@gmail.com,29,USA,4372
6755,Customer_6755,user6755@gmail.com,18,USA,622
6756,Customer_6756,user6756@gmail.com,46,USA,3708
6757,Customer_6757,user6757@gmail.com,30,India,2632
6758,Customer_6758,user6758@gmail.com,60,USA,462
6759,Customer_6759,user6759@gmail.com,35,India,2503
6760,Customer_6760,user6760@gmail.com,30,India,4296
6761,Customer_6761,user6761@gmail.com,25,USA,4819
6762,Customer_6762,user6762@gmail.com,53,UK,1347
6763,Customer_6763,user6763@gmail.com,37,UK,390
6764,Customer_6764,user6764@gmail.com,49,UK,2440
6765,Customer_6765,user6765@gmail.com,29,UK,2205
6766,Customer_6766,user6766@gmail.com,51,USA,4623
6767,Customer_6767,user6767@gmail.com,33,India,1601
6768,Customer_6768,user6768@gmail.com,24,India,2130
6769,Customer_6769,user6769@gmail.com,28,UK,1187
6770,Customer_6770,user6770@gmail.com,35,UK,3669
6771,Customer_6771,user6771@gmail.com,39,UK,4980
6772,Customer_6772,user6772@gmail.com,70,UK,642
6773,Customer_6773,user6773@gmail.com,36,USA,2515
6774,Customer_6774,user6774@gmail.com,68,UK,1668
6775,Customer_6775,user6775@gmail.com,33,India,4252
6776,Customer_6776,user6776@gmail.com,45,UK,3272
6777,Customer_6777,user6777@gmail.com,53,USA,1351
6778,Customer_6778,user6778@gmail.com,34,UK,3646
6779,Customer_6779,user6779@gmail.com,27,UK,3391
6780,Customer_6780,user6780@gmail.com,62,USA,3405
6781,Customer_6781,user6781@gmail.com,18,India,2850
6782,Customer_6782,user6782@gmail.com,59,UK,1749
6783,Customer_6783,user6783@gmail.com,54,UK,2934
6784,Customer_6784,user6784@gmail.com,40,USA,4191
6785,Customer_6785,user6785@gmail.com,65,UK,624
6786,Customer_6786,user6786@gmail.com,22,India,2853
6787,Customer_6787,user6787@gmail.com,29,UK,3994
6788,Customer_6788,user6788@gmail.com,50,UK,3964
6789,Customer_6789,user6789@gmail.com,60,India,1355
6790,Customer_6790,user6790@gmail.com,58,UK,192
6791,Customer_6791,user6791@gmail.com,62,India,3491
6792,Customer_6792,user6792@gmail.com,51,India,3882
6793,Customer_6793,user6793@gmail.com,48,India,2065
6794,Customer_6794,user6794@gmail.com,53,UK,677
6795,Customer_6795,user6795@gmail.com,35,UK,2693
6796,Customer_6796,user6796@gmail.com,18,UK,2672
6797,Customer_6797,user6797@gmail.com,54,USA,1876
6798,Customer_6798,user6798@gmail.com,29,UK,2790
6799,Customer_6799,user6799@gmail.com,56,India,3315
6800,Customer_6800,user6800@gmail.com,23,India,3183
6801,Customer_6801,user6801@gmail.com,18,USA,3452
6802,Customer_6802,user6802@gmail.com,41,India,272
6803,Customer_6803,user6803@gmail.com,56,USA,3914
6804,Customer_6804,user6804@gmail.com,70,India,812
6805,Customer_6805,user6805@gmail.com,38,UK,2021
6806,Customer_6806,user6806@gmail.com,47,UK,269
6807,Customer_6807,user6807@gmail.com,69,USA,3604
6808,Customer_6808,user6808@gmail.com,19,India,2329
6809,Customer_6809,user6809@gmail.com,46,India,2350
6810,Customer_6810,user6810@gmail.com,23,India,257
6811,Customer_6811,user6811@gmail.com,28,USA,1872
6812,Customer_6812,user6812@gmail.com,29,India,2281
6813,Customer_6813,user6813@gmail.com,29,UK,3605
6814,Customer_6814,user6814@gmail.com,55,UK,3889
6815,Customer_6815,user6815@gmail.com,56,India,2094
6816,Customer_6816,user6816@gmail.com,25,India,1722
6817,Customer_6817,user6817@gmail.com,51,UK,3889
6818,Customer_6818,user6818@gmail.com,19,India,4739
6819,Customer_6819,user6819@gmail.com,43,UK,4050
6820,Customer_6820,user6820@gmail.com,29,India,3392
6821,Customer_6821,user6821@gmail.com,32,India,346
6822,Customer_6822,user6822@gmail.com,28,India,1681
6823,Customer_6823,user6823@gmail.com,29,USA,4259
6824,Customer_6824,user6824@gmail.com,62,USA,1958
6825,Customer_6825,user6825@gmail.com,68,India,4456
6826,Customer_6826,user6826@gmail.com,35,USA,2819
6827,Customer_6827,user6827@gmail.com,20,USA,1552
6828,Customer_6828,user6828@gmail.com,40,India,1400
6829,Customer_6829,user6829@gmail.com,64,USA,3188
6830,Customer_6830,user6830@gmail.com,59,UK,824
6831,Customer_6831,user6831@gmail.com,35,India,2263
6832,Customer_6832,user6832@gmail.com,63,India,384
6833,Customer_6833,user6833@gmail.com,67,India,2892
6834,Customer_6834,user6834@gmail.com,25,India,997
6835,Customer_6835,user6835@gmail.com,25,USA,3797
6836,Customer_6836,user6836@gmail.com,68,USA,2057
6837,Customer_6837,user6837@gmail.com,39,India,3255
6838,Customer_6838,user6838@gmail.com,28,India,4840
6839,Customer_6839,user6839@gmail.com,62,India,3313
6840,Customer_6840,user6840@gmail.com,55,India,2525
6841,Customer_6841,user6841@gmail.com,29,USA,1648
6842,Customer_6842,user6842@gmail.com,56,UK,3890
6843,Customer_6843,user6843@gmail.com,25,India,3586
6844,Customer_6844,user6844@gmail.com,65,India,1017
6845,Customer_6845,user6845@gmail.com,47,UK,4918
6846,Customer_6846,user6846@gmail.com,46,UK,3631
6847,Customer_6847,user6847@gmail.com,37,India,3213
6848,Customer_6848,user6848@gmail.com,27,India,4171
6849,Customer_6849,user6849@gmail.com,49,India,4955
6850,Customer_6850,user6850@gmail.com,52,UK,2072
6851,Customer_6851,user6851@gmail.com,60,UK,3679
6852,Customer_6852,user6852@gmail.com,38,USA,3317
6853,Customer_6853,user6853@gmail.com,50,USA,2555
6854,Customer_6854,user6854@gmail.com,58,India,2277
6855,Customer_6855,user6855@gmail.com,48,India,4788
6856,Customer_6856,user6856@gmail.com,58,USA,1536
6857,Customer_6857,user6857@gmail.com,33,UK,1360
6858,Customer_6858,user6858@gmail.com,55,USA,4268
6859,Customer_6859,user6859@gmail.com,70,UK,2463
6860,Customer_6860,user6860@gmail.com,23,India,2032
6861,Customer_6861,user6861@gmail.com,70,India,996
6862,Customer_6862,user6862@gmail.com,23,UK,4699
6863,Customer_6863,user6863@gmail.com,39,USA,4894
6864,Customer_6864,user6864@gmail.com,23,USA,2371
6865,Customer_6865,user6865@gmail.com,49,India,4895
6866,Customer_6866,user6866@gmail.com,68,UK,2564
6867,Customer_6867,user6867@gmail.com,29,India,4960
6868,Customer_6868,user6868@gmail.com,44,USA,1814
6869,Customer_6869,user6869@gmail.com,31,India,3749
6870,Customer_6870,user6870@gmail.com,43,USA,2805
6871,Customer_6871,user6871@gmail.com,27,USA,129
6872,Customer_6872,user6872@gmail.com,66,UK,690
6873,Customer_6873,user6873@gmail.com,41,India,198
6874,Customer_6874,user6874@gmail.com,42,India,1973
6875,Customer_6875,user6875@gmail.com,60,India,2426
6876,Customer_6876,user6876@gmail.com,20,USA,4429
6877,Customer_6877,user6877@gmail.com,62,UK,4088
6878,Customer_6878,user6878@gmail.com,33,UK,3815
6879,Customer_6879,user6879@gmail.com,54,UK,734
6880,Customer_6880,user6880@gmail.com,67,India,1056
6881,Customer_6881,user6881@gmail.com,21,USA,854
6882,Customer_6882,user6882@gmail.com,65,India,4934
6883,Customer_6883,user6883@gmail.com,69,India,1096
6884,Customer_6884,user6884@gmail.com,37,UK,2037
6885,Customer_6885,user6885@gmail.com,30,UK,2889
6886,Customer_6886,user6886@gmail.com,41,India,1409
6887,Customer_6887,user6887@gmail.com,63,USA,3681
6888,Customer_6888,user6888@gmail.com,40,UK,1460
6889,Customer_6889,user6889@gmail.com,54,UK,3126
6890,Customer_6890,user6890@gmail.com,42,India,3972
6891,Customer_6891,user6891@gmail.com,39,UK,2125
6892,Customer_6892,user6892@gmail.com,28,USA,918
6893,Customer_6893,user6893@gmail.com,32,UK,3525
6894,Customer_6894,user6894@gmail.com,45,USA,743
6895,Customer_6895,user6895@gmail.com,47,USA,3796
6896,Customer_6896,user6896@gmail.com,52,UK,4636
6897,Customer_6897,user6897@gmail.com,37,UK,728
6898,Customer_6898,user6898@gmail.com,42,USA,1681
6899,Customer_6899,user6899@gmail.com,56,UK,4047
6900,Customer_6900,user6900@gmail.com,42,UK,3266
6901,Customer_6901,user6901@gmail.com,63,India,3692
6902,Customer_6902,user6902@gmail.com,46,India,2506
6903,Customer_6903,user6903@gmail.com,58,USA,2375
6904,Customer_6904,user6904@gmail.com,22,UK,3512
6905,Customer_6905,user6905@gmail.com,37,UK,325
6906,Customer_6906,user6906@gmail.com,62,USA,2584
6907,Customer_6907,user6907@gmail.com,38,USA,4449
6908,Customer_6908,user6908@gmail.com,65,USA,2290
6909,Customer_6909,user6909@gmail.com,18,UK,3744
6910,Customer_6910,user6910@gmail.com,21,USA,1847
6911,Customer_6911,user6911@gmail.com,19,UK,915
6912,Customer_6912,user6912@gmail.com,22,UK,434
6913,Customer_6913,user6913@gmail.com,34,UK,1763
6914,Customer_6914,user6914@gmail.com,42,UK,3958
6915,Customer_6915,user6915@gmail.com,40,India,4492
6916,Customer_6916,user6916@gmail.com,55,UK,238
6917,Customer_6917,user6917@gmail.com,30,USA,1451
6918,Customer_6918,user6918@gmail.com,58,UK,3686
6919,Customer_6919,user6919@gmail.com,36,India,4372
6920,Customer_6920,user6920@gmail.com,50,USA,3755
6921,Customer_6921,user6921@gmail.com,38,UK,2940
6922,Customer_6922,user6922@gmail.com,26,UK,911
6923,Customer_6923,user6923@gmail.com,67,USA,4310
6924,Customer_6924,user6924@gmail.com,65,India,1036
6925,Customer_6925,user6925@gmail.com,40,UK,2010
6926,Customer_6926,user6926@gmail.com,35,USA,429
6927,Customer_6927,user6927@gmail.com,27,India,3480
6928,Customer_6928,user6928@gmail.com,49,India,4026
6929,Customer_6929,user6929@gmail.com,21,UK,3665
6930,Customer_6930,user6930@gmail.com,53,UK,2483
6931,Customer_6931,user6931@gmail.com,48,India,1062
6932,Customer_6932,user6932@gmail.com,68,India,3911
6933,Customer_6933,user6933@gmail.com,30,UK,1383
6934,Customer_6934,user6934@gmail.com,35,India,4246
6935,Customer_6935,user6935@gmail.com,22,UK,1754
6936,Customer_6936,user6936@gmail.com,48,USA,1866
6937,Customer_6937,user6937@gmail.com,47,USA,3858
6938,Customer_6938,user6938@gmail.com,49,USA,1784
6939,Customer_6939,user6939@gmail.com,55,UK,2226
6940,Customer_6940,user6940@gmail.com,55,India,3843
6941,Customer_6941,user6941@gmail.com,46,India,2074
6942,Customer_6942,user6942@gmail.com,32,USA,1189
6943,Customer_6943,user6943@gmail.com,18,USA,3597
6944,Customer_6944,user6944@gmail.com,44,USA,3065
6945,Customer_6945,user6945@gmail.com,53,USA,2685
6946,Customer_6946,user6946@gmail.com,34,India,1904
6947,Customer_6947,user6947@gmail.com,51,India,3519
6948,Customer_6948,user6948@gmail.com,18,India,1412
6949,Customer_6949,user6949@gmail.com,63,India,3953
6950,Customer_6950,user6950@gmail.com,39,USA,2644
6951,Customer_6951,user6951@gmail.com,42,UK,4905
6952,Customer_6952,user6952@gmail.com,67,USA,553
6953,Customer_6953,user6953@gmail.com,44,UK,2855
6954,Customer_6954,user6954@gmail.com,63,India,4009
6955,Customer_6955,user6955@gmail.com,37,India,1787
6956,Customer_6956,user6956@gmail.com,24,USA,2956
6957,Customer_6957,user6957@gmail.com,58,USA,1362
6958,Customer_6958,user6958@gmail.com,23,USA,2083
6959,Customer_6959,user6959@gmail.com,62,UK,2399
6960,Customer_6960,user6960@gmail.com,41,USA,768
6961,Customer_6961,user6961@gmail.com,39,India,4208
6962,Customer_6962,user6962@gmail.com,70,India,897
6963,Customer_6963,user6963@gmail.com,21,USA,375
6964,Customer_6964,user6964@gmail.com,42,UK,3871
6965,Customer_6965,user6965@gmail.com,25,USA,4427
6966,Customer_6966,user6966@gmail.com,61,UK,2629
6967,Customer_6967,user6967@gmail.com,60,USA,4762
6968,Customer_6968,user6968@gmail.com,35,USA,3044
6969,Customer_6969,user6969@gmail.com,39,UK,2597
6970,Customer_6970,user6970@gmail.com,44,USA,872
6971,Customer_6971,user6971@gmail.com,58,UK,174
6972,Customer_6972,user6972@gmail.com,50,India,3330
6973,Customer_6973,user6973@gmail.com,56,USA,3785
6974,Customer_6974,user6974@gmail.com,29,India,4949
6975,Customer_6975,user6975@gmail.com,37,UK,3458
6976,Customer_6976,user6976@gmail.com,57,India,2154
6977,Customer_6977,user6977@gmail.com,57,UK,698
6978,Customer_6978,user6978@gmail.com,56,UK,2909
6979,Customer_6979,user6979@gmail.com,68,India,1151
6980,Customer_6980,user6980@gmail.com,69,India,1811
6981,Customer_6981,user6981@gmail.com,61,India,4670
6982,Customer_6982,user6982@gmail.com,50,India,4152
6983,Customer_6983,user6983@gmail.com,27,UK,1593
6984,Customer_6984,user6984@gmail.com,40,USA,849
6985,Customer_6985,user6985@gmail.com,47,USA,1587
6986,Customer_6986,user6986@gmail.com,29,USA,1692
6987,Customer_6987,user6987@gmail.com,45,USA,1483
6988,Customer_6988,user6988@gmail.com,59,India,376
6989,Customer_6989,user6989@gmail.com,70,India,1243
6990,Customer_6990,user6990@gmail.com,59,India,326
6991,Customer_6991,user6991@gmail.com,69,USA,609
6992,Customer_6992,user6992@gmail.com,40,UK,1683
6993,Customer_6993,user6993@gmail.com,51,India,2355
6994,Customer_6994,user6994@gmail.com,46,UK,2209
6995,Customer_6995,user6995@gmail.com,18,USA,3287
6996,Customer_6996,user6996@gmail.com,29,India,2294
6997,Customer_6997,user6997@gmail.com,49,USA,4216
6998,Customer_6998,user6998@gmail.com,61,India,4356
6999,Customer_6999,user6999@gmail.com,24,USA,793
7000,Customer_7000,user7000@gmail.com,70,UK,2379
7001,Customer_7001,user7001@gmail.com,42,UK,4133
7002,Customer_7002,user7002@gmail.com,20,UK,3771
7003,Customer_7003,user7003@gmail.com,56,India,3032
7004,Customer_7004,user7004@gmail.com,55,UK,829
7005,Customer_7005,user7005@gmail.com,62,UK,3568
7006,Customer_7006,user7006@gmail.com,62,India,4892
7007,Customer_7007,user7007@gmail.com,45,USA,2225
7008,Customer_7008,user7008@gmail.com,19,USA,1451
7009,Customer_7009,user7009@gmail.com,38,UK,2020
7010,Customer_7010,user7010@gmail.com,18,India,167
7011,Customer_7011,user7011@gmail.com,46,UK,2677
7012,Customer_7012,user7012@gmail.com,41,India,730
7013,Customer_7013,user7013@gmail.com,49,USA,2194
7014,Customer_7014,user7014@gmail.com,23,UK,4142
7015,Customer_7015,user7015@gmail.com,21,UK,675
7016,Customer_7016,user7016@gmail.com,68,USA,3117
7017,Customer_7017,user7017@gmail.com,53,UK,4306
7018,Customer_7018,user7018@gmail.com,67,UK,2509
7019,Customer_7019,user7019@gmail.com,31,India,4104
7020,Customer_7020,user7020@gmail.com,35,UK,3595
7021,Customer_7021,user7021@gmail.com,62,USA,3879
7022,Customer_7022,user7022@gmail.com,28,USA,202
7023,Customer_7023,user7023@gmail.com,26,UK,4261
7024,Customer_7024,user7024@gmail.com,37,India,2133
7025,Customer_7025,user7025@gmail.com,62,India,1263
7026,Customer_7026,user7026@gmail.com,50,UK,3308
7027,Customer_7027,user7027@gmail.com,27,India,1818
7028,Customer_7028,user7028@gmail.com,36,USA,1126
7029,Customer_7029,user7029@gmail.com,31,India,2070
7030,Customer_7030,user7030@gmail.com,51,UK,1142
7031,Customer_7031,user7031@gmail.com,52,India,4264
7032,Customer_7032,user7032@gmail.com,51,UK,4694
7033,Customer_7033,user7033@gmail.com,22,UK,1519
7034,Customer_7034,user7034@gmail.com,51,USA,284
7035,Customer_7035,user7035@gmail.com,46,USA,1736
7036,Customer_7036,user7036@gmail.com,57,UK,4670
7037,Customer_7037,user7037@gmail.com,41,USA,3809
7038,Customer_7038,user7038@gmail.com,70,UK,4827
7039,Customer_7039,user7039@gmail.com,20,UK,4033
7040,Customer_7040,user7040@gmail.com,67,India,449
7041,Customer_7041,user7041@gmail.com,55,USA,234
7042,Customer_7042,user7042@gmail.com,59,UK,2116
7043,Customer_7043,user7043@gmail.com,34,India,2442
7044,Customer_7044,user7044@gmail.com,29,USA,3322
7045,Customer_7045,user7045@gmail.com,66,USA,1277
7046,Customer_7046,user7046@gmail.com,61,India,4715
7047,Customer_7047,user7047@gmail.com,37,India,4071
7048,Customer_7048,user7048@gmail.com,37,India,2213
7049,Customer_7049,user7049@gmail.com,34,USA,2123
7050,Customer_7050,user7050@gmail.com,44,UK,391
7051,Customer_7051,user7051@gmail.com,22,USA,2927
7052,Customer_7052,user7052@gmail.com,31,USA,3938
7053,Customer_7053,user7053@gmail.com,56,UK,1797
7054,Customer_7054,user7054@gmail.com,20,UK,3238
7055,Customer_7055,user7055@gmail.com,33,USA,1991
7056,Customer_7056,user7056@gmail.com,44,India,1085
7057,Customer_7057,user7057@gmail.com,27,India,1980
7058,Customer_7058,user7058@gmail.com,63,UK,4065
7059,Customer_7059,user7059@gmail.com,45,India,3604
7060,Customer_7060,user7060@gmail.com,29,India,4508
7061,Customer_7061,user7061@gmail.com,59,USA,2667
7062,Customer_7062,user7062@gmail.com,28,USA,487
7063,Customer_7063,user7063@gmail.com,42,India,589
7064,Customer_7064,user7064@gmail.com,21,India,734
7065,Customer_7065,user7065@gmail.com,54,UK,3485
7066,Customer_7066,user7066@gmail.com,61,India,1275
7067,Customer_7067,user7067@gmail.com,35,USA,2779
7068,Customer_7068,user7068@gmail.com,36,UK,3158
7069,Customer_7069,user7069@gmail.com,55,India,4925
7070,Customer_7070,user7070@gmail.com,33,UK,4376
7071,Customer_7071,user7071@gmail.com,30,USA,763
7072,Customer_7072,user7072@gmail.com,50,USA,3854
7073,Customer_7073,user7073@gmail.com,24,USA,2055
7074,Customer_7074,user7074@gmail.com,19,USA,2271
7075,Customer_7075,user7075@gmail.com,32,India,1983
7076,Customer_7076,user7076@gmail.com,64,UK,1315
7077,Customer_7077,user7077@gmail.com,24,UK,2910
7078,Customer_7078,user7078@gmail.com,31,UK,2933
7079,Customer_7079,user7079@gmail.com,26,UK,809
7080,Customer_7080,user7080@gmail.com,60,UK,4887
7081,Customer_7081,user7081@gmail.com,38,USA,4339
7082,Customer_7082,user7082@gmail.com,53,USA,4803
7083,Customer_7083,user7083@gmail.com,66,UK,212
7084,Customer_7084,user7084@gmail.com,37,USA,3494
7085,Customer_7085,user7085@gmail.com,42,India,407
7086,Customer_7086,user7086@gmail.com,39,India,4587
7087,Customer_7087,user7087@gmail.com,28,USA,836
7088,Customer_7088,user7088@gmail.com,68,UK,268
7089,Customer_7089,user7089@gmail.com,51,UK,3634
7090,Customer_7090,user7090@gmail.com,70,USA,4951
7091,Customer_7091,user7091@gmail.com,39,USA,4253
7092,Customer_7092,user7092@gmail.com,45,India,3737
7093,Customer_7093,user7093@gmail.com,33,India,3974
7094,Customer_7094,user7094@gmail.com,68,USA,4663
7095,Customer_7095,user7095@gmail.com,38,India,4015
7096,Customer_7096,user7096@gmail.com,48,UK,2613
7097,Customer_7097,user7097@gmail.com,28,USA,1941
7098,Customer_7098,user7098@gmail.com,23,UK,593
7099,Customer_7099,user7099@gmail.com,23,UK,3014
7100,Customer_7100,user7100@gmail.com,27,UK,1862
7101,Customer_7101,user7101@gmail.com,45,India,344
7102,Customer_7102,user7102@gmail.com,70,UK,3354
7103,Customer_7103,user7103@gmail.com,58,USA,3160
7104,Customer_7104,user7104@gmail.com,35,India,2735
7105,Customer_7105,user7105@gmail.com,18,India,4981
7106,Customer_7106,user7106@gmail.com,58,India,2010
7107,Customer_7107,user7107@gmail.com,50,UK,1725
7108,Customer_7108,user7108@gmail.com,39,UK,827
7109,Customer_7109,user7109@gmail.com,22,UK,3757
7110,Customer_7110,user7110@gmail.com,48,India,1555
7111,Customer_7111,user7111@gmail.com,53,India,3456
7112,Customer_7112,user7112@gmail.com,21,UK,1793
7113,Customer_7113,user7113@gmail.com,40,UK,225
7114,Customer_7114,user7114@gmail.com,29,USA,1038
7115,Customer_7115,user7115@gmail.com,29,USA,2503
7116,Customer_7116,user7116@gmail.com,59,USA,2653
7117,Customer_7117,user7117@gmail.com,18,UK,4157
7118,Customer_7118,user7118@gmail.com,51,USA,542
7119,Customer_7119,user7119@gmail.com,21,UK,799
7120,Customer_7120,user7120@gmail.com,44,India,258
7121,Customer_7121,user7121@gmail.com,59,UK,4630
7122,Customer_7122,user7122@gmail.com,23,UK,1808
7123,Customer_7123,user7123@gmail.com,40,UK,3423
7124,Customer_7124,user7124@gmail.com,63,India,4629
7125,Customer_7125,user7125@gmail.com,47,USA,4991
7126,Customer_7126,user7126@gmail.com,50,USA,1067
7127,Customer_7127,user7127@gmail.com,62,USA,3857
7128,Customer_7128,user7128@gmail.com,35,UK,4967
7129,Customer_7129,user7129@gmail.com,54,USA,2176
7130,Customer_7130,user7130@gmail.com,52,UK,4951
7131,Customer_7131,user7131@gmail.com,21,UK,2398
7132,Customer_7132,user7132@gmail.com,58,UK,155
7133,Customer_7133,user7133@gmail.com,18,UK,3146
7134,Customer_7134,user7134@gmail.com,36,USA,1066
7135,Customer_7135,user7135@gmail.com,49,UK,3055
7136,Customer_7136,user7136@gmail.com,31,India,3795
7137,Customer_7137,user7137@gmail.com,19,India,2921
7138,Customer_7138,user7138@gmail.com,56,UK,3223
7139,Customer_7139,user7139@gmail.com,60,India,4196
7140,Customer_7140,user7140@gmail.com,43,UK,3298
7141,Customer_7141,user7141@gmail.com,19,USA,3781
7142,Customer_7142,user7142@gmail.com,20,UK,3988
7143,Customer_7143,user7143@gmail.com,58,India,2077
7144,Customer_7144,user7144@gmail.com,28,UK,2171
7145,Customer_7145,user7145@gmail.com,21,USA,1494
7146,Customer_7146,user7146@gmail.com,68,India,102
7147,Customer_7147,user7147@gmail.com,64,India,1608
7148,Customer_7148,user7148@gmail.com,23,USA,4156
7149,Customer_7149,user7149@gmail.com,43,UK,3100
7150,Customer_7150,user7150@gmail.com,60,UK,753
7151,Customer_7151,user7151@gmail.com,58,UK,3363
7152,Customer_7152,user7152@gmail.com,26,India,1495
7153,Customer_7153,user7153@gmail.com,67,UK,3938
7154,Customer_7154,user7154@gmail.com,27,USA,1353
7155,Customer_7155,user7155@gmail.com,63,USA,928
7156,Customer_7156,user7156@gmail.com,43,UK,1663
7157,Customer_7157,user7157@gmail.com,23,USA,302
7158,Customer_7158,user7158@gmail.com,40,India,3414
7159,Customer_7159,user7159@gmail.com,24,USA,1048
7160,Customer_7160,user7160@gmail.com,21,India,2106
7161,Customer_7161,user7161@gmail.com,36,India,265
7162,Customer_7162,user7162@gmail.com,56,USA,3623
7163,Customer_7163,user7163@gmail.com,65,USA,1109
7164,Customer_7164,user7164@gmail.com,38,India,846
7165,Customer_7165,user7165@gmail.com,33,USA,2783
7166,Customer_7166,user7166@gmail.com,69,UK,2247
7167,Customer_7167,user7167@gmail.com,46,India,1911
7168,Customer_7168,user7168@gmail.com,52,USA,4557
7169,Customer_7169,user7169@gmail.com,62,India,1934
7170,Customer_7170,user7170@gmail.com,29,USA,1710
7171,Customer_7171,user7171@gmail.com,38,USA,1387
7172,Customer_7172,user7172@gmail.com,69,USA,4726
7173,Customer_7173,user7173@gmail.com,68,USA,496
7174,Customer_7174,user7174@gmail.com,24,India,3507
7175,Customer_7175,user7175@gmail.com,36,UK,4584
7176,Customer_7176,user7176@gmail.com,22,UK,1038
7177,Customer_7177,user7177@gmail.com,58,USA,3756
7178,Customer_7178,user7178@gmail.com,52,USA,4855
7179,Customer_7179,user7179@gmail.com,66,India,1119
7180,Customer_7180,user7180@gmail.com,30,USA,4327
7181,Customer_7181,user7181@gmail.com,65,UK,471
7182,Customer_7182,user7182@gmail.com,22,USA,4475
7183,Customer_7183,user7183@gmail.com,69,India,4148
7184,Customer_7184,user7184@gmail.com,24,India,1704
7185,Customer_7185,user7185@gmail.com,30,UK,1426
7186,Customer_7186,user7186@gmail.com,47,USA,3103
7187,Customer_7187,user7187@gmail.com,69,UK,2535
7188,Customer_7188,user7188@gmail.com,44,USA,749
7189,Customer_7189,user7189@gmail.com,68,UK,4958
7190,Customer_7190,user7190@gmail.com,51,UK,3069
7191,Customer_7191,user7191@gmail.com,24,India,1790
7192,Customer_7192,user7192@gmail.com,42,USA,4134
7193,Customer_7193,user7193@gmail.com,40,USA,2015
7194,Customer_7194,user7194@gmail.com,31,India,2469
7195,Customer_7195,user7195@gmail.com,20,UK,3063
7196,Customer_7196,user7196@gmail.com,33,USA,2688
7197,Customer_7197,user7197@gmail.com,40,UK,2061
7198,Customer_7198,user7198@gmail.com,29,UK,1323
7199,Customer_7199,user7199@gmail.com,35,UK,3115
7200,Customer_7200,user7200@gmail.com,34,UK,3227
7201,Customer_7201,user7201@gmail.com,29,USA,2545
7202,Customer_7202,user7202@gmail.com,64,India,3015
7203,Customer_7203,user7203@gmail.com,18,India,290
7204,Customer_7204,user7204@gmail.com,18,UK,4369
7205,Customer_7205,user7205@gmail.com,27,UK,2613
7206,Customer_7206,user7206@gmail.com,25,USA,4521
7207,Customer_7207,user7207@gmail.com,24,USA,3015
7208,Customer_7208,user7208@gmail.com,36,India,4919
7209,Customer_7209,user7209@gmail.com,40,India,815
7210,Customer_7210,user7210@gmail.com,41,USA,1917
7211,Customer_7211,user7211@gmail.com,26,USA,3281
7212,Customer_7212,user7212@gmail.com,53,India,1775
7213,Customer_7213,user7213@gmail.com,27,India,349
7214,Customer_7214,user7214@gmail.com,20,India,3293
7215,Customer_7215,user7215@gmail.com,57,USA,1417
7216,Customer_7216,user7216@gmail.com,39,UK,4985
7217,Customer_7217,user7217@gmail.com,57,India,3828
7218,Customer_7218,user7218@gmail.com,27,USA,4776
7219,Customer_7219,user7219@gmail.com,68,UK,1472
7220,Customer_7220,user7220@gmail.com,44,USA,1426
7221,Customer_7221,user7221@gmail.com,56,India,3751
7222,Customer_7222,user7222@gmail.com,31,USA,709
7223,Customer_7223,user7223@gmail.com,62,UK,997
7224,Customer_7224,user7224@gmail.com,46,UK,2670
7225,Customer_7225,user7225@gmail.com,48,UK,4262
7226,Customer_7226,user7226@gmail.com,32,UK,1060
7227,Customer_7227,user7227@gmail.com,45,USA,659
7228,Customer_7228,user7228@gmail.com,26,USA,4241
7229,Customer_7229,user7229@gmail.com,40,India,166
7230,Customer_7230,user7230@gmail.com,38,USA,3254
7231,Customer_7231,user7231@gmail.com,37,India,1425
7232,Customer_7232,user7232@gmail.com,56,USA,297
7233,Customer_7233,user7233@gmail.com,40,USA,424
7234,Customer_7234,user7234@gmail.com,26,UK,3429
7235,Customer_7235,user7235@gmail.com,40,USA,530
7236,Customer_7236,user7236@gmail.com,46,USA,3795
7237,Customer_7237,user7237@gmail.com,34,USA,3650
7238,Customer_7238,user7238@gmail.com,54,UK,877
7239,Customer_7239,user7239@gmail.com,52,India,4142
7240,Customer_7240,user7240@gmail.com,20,India,1940
7241,Customer_7241,user7241@gmail.com,58,UK,4295
7242,Customer_7242,user7242@gmail.com,49,India,1119
7243,Customer_7243,user7243@gmail.com,22,UK,648
7244,Customer_7244,user7244@gmail.com,20,India,3873
7245,Customer_7245,user7245@gmail.com,44,UK,1751
7246,Customer_7246,user7246@gmail.com,29,USA,818
7247,Customer_7247,user7247@gmail.com,47,India,2896
7248,Customer_7248,user7248@gmail.com,36,USA,1875
7249,Customer_7249,user7249@gmail.com,54,UK,4664
7250,Customer_7250,user7250@gmail.com,68,India,1963
7251,Customer_7251,user7251@gmail.com,44,UK,212
7252,Customer_7252,user7252@gmail.com,24,UK,3788
7253,Customer_7253,user7253@gmail.com,25,USA,662
7254,Customer_7254,user7254@gmail.com,60,India,4905
7255,Customer_7255,user7255@gmail.com,44,UK,120
7256,Customer_7256,user7256@gmail.com,49,India,3283
7257,Customer_7257,user7257@gmail.com,61,India,4693
7258,Customer_7258,user7258@gmail.com,45,India,134
7259,Customer_7259,user7259@gmail.com,27,USA,713
7260,Customer_7260,user7260@gmail.com,36,USA,3752
7261,Customer_7261,user7261@gmail.com,59,USA,174
7262,Customer_7262,user7262@gmail.com,40,USA,309
7263,Customer_7263,user7263@gmail.com,47,USA,2980
7264,Customer_7264,user7264@gmail.com,59,USA,4252
7265,Customer_7265,user7265@gmail.com,66,USA,3989
7266,Customer_7266,user7266@gmail.com,18,India,2520
7267,Customer_7267,user7267@gmail.com,27,India,3445
7268,Customer_7268,user7268@gmail.com,29,USA,2657
7269,Customer_7269,user7269@gmail.com,28,India,2447
7270,Customer_7270,user7270@gmail.com,54,USA,624
7271,Customer_7271,user7271@gmail.com,62,UK,2890
7272,Customer_7272,user7272@gmail.com,21,India,3627
7273,Customer_7273,user7273@gmail.com,55,USA,2524
7274,Customer_7274,user7274@gmail.com,18,USA,1239
7275,Customer_7275,user7275@gmail.com,43,India,2466
7276,Customer_7276,user7276@gmail.com,68,India,4306
7277,Customer_7277,user7277@gmail.com,37,UK,2685
7278,Customer_7278,user7278@gmail.com,45,USA,2872
7279,Customer_7279,user7279@gmail.com,65,India,4508
7280,Customer_7280,user7280@gmail.com,32,USA,3808
7281,Customer_7281,user7281@gmail.com,38,UK,1767
7282,Customer_7282,user7282@gmail.com,44,India,2269
7283,Customer_7283,user7283@gmail.com,29,USA,2657
7284,Customer_7284,user7284@gmail.com,41,USA,4663
7285,Customer_7285,user7285@gmail.com,49,UK,3419
7286,Customer_7286,user7286@gmail.com,46,UK,3873
7287,Customer_7287,user7287@gmail.com,58,USA,2056
7288,Customer_7288,user7288@gmail.com,56,India,2145
7289,Customer_7289,user7289@gmail.com,70,India,1159
7290,Customer_7290,user7290@gmail.com,43,USA,2722
7291,Customer_7291,user7291@gmail.com,44,UK,3767
7292,Customer_7292,user7292@gmail.com,19,India,3086
7293,Customer_7293,user7293@gmail.com,63,UK,4913
7294,Customer_7294,user7294@gmail.com,36,UK,694
7295,Customer_7295,user7295@gmail.com,43,UK,4181
7296,Customer_7296,user7296@gmail.com,65,UK,2312
7297,Customer_7297,user7297@gmail.com,42,UK,4486
7298,Customer_7298,user7298@gmail.com,23,USA,1558
7299,Customer_7299,user7299@gmail.com,26,India,4996
7300,Customer_7300,user7300@gmail.com,62,UK,2644
7301,Customer_7301,user7301@gmail.com,49,UK,4126
7302,Customer_7302,user7302@gmail.com,31,UK,1427
7303,Customer_7303,user7303@gmail.com,59,UK,1203
7304,Customer_7304,user7304@gmail.com,39,UK,2164
7305,Customer_7305,user7305@gmail.com,54,India,1797
7306,Customer_7306,user7306@gmail.com,20,India,2160
7307,Customer_7307,user7307@gmail.com,48,India,1606
7308,Customer_7308,user7308@gmail.com,34,India,4777
7309,Customer_7309,user7309@gmail.com,36,India,2895
7310,Customer_7310,user7310@gmail.com,57,USA,199
7311,Customer_7311,user7311@gmail.com,20,USA,4609
7312,Customer_7312,user7312@gmail.com,46,UK,668
7313,Customer_7313,user7313@gmail.com,30,USA,3496
7314,Customer_7314,user7314@gmail.com,56,UK,1476
7315,Customer_7315,user7315@gmail.com,62,India,4863
7316,Customer_7316,user7316@gmail.com,28,UK,1113
7317,Customer_7317,user7317@gmail.com,66,USA,245
7318,Customer_7318,user7318@gmail.com,48,USA,552
7319,Customer_7319,user7319@gmail.com,21,USA,484
7320,Customer_7320,user7320@gmail.com,22,USA,4918
7321,Customer_7321,user7321@gmail.com,25,UK,1914
7322,Customer_7322,user7322@gmail.com,41,India,1124
7323,Customer_7323,user7323@gmail.com,28,USA,4787
7324,Customer_7324,user7324@gmail.com,26,India,316
7325,Customer_7325,user7325@gmail.com,20,USA,2496
7326,Customer_7326,user7326@gmail.com,70,USA,1465
7327,Customer_7327,user7327@gmail.com,60,UK,2989
7328,Customer_7328,user7328@gmail.com,66,USA,2487
7329,Customer_7329,user7329@gmail.com,23,India,1041
7330,Customer_7330,user7330@gmail.com,33,USA,523
7331,Customer_7331,user7331@gmail.com,21,UK,1277
7332,Customer_7332,user7332@gmail.com,22,UK,2755
7333,Customer_7333,user7333@gmail.com,36,India,3813
7334,Customer_7334,user7334@gmail.com,28,India,4361
7335,Customer_7335,user7335@gmail.com,41,India,924
7336,Customer_7336,user7336@gmail.com,65,India,3727
7337,Customer_7337,user7337@gmail.com,63,UK,1512
7338,Customer_7338,user7338@gmail.com,18,USA,2956
7339,Customer_7339,user7339@gmail.com,69,India,2711
7340,Customer_7340,user7340@gmail.com,59,USA,1018
7341,Customer_7341,user7341@gmail.com,56,USA,381
7342,Customer_7342,user7342@gmail.com,53,India,3518
7343,Customer_7343,user7343@gmail.com,20,USA,3073
7344,Customer_7344,user7344@gmail.com,25,India,2607
7345,Customer_7345,user7345@gmail.com,29,USA,1783
7346,Customer_7346,user7346@gmail.com,33,USA,2173
7347,Customer_7347,user7347@gmail.com,28,India,2958
7348,Customer_7348,user7348@gmail.com,36,USA,2975
7349,Customer_7349,user7349@gmail.com,28,USA,492
7350,Customer_7350,user7350@gmail.com,69,USA,2203
7351,Customer_7351,user7351@gmail.com,67,UK,433
7352,Customer_7352,user7352@gmail.com,41,USA,2407
7353,Customer_7353,user7353@gmail.com,59,UK,404
7354,Customer_7354,user7354@gmail.com,50,India,500
7355,Customer_7355,user7355@gmail.com,20,UK,4598
7356,Customer_7356,user7356@gmail.com,38,UK,1888
7357,Customer_7357,user7357@gmail.com,27,UK,2443
7358,Customer_7358,user7358@gmail.com,27,UK,2860
7359,Customer_7359,user7359@gmail.com,26,USA,3938
7360,Customer_7360,user7360@gmail.com,33,USA,3278
7361,Customer_7361,user7361@gmail.com,26,UK,4030
7362,Customer_7362,user7362@gmail.com,61,India,999
7363,Customer_7363,user7363@gmail.com,45,UK,1392
7364,Customer_7364,user7364@gmail.com,27,India,4909
7365,Customer_7365,user7365@gmail.com,18,USA,4568
7366,Customer_7366,user7366@gmail.com,31,India,1341
7367,Customer_7367,user7367@gmail.com,21,USA,1788
7368,Customer_7368,user7368@gmail.com,44,UK,2962
7369,Customer_7369,user7369@gmail.com,49,India,2406
7370,Customer_7370,user7370@gmail.com,36,UK,2786
7371,Customer_7371,user7371@gmail.com,47,UK,4894
7372,Customer_7372,user7372@gmail.com,50,USA,1580
7373,Customer_7373,user7373@gmail.com,49,USA,307
7374,Customer_7374,user7374@gmail.com,66,UK,3240
7375,Customer_7375,user7375@gmail.com,43,UK,4916
7376,Customer_7376,user7376@gmail.com,40,UK,2352
7377,Customer_7377,user7377@gmail.com,62,USA,565
7378,Customer_7378,user7378@gmail.com,50,USA,3133
7379,Customer_7379,user7379@gmail.com,47,USA,2940
7380,Customer_7380,user7380@gmail.com,22,UK,2093
7381,Customer_7381,user7381@gmail.com,38,India,1366
7382,Customer_7382,user7382@gmail.com,48,USA,4143
7383,Customer_7383,user7383@gmail.com,60,USA,4702
7384,Customer_7384,user7384@gmail.com,42,India,4455
7385,Customer_7385,user7385@gmail.com,32,UK,1331
7386,Customer_7386,user7386@gmail.com,70,UK,3882
7387,Customer_7387,user7387@gmail.com,43,UK,526
7388,Customer_7388,user7388@gmail.com,32,India,3806
7389,Customer_7389,user7389@gmail.com,60,UK,1860
7390,Customer_7390,user7390@gmail.com,37,India,3556
7391,Customer_7391,user7391@gmail.com,50,India,2404
7392,Customer_7392,user7392@gmail.com,58,USA,4285
7393,Customer_7393,user7393@gmail.com,67,India,3424
7394,Customer_7394,user7394@gmail.com,58,USA,2530
7395,Customer_7395,user7395@gmail.com,21,UK,2012
7396,Customer_7396,user7396@gmail.com,26,USA,1536
7397,Customer_7397,user7397@gmail.com,53,USA,1276
7398,Customer_7398,user7398@gmail.com,59,USA,2136
7399,Customer_7399,user7399@gmail.com,70,UK,2224
7400,Customer_7400,user7400@gmail.com,53,UK,4168
7401,Customer_7401,user7401@gmail.com,51,UK,2637
7402,Customer_7402,user7402@gmail.com,26,UK,4074
7403,Customer_7403,user7403@gmail.com,23,USA,1990
7404,Customer_7404,user7404@gmail.com,28,UK,1607
7405,Customer_7405,user7405@gmail.com,62,USA,2811
7406,Customer_7406,user7406@gmail.com,26,India,1233
7407,Customer_7407,user7407@gmail.com,58,UK,2279
7408,Customer_7408,user7408@gmail.com,43,India,266
7409,Customer_7409,user7409@gmail.com,21,USA,1101
7410,Customer_7410,user7410@gmail.com,32,USA,2715
7411,Customer_7411,user7411@gmail.com,23,UK,1971
7412,Customer_7412,user7412@gmail.com,32,USA,3211
7413,Customer_7413,user7413@gmail.com,48,USA,4176
7414,Customer_7414,user7414@gmail.com,38,India,2107
7415,Customer_7415,user7415@gmail.com,19,UK,4559
7416,Customer_7416,user7416@gmail.com,25,India,3088
7417,Customer_7417,user7417@gmail.com,61,USA,139
7418,Customer_7418,user7418@gmail.com,32,UK,2904
7419,Customer_7419,user7419@gmail.com,53,India,2183
7420,Customer_7420,user7420@gmail.com,61,USA,1495
7421,Customer_7421,user7421@gmail.com,63,UK,3323
7422,Customer_7422,user7422@gmail.com,58,UK,3052
7423,Customer_7423,user7423@gmail.com,61,USA,2982
7424,Customer_7424,user7424@gmail.com,34,USA,2223
7425,Customer_7425,user7425@gmail.com,32,UK,2092
7426,Customer_7426,user7426@gmail.com,29,UK,763
7427,Customer_7427,user7427@gmail.com,62,India,4402
7428,Customer_7428,user7428@gmail.com,64,UK,2219
7429,Customer_7429,user7429@gmail.com,23,USA,4129
7430,Customer_7430,user7430@gmail.com,48,USA,3282
7431,Customer_7431,user7431@gmail.com,34,UK,4408
7432,Customer_7432,user7432@gmail.com,39,USA,3034
7433,Customer_7433,user7433@gmail.com,43,India,4147
7434,Customer_7434,user7434@gmail.com,70,USA,606
7435,Customer_7435,user7435@gmail.com,53,India,4413
7436,Customer_7436,user7436@gmail.com,42,USA,2772
7437,Customer_7437,user7437@gmail.com,23,UK,4811
7438,Customer_7438,user7438@gmail.com,56,India,4317
7439,Customer_7439,user7439@gmail.com,39,USA,966
7440,Customer_7440,user7440@gmail.com,32,UK,2872
7441,Customer_7441,user7441@gmail.com,26,USA,3876
7442,Customer_7442,user7442@gmail.com,39,UK,2869
7443,Customer_7443,user7443@gmail.com,21,USA,3081
7444,Customer_7444,user7444@gmail.com,22,UK,4752
7445,Customer_7445,user7445@gmail.com,69,India,3363
7446,Customer_7446,user7446@gmail.com,42,India,1165
7447,Customer_7447,user7447@gmail.com,36,UK,4854
7448,Customer_7448,user7448@gmail.com,67,USA,4268
7449,Customer_7449,user7449@gmail.com,51,USA,4450
7450,Customer_7450,user7450@gmail.com,27,UK,4666
7451,Customer_7451,user7451@gmail.com,31,India,4763
7452,Customer_7452,user7452@gmail.com,25,India,2863
7453,Customer_7453,user7453@gmail.com,68,USA,2131
7454,Customer_7454,user7454@gmail.com,28,UK,2778
7455,Customer_7455,user7455@gmail.com,30,India,4074
7456,Customer_7456,user7456@gmail.com,23,India,4236
7457,Customer_7457,user7457@gmail.com,41,UK,4319
7458,Customer_7458,user7458@gmail.com,36,USA,2666
7459,Customer_7459,user7459@gmail.com,37,UK,4527
7460,Customer_7460,user7460@gmail.com,20,USA,3052
7461,Customer_7461,user7461@gmail.com,22,UK,1248
7462,Customer_7462,user7462@gmail.com,31,UK,281
7463,Customer_7463,user7463@gmail.com,26,India,4517
7464,Customer_7464,user7464@gmail.com,19,India,1516
7465,Customer_7465,user7465@gmail.com,33,UK,1914
7466,Customer_7466,user7466@gmail.com,25,UK,671
7467,Customer_7467,user7467@gmail.com,53,India,2940
7468,Customer_7468,user7468@gmail.com,57,UK,4857
7469,Customer_7469,user7469@gmail.com,30,India,1858
7470,Customer_7470,user7470@gmail.com,63,UK,1727
7471,Customer_7471,user7471@gmail.com,45,USA,3079
7472,Customer_7472,user7472@gmail.com,63,USA,341
7473,Customer_7473,user7473@gmail.com,23,USA,2779
7474,Customer_7474,user7474@gmail.com,56,UK,4599
7475,Customer_7475,user7475@gmail.com,57,India,1614
7476,Customer_7476,user7476@gmail.com,49,India,1763
7477,Customer_7477,user7477@gmail.com,62,UK,641
7478,Customer_7478,user7478@gmail.com,19,India,1705
7479,Customer_7479,user7479@gmail.com,54,USA,1627
7480,Customer_7480,user7480@gmail.com,31,India,1467
7481,Customer_7481,user7481@gmail.com,69,UK,250
7482,Customer_7482,user7482@gmail.com,44,UK,3113
7483,Customer_7483,user7483@gmail.com,50,USA,4054
7484,Customer_7484,user7484@gmail.com,67,USA,2859
7485,Customer_7485,user7485@gmail.com,47,India,2117
7486,Customer_7486,user7486@gmail.com,26,USA,3462
7487,Customer_7487,user7487@gmail.com,46,USA,2608
7488,Customer_7488,user7488@gmail.com,40,India,3955
7489,Customer_7489,user7489@gmail.com,19,India,1051
7490,Customer_7490,user7490@gmail.com,57,India,3892
7491,Customer_7491,user7491@gmail.com,42,UK,1263
7492,Customer_7492,user7492@gmail.com,41,USA,2875
7493,Customer_7493,user7493@gmail.com,68,USA,946
7494,Customer_7494,user7494@gmail.com,48,UK,227
7495,Customer_7495,user7495@gmail.com,28,India,1445
7496,Customer_7496,user7496@gmail.com,49,USA,2950
7497,Customer_7497,user7497@gmail.com,55,USA,634
7498,Customer_7498,user7498@gmail.com,31,India,2768
7499,Customer_7499,user7499@gmail.com,31,UK,374
7500,Customer_7500,user7500@gmail.com,44,India,1920
7501,Customer_7501,user7501@gmail.com,41,UK,3326
7502,Customer_7502,user7502@gmail.com,59,India,1329
7503,Customer_7503,user7503@gmail.com,50,India,3917
7504,Customer_7504,user7504@gmail.com,23,UK,3120
7505,Customer_7505,user7505@gmail.com,35,USA,4104
7506,Customer_7506,user7506@gmail.com,47,USA,3972
7507,Customer_7507,user7507@gmail.com,44,USA,3042
7508,Customer_7508,user7508@gmail.com,32,UK,4375
7509,Customer_7509,user7509@gmail.com,50,India,323
7510,Customer_7510,user7510@gmail.com,40,USA,3829
7511,Customer_7511,user7511@gmail.com,47,USA,2347
7512,Customer_7512,user7512@gmail.com,60,India,3369
7513,Customer_7513,user7513@gmail.com,30,USA,4810
7514,Customer_7514,user7514@gmail.com,19,UK,4729
7515,Customer_7515,user7515@gmail.com,66,UK,666
7516,Customer_7516,user7516@gmail.com,36,USA,2486
7517,Customer_7517,user7517@gmail.com,53,UK,1606
7518,Customer_7518,user7518@gmail.com,70,UK,3589
7519,Customer_7519,user7519@gmail.com,29,India,2918
7520,Customer_7520,user7520@gmail.com,46,India,3679
7521,Customer_7521,user7521@gmail.com,20,USA,2149
7522,Customer_7522,user7522@gmail.com,70,India,4610
7523,Customer_7523,user7523@gmail.com,34,UK,4858
7524,Customer_7524,user7524@gmail.com,37,India,482
7525,Customer_7525,user7525@gmail.com,64,UK,4920
7526,Customer_7526,user7526@gmail.com,50,USA,745
7527,Customer_7527,user7527@gmail.com,60,UK,1563
7528,Customer_7528,user7528@gmail.com,19,UK,466
7529,Customer_7529,user7529@gmail.com,55,USA,1061
7530,Customer_7530,user7530@gmail.com,25,India,3485
7531,Customer_7531,user7531@gmail.com,63,USA,4991
7532,Customer_7532,user7532@gmail.com,32,UK,1758
7533,Customer_7533,user7533@gmail.com,43,USA,659
7534,Customer_7534,user7534@gmail.com,25,USA,349
7535,Customer_7535,user7535@gmail.com,46,UK,1085
7536,Customer_7536,user7536@gmail.com,66,India,1500
7537,Customer_7537,user7537@gmail.com,46,India,2518
7538,Customer_7538,user7538@gmail.com,21,UK,840
7539,Customer_7539,user7539@gmail.com,37,USA,4000
7540,Customer_7540,user7540@gmail.com,61,India,243
7541,Customer_7541,user7541@gmail.com,20,India,4953
7542,Customer_7542,user7542@gmail.com,18,India,2427
7543,Customer_7543,user7543@gmail.com,26,UK,3279
7544,Customer_7544,user7544@gmail.com,65,India,1390
7545,Customer_7545,user7545@gmail.com,35,UK,1755
7546,Customer_7546,user7546@gmail.com,39,India,4975
7547,Customer_7547,user7547@gmail.com,69,USA,946
7548,Customer_7548,user7548@gmail.com,38,India,2162
7549,Customer_7549,user7549@gmail.com,53,USA,3155
7550,Customer_7550,user7550@gmail.com,30,UK,1229
7551,Customer_7551,user7551@gmail.com,39,India,1644
7552,Customer_7552,user7552@gmail.com,37,India,4086
7553,Customer_7553,user7553@gmail.com,45,India,3934
7554,Customer_7554,user7554@gmail.com,69,USA,4323
7555,Customer_7555,user7555@gmail.com,64,UK,2483
7556,Customer_7556,user7556@gmail.com,52,USA,1905
7557,Customer_7557,user7557@gmail.com,69,USA,3289
7558,Customer_7558,user7558@gmail.com,29,USA,4974
7559,Customer_7559,user7559@gmail.com,64,UK,2852
7560,Customer_7560,user7560@gmail.com,20,India,3959
7561,Customer_7561,user7561@gmail.com,69,India,4192
7562,Customer_7562,user7562@gmail.com,61,USA,4238
7563,Customer_7563,user7563@gmail.com,37,India,3438
7564,Customer_7564,user7564@gmail.com,63,USA,4672
7565,Customer_7565,user7565@gmail.com,39,USA,4438
7566,Customer_7566,user7566@gmail.com,65,India,1409
7567,Customer_7567,user7567@gmail.com,56,India,2139
7568,Customer_7568,user7568@gmail.com,33,USA,2315
7569,Customer_7569,user7569@gmail.com,53,USA,1139
7570,Customer_7570,user7570@gmail.com,37,USA,2761
7571,Customer_7571,user7571@gmail.com,24,India,4454
7572,Customer_7572,user7572@gmail.com,70,India,2991
7573,Customer_7573,user7573@gmail.com,40,UK,1166
7574,Customer_7574,user7574@gmail.com,48,USA,1635
7575,Customer_7575,user7575@gmail.com,21,USA,1872
7576,Customer_7576,user7576@gmail.com,39,USA,2649
7577,Customer_7577,user7577@gmail.com,37,USA,953
7578,Customer_7578,user7578@gmail.com,65,India,1620
7579,Customer_7579,user7579@gmail.com,64,UK,1699
7580,Customer_7580,user7580@gmail.com,33,USA,1302
7581,Customer_7581,user7581@gmail.com,40,India,3399
7582,Customer_7582,user7582@gmail.com,69,UK,4848
7583,Customer_7583,user7583@gmail.com,35,USA,4501
7584,Customer_7584,user7584@gmail.com,19,USA,756
7585,Customer_7585,user7585@gmail.com,43,India,2687
7586,Customer_7586,user7586@gmail.com,28,India,2726
7587,Customer_7587,user7587@gmail.com,64,UK,1733
7588,Customer_7588,user7588@gmail.com,35,USA,1761
7589,Customer_7589,user7589@gmail.com,69,USA,4953
7590,Customer_7590,user7590@gmail.com,51,UK,344
7591,Customer_7591,user7591@gmail.com,69,UK,1916
7592,Customer_7592,user7592@gmail.com,69,UK,2880
7593,Customer_7593,user7593@gmail.com,50,USA,4851
7594,Customer_7594,user7594@gmail.com,62,USA,3111
7595,Customer_7595,user7595@gmail.com,48,USA,1566
7596,Customer_7596,user7596@gmail.com,66,USA,3461
7597,Customer_7597,user7597@gmail.com,26,India,2459
7598,Customer_7598,user7598@gmail.com,67,USA,3639
7599,Customer_7599,user7599@gmail.com,39,UK,4444
7600,Customer_7600,user7600@gmail.com,36,UK,2618
7601,Customer_7601,user7601@gmail.com,69,USA,516
7602,Customer_7602,user7602@gmail.com,39,USA,4765
7603,Customer_7603,user7603@gmail.com,63,USA,1232
7604,Customer_7604,user7604@gmail.com,21,India,742
7605,Customer_7605,user7605@gmail.com,43,India,3803
7606,Customer_7606,user7606@gmail.com,47,USA,1794
7607,Customer_7607,user7607@gmail.com,50,India,4097
7608,Customer_7608,user7608@gmail.com,57,USA,3847
7609,Customer_7609,user7609@gmail.com,38,USA,679
7610,Customer_7610,user7610@gmail.com,38,UK,1873
7611,Customer_7611,user7611@gmail.com,43,USA,2135
7612,Customer_7612,user7612@gmail.com,48,India,3278
7613,Customer_7613,user7613@gmail.com,27,USA,1682
7614,Customer_7614,user7614@gmail.com,57,India,496
7615,Customer_7615,user7615@gmail.com,66,UK,3709
7616,Customer_7616,user7616@gmail.com,22,USA,2770
7617,Customer_7617,user7617@gmail.com,45,UK,4883
7618,Customer_7618,user7618@gmail.com,55,UK,3377
7619,Customer_7619,user7619@gmail.com,63,USA,2960
7620,Customer_7620,user7620@gmail.com,56,India,1169
7621,Customer_7621,user7621@gmail.com,66,USA,1051
7622,Customer_7622,user7622@gmail.com,61,USA,3973
7623,Customer_7623,user7623@gmail.com,38,USA,4906
7624,Customer_7624,user7624@gmail.com,51,USA,2728
7625,Customer_7625,user7625@gmail.com,23,UK,1167
7626,Customer_7626,user7626@gmail.com,40,India,1677
7627,Customer_7627,user7627@gmail.com,18,UK,2987
7628,Customer_7628,user7628@gmail.com,66,India,4125
7629,Customer_7629,user7629@gmail.com,21,USA,4514
7630,Customer_7630,user7630@gmail.com,46,USA,3460
7631,Customer_7631,user7631@gmail.com,60,UK,2099
7632,Customer_7632,user7632@gmail.com,30,UK,561
7633,Customer_7633,user7633@gmail.com,67,UK,943
7634,Customer_7634,user7634@gmail.com,34,USA,1237
7635,Customer_7635,user7635@gmail.com,60,UK,2165
7636,Customer_7636,user7636@gmail.com,45,USA,4439
7637,Customer_7637,user7637@gmail.com,26,USA,1709
7638,Customer_7638,user7638@gmail.com,47,UK,2172
7639,Customer_7639,user7639@gmail.com,27,USA,3035
7640,Customer_7640,user7640@gmail.com,60,USA,1321
7641,Customer_7641,user7641@gmail.com,66,USA,2263
7642,Customer_7642,user7642@gmail.com,32,UK,4036
7643,Customer_7643,user7643@gmail.com,43,India,3915
7644,Customer_7644,user7644@gmail.com,42,India,896
7645,Customer_7645,user7645@gmail.com,19,India,2507
7646,Customer_7646,user7646@gmail.com,61,USA,4476
7647,Customer_7647,user7647@gmail.com,65,India,4279
7648,Customer_7648,user7648@gmail.com,60,India,4315
7649,Customer_7649,user7649@gmail.com,57,USA,3632
7650,Customer_7650,user7650@gmail.com,46,USA,4578
7651,Customer_7651,user7651@gmail.com,27,USA,263
7652,Customer_7652,user7652@gmail.com,55,UK,2181
7653,Customer_7653,user7653@gmail.com,59,UK,2556
7654,Customer_7654,user7654@gmail.com,31,USA,702
7655,Customer_7655,user7655@gmail.com,64,USA,2933
7656,Customer_7656,user7656@gmail.com,39,USA,1326
7657,Customer_7657,user7657@gmail.com,51,UK,2564
7658,Customer_7658,user7658@gmail.com,45,India,930
7659,Customer_7659,user7659@gmail.com,40,UK,2637
7660,Customer_7660,user7660@gmail.com,63,USA,4296
7661,Customer_7661,user7661@gmail.com,40,India,3202
7662,Customer_7662,user7662@gmail.com,46,USA,3197
7663,Customer_7663,user7663@gmail.com,56,India,3764
7664,Customer_7664,user7664@gmail.com,37,USA,4064
7665,Customer_7665,user7665@gmail.com,24,USA,4809
7666,Customer_7666,user7666@gmail.com,63,India,4116
7667,Customer_7667,user7667@gmail.com,60,India,3732
7668,Customer_7668,user7668@gmail.com,55,USA,4250
7669,Customer_7669,user7669@gmail.com,65,UK,4677
7670,Customer_7670,user7670@gmail.com,34,UK,3335
7671,Customer_7671,user7671@gmail.com,47,India,2508
7672,Customer_7672,user7672@gmail.com,54,India,4976
7673,Customer_7673,user7673@gmail.com,39,USA,3567
7674,Customer_7674,user7674@gmail.com,33,UK,1569
7675,Customer_7675,user7675@gmail.com,20,India,2023
7676,Customer_7676,user7676@gmail.com,45,UK,4693
7677,Customer_7677,user7677@gmail.com,43,USA,2037
7678,Customer_7678,user7678@gmail.com,37,USA,1982
7679,Customer_7679,user7679@gmail.com,52,USA,842
7680,Customer_7680,user7680@gmail.com,68,India,4917
7681,Customer_7681,user7681@gmail.com,40,USA,3783
7682,Customer_7682,user7682@gmail.com,32,USA,4907
7683,Customer_7683,user7683@gmail.com,51,India,224
7684,Customer_7684,user7684@gmail.com,38,India,869
7685,Customer_7685,user7685@gmail.com,31,UK,2538
7686,Customer_7686,user7686@gmail.com,43,UK,3544
7687,Customer_7687,user7687@gmail.com,50,USA,252
7688,Customer_7688,user7688@gmail.com,46,India,2025
7689,Customer_7689,user7689@gmail.com,49,UK,1088
7690,Customer_7690,user7690@gmail.com,35,USA,3326
7691,Customer_7691,user7691@gmail.com,31,India,323
7692,Customer_7692,user7692@gmail.com,38,USA,2613
7693,Customer_7693,user7693@gmail.com,66,India,3032
7694,Customer_7694,user7694@gmail.com,48,India,4463
7695,Customer_7695,user7695@gmail.com,30,India,1105
7696,Customer_7696,user7696@gmail.com,27,India,2328
7697,Customer_7697,user7697@gmail.com,45,USA,4735
7698,Customer_7698,user7698@gmail.com,24,USA,2857
7699,Customer_7699,user7699@gmail.com,57,India,1985
7700,Customer_7700,user7700@gmail.com,30,UK,2938
7701,Customer_7701,user7701@gmail.com,35,UK,1181
7702,Customer_7702,user7702@gmail.com,37,India,1888
7703,Customer_7703,user7703@gmail.com,26,UK,3133
7704,Customer_7704,user7704@gmail.com,65,India,2138
7705,Customer_7705,user7705@gmail.com,43,USA,214
7706,Customer_7706,user7706@gmail.com,54,India,399
7707,Customer_7707,user7707@gmail.com,26,USA,3027
7708,Customer_7708,user7708@gmail.com,21,USA,1716
7709,Customer_7709,user7709@gmail.com,37,USA,2934
7710,Customer_7710,user7710@gmail.com,35,USA,235
7711,Customer_7711,user7711@gmail.com,32,USA,4453
7712,Customer_7712,user7712@gmail.com,69,India,247
7713,Customer_7713,user7713@gmail.com,70,USA,4191
7714,Customer_7714,user7714@gmail.com,23,USA,3169
7715,Customer_7715,user7715@gmail.com,35,India,3183
7716,Customer_7716,user7716@gmail.com,42,UK,4961
7717,Customer_7717,user7717@gmail.com,35,UK,2286
7718,Customer_7718,user7718@gmail.com,55,USA,3725
7719,Customer_7719,user7719@gmail.com,59,USA,2590
7720,Customer_7720,user7720@gmail.com,44,USA,169
7721,Customer_7721,user7721@gmail.com,48,India,3224
7722,Customer_7722,user7722@gmail.com,70,UK,1371
7723,Customer_7723,user7723@gmail.com,57,India,4257
7724,Customer_7724,user7724@gmail.com,45,UK,121
7725,Customer_7725,user7725@gmail.com,57,India,3516
7726,Customer_7726,user7726@gmail.com,29,UK,2025
7727,Customer_7727,user7727@gmail.com,32,India,4437
7728,Customer_7728,user7728@gmail.com,39,USA,2071
7729,Customer_7729,user7729@gmail.com,32,India,4658
7730,Customer_7730,user7730@gmail.com,70,USA,4013
7731,Customer_7731,user7731@gmail.com,31,India,2482
7732,Customer_7732,user7732@gmail.com,59,UK,1118
7733,Customer_7733,user7733@gmail.com,43,UK,2605
7734,Customer_7734,user7734@gmail.com,58,India,1399
7735,Customer_7735,user7735@gmail.com,70,India,4825
7736,Customer_7736,user7736@gmail.com,62,UK,1062
7737,Customer_7737,user7737@gmail.com,44,UK,4253
7738,Customer_7738,user7738@gmail.com,18,UK,4779
7739,Customer_7739,user7739@gmail.com,34,UK,1957
7740,Customer_7740,user7740@gmail.com,22,UK,3390
7741,Customer_7741,user7741@gmail.com,34,India,355
7742,Customer_7742,user7742@gmail.com,45,USA,612
7743,Customer_7743,user7743@gmail.com,59,India,3822
7744,Customer_7744,user7744@gmail.com,32,India,1003
7745,Customer_7745,user7745@gmail.com,67,UK,4997
7746,Customer_7746,user7746@gmail.com,70,India,2075
7747,Customer_7747,user7747@gmail.com,34,USA,2756
7748,Customer_7748,user7748@gmail.com,30,UK,4426
7749,Customer_7749,user7749@gmail.com,38,India,1920
7750,Customer_7750,user7750@gmail.com,64,UK,1398
7751,Customer_7751,user7751@gmail.com,55,India,4122
7752,Customer_7752,user7752@gmail.com,43,India,2807
7753,Customer_7753,user7753@gmail.com,70,USA,2851
7754,Customer_7754,user7754@gmail.com,58,India,3958
7755,Customer_7755,user7755@gmail.com,30,UK,588
7756,Customer_7756,user7756@gmail.com,40,USA,1285
7757,Customer_7757,user7757@gmail.com,48,UK,621
7758,Customer_7758,user7758@gmail.com,67,India,764
7759,Customer_7759,user7759@gmail.com,68,USA,714
7760,Customer_7760,user7760@gmail.com,21,UK,4994
7761,Customer_7761,user7761@gmail.com,54,USA,2926
7762,Customer_7762,user7762@gmail.com,60,UK,3050
7763,Customer_7763,user7763@gmail.com,52,India,3010
7764,Customer_7764,user7764@gmail.com,68,UK,1443
7765,Customer_7765,user7765@gmail.com,19,UK,1053
7766,Customer_7766,user7766@gmail.com,65,USA,4681
7767,Customer_7767,user7767@gmail.com,61,USA,4082
7768,Customer_7768,user7768@gmail.com,57,India,937
7769,Customer_7769,user7769@gmail.com,36,India,1468
7770,Customer_7770,user7770@gmail.com,70,USA,2906
7771,Customer_7771,user7771@gmail.com,18,USA,3560
7772,Customer_7772,user7772@gmail.com,25,India,2676
7773,Customer_7773,user7773@gmail.com,58,UK,2664
7774,Customer_7774,user7774@gmail.com,31,UK,2612
7775,Customer_7775,user7775@gmail.com,56,UK,268
7776,Customer_7776,user7776@gmail.com,46,UK,3882
7777,Customer_7777,user7777@gmail.com,30,USA,2153
7778,Customer_7778,user7778@gmail.com,47,UK,3531
7779,Customer_7779,user7779@gmail.com,66,UK,4753
7780,Customer_7780,user7780@gmail.com,53,UK,701
7781,Customer_7781,user7781@gmail.com,32,India,4072
7782,Customer_7782,user7782@gmail.com,58,India,815
7783,Customer_7783,user7783@gmail.com,56,India,2320
7784,Customer_7784,user7784@gmail.com,27,USA,1828
7785,Customer_7785,user7785@gmail.com,39,USA,4763
7786,Customer_7786,user7786@gmail.com,28,UK,4225
7787,Customer_7787,user7787@gmail.com,58,India,1802
7788,Customer_7788,user7788@gmail.com,46,UK,2349
7789,Customer_7789,user7789@gmail.com,68,UK,1841
7790,Customer_7790,user7790@gmail.com,51,USA,4026
7791,Customer_7791,user7791@gmail.com,55,UK,2368
7792,Customer_7792,user7792@gmail.com,53,USA,2080
7793,Customer_7793,user7793@gmail.com,32,UK,3260
7794,Customer_7794,user7794@gmail.com,55,India,3519
7795,Customer_7795,user7795@gmail.com,45,USA,121
7796,Customer_7796,user7796@gmail.com,40,USA,2325
7797,Customer_7797,user7797@gmail.com,54,UK,2516
7798,Customer_7798,user7798@gmail.com,50,USA,4292
7799,Customer_7799,user7799@gmail.com,33,USA,326
7800,Customer_7800,user7800@gmail.com,29,USA,497
7801,Customer_7801,user7801@gmail.com,27,USA,208
7802,Customer_7802,user7802@gmail.com,43,USA,2890
7803,Customer_7803,user7803@gmail.com,42,USA,1623
7804,Customer_7804,user7804@gmail.com,53,USA,336
7805,Customer_7805,user7805@gmail.com,60,India,891
7806,Customer_7806,user7806@gmail.com,43,USA,3292
7807,Customer_7807,user7807@gmail.com,19,USA,4684
7808,Customer_7808,user7808@gmail.com,53,USA,395
7809,Customer_7809,user7809@gmail.com,46,UK,3782
7810,Customer_7810,user7810@gmail.com,30,UK,3975
7811,Customer_7811,user7811@gmail.com,32,India,1029
7812,Customer_7812,user7812@gmail.com,43,UK,4304
7813,Customer_7813,user7813@gmail.com,19,UK,4033
7814,Customer_7814,user7814@gmail.com,29,UK,1156
7815,Customer_7815,user7815@gmail.com,40,UK,964
7816,Customer_7816,user7816@gmail.com,60,India,3691
7817,Customer_7817,user7817@gmail.com,30,USA,3456
7818,Customer_7818,user7818@gmail.com,60,India,4203
7819,Customer_7819,user7819@gmail.com,26,UK,2516
7820,Customer_7820,user7820@gmail.com,66,UK,3745
7821,Customer_7821,user7821@gmail.com,26,UK,540
7822,Customer_7822,user7822@gmail.com,39,USA,209
7823,Customer_7823,user7823@gmail.com,38,USA,3033
7824,Customer_7824,user7824@gmail.com,70,India,3305
7825,Customer_7825,user7825@gmail.com,63,UK,1231
7826,Customer_7826,user7826@gmail.com,26,India,1792
7827,Customer_7827,user7827@gmail.com,34,India,1664
7828,Customer_7828,user7828@gmail.com,32,India,3060
7829,Customer_7829,user7829@gmail.com,52,USA,2831
7830,Customer_7830,user7830@gmail.com,56,UK,1432
7831,Customer_7831,user7831@gmail.com,69,USA,4937
7832,Customer_7832,user7832@gmail.com,65,USA,2435
7833,Customer_7833,user7833@gmail.com,61,UK,3148
7834,Customer_7834,user7834@gmail.com,58,USA,2985
7835,Customer_7835,user7835@gmail.com,56,USA,4943
7836,Customer_7836,user7836@gmail.com,68,India,3118
7837,Customer_7837,user7837@gmail.com,27,UK,1659
7838,Customer_7838,user7838@gmail.com,55,UK,1156
7839,Customer_7839,user7839@gmail.com,36,India,3200
7840,Customer_7840,user7840@gmail.com,61,UK,767
7841,Customer_7841,user7841@gmail.com,25,UK,263
7842,Customer_7842,user7842@gmail.com,29,India,4772
7843,Customer_7843,user7843@gmail.com,24,UK,1049
7844,Customer_7844,user7844@gmail.com,57,USA,166
7845,Customer_7845,user7845@gmail.com,59,UK,4354
7846,Customer_7846,user7846@gmail.com,39,UK,3631
7847,Customer_7847,user7847@gmail.com,49,UK,713
7848,Customer_7848,user7848@gmail.com,42,USA,3451
7849,Customer_7849,user7849@gmail.com,59,India,2650
7850,Customer_7850,user7850@gmail.com,55,USA,3885
7851,Customer_7851,user7851@gmail.com,48,India,4626
7852,Customer_7852,user7852@gmail.com,47,India,3278
7853,Customer_7853,user7853@gmail.com,48,India,708
7854,Customer_7854,user7854@gmail.com,28,USA,2434
7855,Customer_7855,user7855@gmail.com,36,UK,1993
7856,Customer_7856,user7856@gmail.com,54,India,4962
7857,Customer_7857,user7857@gmail.com,38,UK,4935
7858,Customer_7858,user7858@gmail.com,32,India,1567
7859,Customer_7859,user7859@gmail.com,52,USA,4183
7860,Customer_7860,user7860@gmail.com,67,USA,3349
7861,Customer_7861,user7861@gmail.com,41,USA,4081
7862,Customer_7862,user7862@gmail.com,63,UK,2965
7863,Customer_7863,user7863@gmail.com,22,USA,1757
7864,Customer_7864,user7864@gmail.com,55,India,1776
7865,Customer_7865,user7865@gmail.com,60,UK,1828
7866,Customer_7866,user7866@gmail.com,21,USA,4402
7867,Customer_7867,user7867@gmail.com,50,India,932
7868,Customer_7868,user7868@gmail.com,58,India,4439
7869,Customer_7869,user7869@gmail.com,43,India,142
7870,Customer_7870,user7870@gmail.com,29,UK,2854
7871,Customer_7871,user7871@gmail.com,49,India,1982
7872,Customer_7872,user7872@gmail.com,38,USA,1289
7873,Customer_7873,user7873@gmail.com,52,UK,4421
7874,Customer_7874,user7874@gmail.com,70,USA,4678
7875,Customer_7875,user7875@gmail.com,27,India,4281
7876,Customer_7876,user7876@gmail.com,36,India,521
7877,Customer_7877,user7877@gmail.com,53,USA,410
7878,Customer_7878,user7878@gmail.com,27,UK,4702
7879,Customer_7879,user7879@gmail.com,63,India,4058
7880,Customer_7880,user7880@gmail.com,56,UK,4936
7881,Customer_7881,user7881@gmail.com,32,USA,2968
7882,Customer_7882,user7882@gmail.com,40,UK,3311
7883,Customer_7883,user7883@gmail.com,28,UK,2189
7884,Customer_7884,user7884@gmail.com,52,India,4326
7885,Customer_7885,user7885@gmail.com,70,USA,3429
7886,Customer_7886,user7886@gmail.com,52,UK,3808
7887,Customer_7887,user7887@gmail.com,49,UK,4755
7888,Customer_7888,user7888@gmail.com,69,UK,243
7889,Customer_7889,user7889@gmail.com,55,USA,854
7890,Customer_7890,user7890@gmail.com,57,USA,4360
7891,Customer_7891,user7891@gmail.com,59,India,3600
7892,Customer_7892,user7892@gmail.com,49,USA,4328
7893,Customer_7893,user7893@gmail.com,70,UK,2398
7894,Customer_7894,user7894@gmail.com,62,USA,685
7895,Customer_7895,user7895@gmail.com,33,India,1562
7896,Customer_7896,user7896@gmail.com,18,USA,1094
7897,Customer_7897,user7897@gmail.com,39,USA,3041
7898,Customer_7898,user7898@gmail.com,65,India,4292
7899,Customer_7899,user7899@gmail.com,63,UK,1906
7900,Customer_7900,user7900@gmail.com,53,UK,4223
7901,Customer_7901,user7901@gmail.com,37,USA,976
7902,Customer_7902,user7902@gmail.com,37,USA,1027
7903,Customer_7903,user7903@gmail.com,61,UK,3944
7904,Customer_7904,user7904@gmail.com,31,India,3367
7905,Customer_7905,user7905@gmail.com,62,India,3200
7906,Customer_7906,user7906@gmail.com,63,India,629
7907,Customer_7907,user7907@gmail.com,26,India,3489
7908,Customer_7908,user7908@gmail.com,66,India,691
7909,Customer_7909,user7909@gmail.com,27,India,3100
7910,Customer_7910,user7910@gmail.com,24,USA,4777
7911,Customer_7911,user7911@gmail.com,26,USA,2282
7912,Customer_7912,user7912@gmail.com,68,UK,4974
7913,Customer_7913,user7913@gmail.com,61,USA,492
7914,Customer_7914,user7914@gmail.com,31,UK,1573
7915,Customer_7915,user7915@gmail.com,28,India,1472
7916,Customer_7916,user7916@gmail.com,48,India,2851
7917,Customer_7917,user7917@gmail.com,33,USA,540
7918,Customer_7918,user7918@gmail.com,54,USA,2906
7919,Customer_7919,user7919@gmail.com,26,India,1413
7920,Customer_7920,user7920@gmail.com,57,UK,2312
7921,Customer_7921,user7921@gmail.com,65,USA,3309
7922,Customer_7922,user7922@gmail.com,49,USA,2276
7923,Customer_7923,user7923@gmail.com,62,USA,3028
7924,Customer_7924,user7924@gmail.com,57,UK,1292
7925,Customer_7925,user7925@gmail.com,70,India,1762
7926,Customer_7926,user7926@gmail.com,32,USA,4006
7927,Customer_7927,user7927@gmail.com,28,UK,4579
7928,Customer_7928,user7928@gmail.com,65,USA,4556
7929,Customer_7929,user7929@gmail.com,21,India,2698
7930,Customer_7930,user7930@gmail.com,18,India,3772
7931,Customer_7931,user7931@gmail.com,62,USA,1021
7932,Customer_7932,user7932@gmail.com,49,USA,4352
7933,Customer_7933,user7933@gmail.com,66,USA,2560
7934,Customer_7934,user7934@gmail.com,36,USA,3468
7935,Customer_7935,user7935@gmail.com,21,UK,2067
7936,Customer_7936,user7936@gmail.com,56,USA,837
7937,Customer_7937,user7937@gmail.com,39,USA,4548
7938,Customer_7938,user7938@gmail.com,57,India,2102
7939,Customer_7939,user7939@gmail.com,60,UK,1236
7940,Customer_7940,user7940@gmail.com,21,India,4729
7941,Customer_7941,user7941@gmail.com,61,UK,3873
7942,Customer_7942,user7942@gmail.com,32,UK,4710
7943,Customer_7943,user7943@gmail.com,62,USA,1325
7944,Customer_7944,user7944@gmail.com,57,USA,1107
7945,Customer_7945,user7945@gmail.com,41,USA,3062
7946,Customer_7946,user7946@gmail.com,35,India,2518
7947,Customer_7947,user7947@gmail.com,37,India,4140
7948,Customer_7948,user7948@gmail.com,67,India,1944
7949,Customer_7949,user7949@gmail.com,22,India,4588
7950,Customer_7950,user7950@gmail.com,63,India,2052
7951,Customer_7951,user7951@gmail.com,56,USA,2622
7952,Customer_7952,user7952@gmail.com,34,USA,453
7953,Customer_7953,user7953@gmail.com,60,India,2656
7954,Customer_7954,user7954@gmail.com,34,USA,4710
7955,Customer_7955,user7955@gmail.com,34,UK,1306
7956,Customer_7956,user7956@gmail.com,61,USA,2508
7957,Customer_7957,user7957@gmail.com,28,USA,2746
7958,Customer_7958,user7958@gmail.com,61,USA,598
7959,Customer_7959,user7959@gmail.com,65,USA,3142
7960,Customer_7960,user7960@gmail.com,20,UK,4705
7961,Customer_7961,user7961@gmail.com,26,UK,4947
7962,Customer_7962,user7962@gmail.com,66,UK,890
7963,Customer_7963,user7963@gmail.com,70,UK,3926
7964,Customer_7964,user7964@gmail.com,46,UK,346
7965,Customer_7965,user7965@gmail.com,63,UK,3192
7966,Customer_7966,user7966@gmail.com,36,USA,3261
7967,Customer_7967,user7967@gmail.com,70,India,3366
7968,Customer_7968,user7968@gmail.com,21,UK,612
7969,Customer_7969,user7969@gmail.com,29,UK,2078
7970,Customer_7970,user7970@gmail.com,38,India,767
7971,Customer_7971,user7971@gmail.com,47,India,3931
7972,Customer_7972,user7972@gmail.com,64,India,996
7973,Customer_7973,user7973@gmail.com,51,USA,4844
7974,Customer_7974,user7974@gmail.com,48,UK,4137
7975,Customer_7975,user7975@gmail.com,50,USA,300
7976,Customer_7976,user7976@gmail.com,38,UK,4279
7977,Customer_7977,user7977@gmail.com,67,India,3116
7978,Customer_7978,user7978@gmail.com,25,USA,1016
7979,Customer_7979,user7979@gmail.com,66,India,3867
7980,Customer_7980,user7980@gmail.com,27,India,2183
7981,Customer_7981,user7981@gmail.com,25,UK,3804
7982,Customer_7982,user7982@gmail.com,62,UK,1311
7983,Customer_7983,user7983@gmail.com,49,UK,1679
7984,Customer_7984,user7984@gmail.com,49,UK,3748
7985,Customer_7985,user7985@gmail.com,60,India,3410
7986,Customer_7986,user7986@gmail.com,68,UK,4542
7987,Customer_7987,user7987@gmail.com,50,India,2370
7988,Customer_7988,user7988@gmail.com,28,UK,2461
7989,Customer_7989,user7989@gmail.com,67,India,4099
7990,Customer_7990,user7990@gmail.com,46,USA,3888
7991,Customer_7991,user7991@gmail.com,46,India,3928
7992,Customer_7992,user7992@gmail.com,50,USA,2757
7993,Customer_7993,user7993@gmail.com,66,India,1811
7994,Customer_7994,user7994@gmail.com,26,USA,3320
7995,Customer_7995,user7995@gmail.com,43,USA,2630
7996,Customer_7996,user7996@gmail.com,18,USA,2265
7997,Customer_7997,user7997@gmail.com,27,UK,1662
7998,Customer_7998,user7998@gmail.com,49,UK,678
7999,Customer_7999,user7999@gmail.com,31,USA,3177
8000,Customer_8000,user8000@gmail.com,51,India,108
8001,Customer_8001,user8001@gmail.com,23,India,1300
8002,Customer_8002,user8002@gmail.com,59,India,3884
8003,Customer_8003,user8003@gmail.com,31,UK,3128
8004,Customer_8004,user8004@gmail.com,53,USA,314
8005,Customer_8005,user8005@gmail.com,41,USA,3580
8006,Customer_8006,user8006@gmail.com,22,USA,2521
8007,Customer_8007,user8007@gmail.com,58,India,3295
8008,Customer_8008,user8008@gmail.com,31,India,481
8009,Customer_8009,user8009@gmail.com,63,UK,1839
8010,Customer_8010,user8010@gmail.com,69,USA,490
8011,Customer_8011,user8011@gmail.com,49,India,1386
8012,Customer_8012,user8012@gmail.com,37,India,4064
8013,Customer_8013,user8013@gmail.com,69,UK,2436
8014,Customer_8014,user8014@gmail.com,23,UK,4359
8015,Customer_8015,user8015@gmail.com,27,USA,2975
8016,Customer_8016,user8016@gmail.com,20,USA,2362
8017,Customer_8017,user8017@gmail.com,62,UK,3434
8018,Customer_8018,user8018@gmail.com,19,UK,468
8019,Customer_8019,user8019@gmail.com,44,UK,3564
8020,Customer_8020,user8020@gmail.com,64,India,4929
8021,Customer_8021,user8021@gmail.com,32,India,3776
8022,Customer_8022,user8022@gmail.com,19,UK,1516
8023,Customer_8023,user8023@gmail.com,58,USA,2138
8024,Customer_8024,user8024@gmail.com,50,USA,4439
8025,Customer_8025,user8025@gmail.com,33,USA,4299
8026,Customer_8026,user8026@gmail.com,50,UK,3184
8027,Customer_8027,user8027@gmail.com,46,UK,4530
8028,Customer_8028,user8028@gmail.com,18,USA,524
8029,Customer_8029,user8029@gmail.com,18,USA,1749
8030,Customer_8030,user8030@gmail.com,56,USA,118
8031,Customer_8031,user8031@gmail.com,63,India,3786
8032,Customer_8032,user8032@gmail.com,55,India,2079
8033,Customer_8033,user8033@gmail.com,19,India,4098
8034,Customer_8034,user8034@gmail.com,58,India,3723
8035,Customer_8035,user8035@gmail.com,21,USA,3363
8036,Customer_8036,user8036@gmail.com,23,USA,196
8037,Customer_8037,user8037@gmail.com,37,UK,4661
8038,Customer_8038,user8038@gmail.com,52,UK,4882
8039,Customer_8039,user8039@gmail.com,52,USA,2013
8040,Customer_8040,user8040@gmail.com,54,India,941
8041,Customer_8041,user8041@gmail.com,64,India,4752
8042,Customer_8042,user8042@gmail.com,37,UK,1443
8043,Customer_8043,user8043@gmail.com,66,India,1384
8044,Customer_8044,user8044@gmail.com,64,USA,1276
8045,Customer_8045,user8045@gmail.com,50,USA,122
8046,Customer_8046,user8046@gmail.com,24,USA,1110
8047,Customer_8047,user8047@gmail.com,52,UK,173
8048,Customer_8048,user8048@gmail.com,54,UK,2971
8049,Customer_8049,user8049@gmail.com,58,UK,3187
8050,Customer_8050,user8050@gmail.com,47,India,3406
8051,Customer_8051,user8051@gmail.com,41,USA,4956
8052,Customer_8052,user8052@gmail.com,48,USA,4722
8053,Customer_8053,user8053@gmail.com,60,UK,3533
8054,Customer_8054,user8054@gmail.com,63,USA,729
8055,Customer_8055,user8055@gmail.com,44,USA,1549
8056,Customer_8056,user8056@gmail.com,40,India,4275
8057,Customer_8057,user8057@gmail.com,46,USA,2517
8058,Customer_8058,user8058@gmail.com,35,UK,1719
8059,Customer_8059,user8059@gmail.com,47,USA,4219
8060,Customer_8060,user8060@gmail.com,53,India,3451
8061,Customer_8061,user8061@gmail.com,50,UK,4220
8062,Customer_8062,user8062@gmail.com,51,UK,1497
8063,Customer_8063,user8063@gmail.com,46,USA,2253
8064,Customer_8064,user8064@gmail.com,26,USA,3086
8065,Customer_8065,user8065@gmail.com,18,USA,4599
8066,Customer_8066,user8066@gmail.com,40,India,4352
8067,Customer_8067,user8067@gmail.com,44,India,1209
8068,Customer_8068,user8068@gmail.com,57,UK,939
8069,Customer_8069,user8069@gmail.com,22,USA,4437
8070,Customer_8070,user8070@gmail.com,52,USA,4476
8071,Customer_8071,user8071@gmail.com,37,UK,3577
8072,Customer_8072,user8072@gmail.com,62,USA,3175
8073,Customer_8073,user8073@gmail.com,43,USA,3620
8074,Customer_8074,user8074@gmail.com,43,India,3907
8075,Customer_8075,user8075@gmail.com,52,UK,3618
8076,Customer_8076,user8076@gmail.com,23,UK,766
8077,Customer_8077,user8077@gmail.com,26,UK,3368
8078,Customer_8078,user8078@gmail.com,64,USA,1951
8079,Customer_8079,user8079@gmail.com,28,India,2267
8080,Customer_8080,user8080@gmail.com,47,India,4240
8081,Customer_8081,user8081@gmail.com,24,UK,1699
8082,Customer_8082,user8082@gmail.com,27,UK,4289
8083,Customer_8083,user8083@gmail.com,43,USA,4184
8084,Customer_8084,user8084@gmail.com,40,USA,3576
8085,Customer_8085,user8085@gmail.com,64,UK,104
8086,Customer_8086,user8086@gmail.com,59,UK,212
8087,Customer_8087,user8087@gmail.com,28,UK,4062
8088,Customer_8088,user8088@gmail.com,56,UK,162
8089,Customer_8089,user8089@gmail.com,58,UK,2174
8090,Customer_8090,user8090@gmail.com,30,UK,3903
8091,Customer_8091,user8091@gmail.com,28,UK,1501
8092,Customer_8092,user8092@gmail.com,29,India,2032
8093,Customer_8093,user8093@gmail.com,47,UK,4395
8094,Customer_8094,user8094@gmail.com,55,USA,3605
8095,Customer_8095,user8095@gmail.com,54,UK,4534
8096,Customer_8096,user8096@gmail.com,67,India,286
8097,Customer_8097,user8097@gmail.com,19,UK,1278
8098,Customer_8098,user8098@gmail.com,68,UK,1534
8099,Customer_8099,user8099@gmail.com,45,India,411
8100,Customer_8100,user8100@gmail.com,33,USA,3419
8101,Customer_8101,user8101@gmail.com,22,India,4544
8102,Customer_8102,user8102@gmail.com,20,USA,3183
8103,Customer_8103,user8103@gmail.com,59,India,524
8104,Customer_8104,user8104@gmail.com,56,India,1813
8105,Customer_8105,user8105@gmail.com,58,UK,2099
8106,Customer_8106,user8106@gmail.com,54,UK,4219
8107,Customer_8107,user8107@gmail.com,36,USA,1891
8108,Customer_8108,user8108@gmail.com,28,USA,999
8109,Customer_8109,user8109@gmail.com,63,UK,1128
8110,Customer_8110,user8110@gmail.com,45,India,4481
8111,Customer_8111,user8111@gmail.com,21,UK,3669
8112,Customer_8112,user8112@gmail.com,51,India,274
8113,Customer_8113,user8113@gmail.com,46,UK,2123
8114,Customer_8114,user8114@gmail.com,58,UK,4284
8115,Customer_8115,user8115@gmail.com,57,India,1209
8116,Customer_8116,user8116@gmail.com,59,USA,4337
8117,Customer_8117,user8117@gmail.com,45,USA,2028
8118,Customer_8118,user8118@gmail.com,20,UK,1681
8119,Customer_8119,user8119@gmail.com,44,UK,4473
8120,Customer_8120,user8120@gmail.com,60,UK,2392
8121,Customer_8121,user8121@gmail.com,28,UK,2189
8122,Customer_8122,user8122@gmail.com,23,India,1739
8123,Customer_8123,user8123@gmail.com,51,UK,215
8124,Customer_8124,user8124@gmail.com,57,USA,4747
8125,Customer_8125,user8125@gmail.com,53,UK,4837
8126,Customer_8126,user8126@gmail.com,57,USA,2463
8127,Customer_8127,user8127@gmail.com,40,India,2045
8128,Customer_8128,user8128@gmail.com,25,UK,1694
8129,Customer_8129,user8129@gmail.com,22,UK,2857
8130,Customer_8130,user8130@gmail.com,70,UK,2087
8131,Customer_8131,user8131@gmail.com,33,UK,1350
8132,Customer_8132,user8132@gmail.com,27,India,3567
8133,Customer_8133,user8133@gmail.com,70,India,3249
8134,Customer_8134,user8134@gmail.com,57,India,1394
8135,Customer_8135,user8135@gmail.com,31,UK,3431
8136,Customer_8136,user8136@gmail.com,56,USA,4328
8137,Customer_8137,user8137@gmail.com,55,USA,1083
8138,Customer_8138,user8138@gmail.com,49,USA,1470
8139,Customer_8139,user8139@gmail.com,60,USA,3471
8140,Customer_8140,user8140@gmail.com,43,USA,1952
8141,Customer_8141,user8141@gmail.com,41,India,2312
8142,Customer_8142,user8142@gmail.com,65,USA,3694
8143,Customer_8143,user8143@gmail.com,24,USA,931
8144,Customer_8144,user8144@gmail.com,46,India,3714
8145,Customer_8145,user8145@gmail.com,69,USA,828
8146,Customer_8146,user8146@gmail.com,18,UK,4777
8147,Customer_8147,user8147@gmail.com,26,India,4485
8148,Customer_8148,user8148@gmail.com,51,India,3214
8149,Customer_8149,user8149@gmail.com,37,UK,4488
8150,Customer_8150,user8150@gmail.com,35,India,3503
8151,Customer_8151,user8151@gmail.com,61,India,748
8152,Customer_8152,user8152@gmail.com,29,India,1086
8153,Customer_8153,user8153@gmail.com,27,UK,1887
8154,Customer_8154,user8154@gmail.com,42,USA,1625
8155,Customer_8155,user8155@gmail.com,69,USA,3477
8156,Customer_8156,user8156@gmail.com,22,UK,235
8157,Customer_8157,user8157@gmail.com,32,India,851
8158,Customer_8158,user8158@gmail.com,42,India,2997
8159,Customer_8159,user8159@gmail.com,28,UK,4004
8160,Customer_8160,user8160@gmail.com,22,India,239
8161,Customer_8161,user8161@gmail.com,51,UK,3806
8162,Customer_8162,user8162@gmail.com,52,UK,778
8163,Customer_8163,user8163@gmail.com,21,UK,849
8164,Customer_8164,user8164@gmail.com,22,UK,4287
8165,Customer_8165,user8165@gmail.com,23,India,4288
8166,Customer_8166,user8166@gmail.com,67,USA,689
8167,Customer_8167,user8167@gmail.com,68,India,1502
8168,Customer_8168,user8168@gmail.com,58,USA,3427
8169,Customer_8169,user8169@gmail.com,24,India,3049
8170,Customer_8170,user8170@gmail.com,42,India,3413
8171,Customer_8171,user8171@gmail.com,37,UK,1240
8172,Customer_8172,user8172@gmail.com,32,USA,2200
8173,Customer_8173,user8173@gmail.com,68,UK,3934
8174,Customer_8174,user8174@gmail.com,28,India,361
8175,Customer_8175,user8175@gmail.com,23,UK,1462
8176,Customer_8176,user8176@gmail.com,61,India,1856
8177,Customer_8177,user8177@gmail.com,27,India,2479
8178,Customer_8178,user8178@gmail.com,22,UK,251
8179,Customer_8179,user8179@gmail.com,35,UK,3538
8180,Customer_8180,user8180@gmail.com,49,India,3197
8181,Customer_8181,user8181@gmail.com,22,UK,2829
8182,Customer_8182,user8182@gmail.com,57,USA,4059
8183,Customer_8183,user8183@gmail.com,55,USA,3766
8184,Customer_8184,user8184@gmail.com,70,USA,3281
8185,Customer_8185,user8185@gmail.com,66,USA,223
8186,Customer_8186,user8186@gmail.com,22,USA,1218
8187,Customer_8187,user8187@gmail.com,23,USA,4514
8188,Customer_8188,user8188@gmail.com,29,UK,2702
8189,Customer_8189,user8189@gmail.com,59,UK,3379
8190,Customer_8190,user8190@gmail.com,23,USA,3583
8191,Customer_8191,user8191@gmail.com,59,USA,864
8192,Customer_8192,user8192@gmail.com,33,India,3721
8193,Customer_8193,user8193@gmail.com,33,India,4590
8194,Customer_8194,user8194@gmail.com,57,India,3198
8195,Customer_8195,user8195@gmail.com,66,UK,4511
8196,Customer_8196,user8196@gmail.com,48,USA,3013
8197,Customer_8197,user8197@gmail.com,26,UK,3066
8198,Customer_8198,user8198@gmail.com,27,USA,4297
8199,Customer_8199,user8199@gmail.com,21,India,3433
8200,Customer_8200,user8200@gmail.com,20,India,1924
8201,Customer_8201,user8201@gmail.com,25,UK,925
8202,Customer_8202,user8202@gmail.com,45,UK,2088
8203,Customer_8203,user8203@gmail.com,46,USA,3842
8204,Customer_8204,user8204@gmail.com,23,UK,3199
8205,Customer_8205,user8205@gmail.com,19,India,467
8206,Customer_8206,user8206@gmail.com,57,India,2030
8207,Customer_8207,user8207@gmail.com,50,USA,3659
8208,Customer_8208,user8208@gmail.com,34,India,733
8209,Customer_8209,user8209@gmail.com,68,India,864
8210,Customer_8210,user8210@gmail.com,39,India,3256
8211,Customer_8211,user8211@gmail.com,40,India,2014
8212,Customer_8212,user8212@gmail.com,31,USA,1894
8213,Customer_8213,user8213@gmail.com,31,India,785
8214,Customer_8214,user8214@gmail.com,70,India,3149
8215,Customer_8215,user8215@gmail.com,26,UK,3947
8216,Customer_8216,user8216@gmail.com,34,India,1133
8217,Customer_8217,user8217@gmail.com,38,UK,2838
8218,Customer_8218,user8218@gmail.com,62,USA,4428
8219,Customer_8219,user8219@gmail.com,51,USA,3349
8220,Customer_8220,user8220@gmail.com,36,UK,2777
8221,Customer_8221,user8221@gmail.com,20,UK,2636
8222,Customer_8222,user8222@gmail.com,54,USA,4988
8223,Customer_8223,user8223@gmail.com,56,UK,4595
8224,Customer_8224,user8224@gmail.com,21,USA,2149
8225,Customer_8225,user8225@gmail.com,53,India,3851
8226,Customer_8226,user8226@gmail.com,40,UK,3996
8227,Customer_8227,user8227@gmail.com,23,UK,324
8228,Customer_8228,user8228@gmail.com,21,UK,201
8229,Customer_8229,user8229@gmail.com,51,USA,4578
8230,Customer_8230,user8230@gmail.com,59,India,3729
8231,Customer_8231,user8231@gmail.com,58,India,3534
8232,Customer_8232,user8232@gmail.com,22,India,1089
8233,Customer_8233,user8233@gmail.com,56,India,182
8234,Customer_8234,user8234@gmail.com,33,USA,1993
8235,Customer_8235,user8235@gmail.com,43,India,2173
8236,Customer_8236,user8236@gmail.com,38,USA,4163
8237,Customer_8237,user8237@gmail.com,19,USA,2665
8238,Customer_8238,user8238@gmail.com,18,India,2763
8239,Customer_8239,user8239@gmail.com,23,UK,3840
8240,Customer_8240,user8240@gmail.com,70,India,3091
8241,Customer_8241,user8241@gmail.com,63,USA,4980
8242,Customer_8242,user8242@gmail.com,45,UK,156
8243,Customer_8243,user8243@gmail.com,53,USA,1634
8244,Customer_8244,user8244@gmail.com,56,UK,539
8245,Customer_8245,user8245@gmail.com,26,USA,1582
8246,Customer_8246,user8246@gmail.com,20,USA,2156
8247,Customer_8247,user8247@gmail.com,19,India,1690
8248,Customer_8248,user8248@gmail.com,28,India,1344
8249,Customer_8249,user8249@gmail.com,35,UK,175
8250,Customer_8250,user8250@gmail.com,36,UK,1269
8251,Customer_8251,user8251@gmail.com,37,USA,882
8252,Customer_8252,user8252@gmail.com,18,UK,4194
8253,Customer_8253,user8253@gmail.com,64,UK,873
8254,Customer_8254,user8254@gmail.com,24,India,298
8255,Customer_8255,user8255@gmail.com,31,India,4329
8256,Customer_8256,user8256@gmail.com,60,UK,4658
8257,Customer_8257,user8257@gmail.com,26,UK,2937
8258,Customer_8258,user8258@gmail.com,34,UK,358
8259,Customer_8259,user8259@gmail.com,35,UK,4881
8260,Customer_8260,user8260@gmail.com,34,India,1873
8261,Customer_8261,user8261@gmail.com,40,India,3541
8262,Customer_8262,user8262@gmail.com,53,UK,1439
8263,Customer_8263,user8263@gmail.com,28,India,3156
8264,Customer_8264,user8264@gmail.com,41,India,2317
8265,Customer_8265,user8265@gmail.com,48,India,443
8266,Customer_8266,user8266@gmail.com,66,India,1819
8267,Customer_8267,user8267@gmail.com,67,UK,1809
8268,Customer_8268,user8268@gmail.com,44,UK,2423
8269,Customer_8269,user8269@gmail.com,60,USA,3431
8270,Customer_8270,user8270@gmail.com,38,USA,983
8271,Customer_8271,user8271@gmail.com,70,India,307
8272,Customer_8272,user8272@gmail.com,56,India,2758
8273,Customer_8273,user8273@gmail.com,56,India,2611
8274,Customer_8274,user8274@gmail.com,44,India,4298
8275,Customer_8275,user8275@gmail.com,20,India,4938
8276,Customer_8276,user8276@gmail.com,29,UK,1500
8277,Customer_8277,user8277@gmail.com,63,India,3040
8278,Customer_8278,user8278@gmail.com,43,USA,1918
8279,Customer_8279,user8279@gmail.com,51,India,1791
8280,Customer_8280,user8280@gmail.com,56,USA,118
8281,Customer_8281,user8281@gmail.com,44,UK,1633
8282,Customer_8282,user8282@gmail.com,54,UK,643
8283,Customer_8283,user8283@gmail.com,64,UK,348
8284,Customer_8284,user8284@gmail.com,70,UK,935
8285,Customer_8285,user8285@gmail.com,67,UK,4219
8286,Customer_8286,user8286@gmail.com,27,USA,2114
8287,Customer_8287,user8287@gmail.com,57,India,1729
8288,Customer_8288,user8288@gmail.com,63,USA,941
8289,Customer_8289,user8289@gmail.com,59,India,3257
8290,Customer_8290,user8290@gmail.com,22,USA,308
8291,Customer_8291,user8291@gmail.com,29,UK,3482
8292,Customer_8292,user8292@gmail.com,58,UK,3457
8293,Customer_8293,user8293@gmail.com,49,USA,4578
8294,Customer_8294,user8294@gmail.com,56,India,2795
8295,Customer_8295,user8295@gmail.com,46,USA,4743
8296,Customer_8296,user8296@gmail.com,20,India,4106
8297,Customer_8297,user8297@gmail.com,36,USA,2938
8298,Customer_8298,user8298@gmail.com,63,UK,492
8299,Customer_8299,user8299@gmail.com,52,USA,1850
8300,Customer_8300,user8300@gmail.com,40,UK,4704
8301,Customer_8301,user8301@gmail.com,41,USA,3402
8302,Customer_8302,user8302@gmail.com,59,UK,1311
8303,Customer_8303,user8303@gmail.com,55,UK,2965
8304,Customer_8304,user8304@gmail.com,67,UK,472
8305,Customer_8305,user8305@gmail.com,61,India,3746
8306,Customer_8306,user8306@gmail.com,53,USA,3454
8307,Customer_8307,user8307@gmail.com,54,UK,1070
8308,Customer_8308,user8308@gmail.com,26,India,2529
8309,Customer_8309,user8309@gmail.com,38,India,1934
8310,Customer_8310,user8310@gmail.com,25,USA,3492
8311,Customer_8311,user8311@gmail.com,52,UK,4064
8312,Customer_8312,user8312@gmail.com,47,UK,3381
8313,Customer_8313,user8313@gmail.com,53,USA,3112
8314,Customer_8314,user8314@gmail.com,19,UK,516
8315,Customer_8315,user8315@gmail.com,65,India,848
8316,Customer_8316,user8316@gmail.com,56,USA,4336
8317,Customer_8317,user8317@gmail.com,26,India,4581
8318,Customer_8318,user8318@gmail.com,58,UK,4374
8319,Customer_8319,user8319@gmail.com,50,UK,1463
8320,Customer_8320,user8320@gmail.com,44,India,178
8321,Customer_8321,user8321@gmail.com,25,USA,1092
8322,Customer_8322,user8322@gmail.com,33,India,133
8323,Customer_8323,user8323@gmail.com,25,India,3820
8324,Customer_8324,user8324@gmail.com,18,USA,2017
8325,Customer_8325,user8325@gmail.com,30,USA,4023
8326,Customer_8326,user8326@gmail.com,39,UK,3052
8327,Customer_8327,user8327@gmail.com,38,India,4401
8328,Customer_8328,user8328@gmail.com,31,India,1390
8329,Customer_8329,user8329@gmail.com,54,UK,4411
8330,Customer_8330,user8330@gmail.com,55,UK,1853
8331,Customer_8331,user8331@gmail.com,29,UK,3934
8332,Customer_8332,user8332@gmail.com,28,UK,4205
8333,Customer_8333,user8333@gmail.com,54,India,834
8334,Customer_8334,user8334@gmail.com,38,USA,3254
8335,Customer_8335,user8335@gmail.com,32,India,2137
8336,Customer_8336,user8336@gmail.com,64,USA,190
8337,Customer_8337,user8337@gmail.com,57,UK,437
8338,Customer_8338,user8338@gmail.com,59,UK,1339
8339,Customer_8339,user8339@gmail.com,30,India,1795
8340,Customer_8340,user8340@gmail.com,60,USA,839
8341,Customer_8341,user8341@gmail.com,65,UK,1877
8342,Customer_8342,user8342@gmail.com,25,India,1605
8343,Customer_8343,user8343@gmail.com,63,UK,3048
8344,Customer_8344,user8344@gmail.com,26,USA,3755
8345,Customer_8345,user8345@gmail.com,65,India,4339
8346,Customer_8346,user8346@gmail.com,18,USA,1005
8347,Customer_8347,user8347@gmail.com,67,USA,4627
8348,Customer_8348,user8348@gmail.com,28,UK,1542
8349,Customer_8349,user8349@gmail.com,54,USA,3889
8350,Customer_8350,user8350@gmail.com,52,UK,402
8351,Customer_8351,user8351@gmail.com,69,India,692
8352,Customer_8352,user8352@gmail.com,25,India,1676
8353,Customer_8353,user8353@gmail.com,55,India,4287
8354,Customer_8354,user8354@gmail.com,25,UK,1669
8355,Customer_8355,user8355@gmail.com,47,UK,1503
8356,Customer_8356,user8356@gmail.com,30,USA,4059
8357,Customer_8357,user8357@gmail.com,35,UK,1948
8358,Customer_8358,user8358@gmail.com,53,India,2649
8359,Customer_8359,user8359@gmail.com,54,UK,4422
8360,Customer_8360,user8360@gmail.com,67,UK,2318
8361,Customer_8361,user8361@gmail.com,38,UK,1699
8362,Customer_8362,user8362@gmail.com,70,UK,3274
8363,Customer_8363,user8363@gmail.com,54,UK,2427
8364,Customer_8364,user8364@gmail.com,46,USA,4998
8365,Customer_8365,user8365@gmail.com,66,India,1119
8366,Customer_8366,user8366@gmail.com,35,USA,364
8367,Customer_8367,user8367@gmail.com,66,UK,2390
8368,Customer_8368,user8368@gmail.com,22,India,1135
8369,Customer_8369,user8369@gmail.com,56,USA,3423
8370,Customer_8370,user8370@gmail.com,47,USA,3362
8371,Customer_8371,user8371@gmail.com,19,USA,4774
8372,Customer_8372,user8372@gmail.com,20,USA,2843
8373,Customer_8373,user8373@gmail.com,24,India,4345
8374,Customer_8374,user8374@gmail.com,41,USA,2145
8375,Customer_8375,user8375@gmail.com,53,India,642
8376,Customer_8376,user8376@gmail.com,36,UK,3912
8377,Customer_8377,user8377@gmail.com,59,UK,725
8378,Customer_8378,user8378@gmail.com,40,India,4569
8379,Customer_8379,user8379@gmail.com,25,USA,4324
8380,Customer_8380,user8380@gmail.com,57,India,4514
8381,Customer_8381,user8381@gmail.com,35,USA,4322
8382,Customer_8382,user8382@gmail.com,69,India,859
8383,Customer_8383,user8383@gmail.com,34,India,3158
8384,Customer_8384,user8384@gmail.com,63,USA,1072
8385,Customer_8385,user8385@gmail.com,19,India,596
8386,Customer_8386,user8386@gmail.com,63,USA,4486
8387,Customer_8387,user8387@gmail.com,44,UK,3855
8388,Customer_8388,user8388@gmail.com,42,India,4298
8389,Customer_8389,user8389@gmail.com,67,USA,1585
8390,Customer_8390,user8390@gmail.com,35,India,1989
8391,Customer_8391,user8391@gmail.com,56,India,265
8392,Customer_8392,user8392@gmail.com,58,USA,790
8393,Customer_8393,user8393@gmail.com,24,India,2026
8394,Customer_8394,user8394@gmail.com,25,UK,589
8395,Customer_8395,user8395@gmail.com,68,UK,4039
8396,Customer_8396,user8396@gmail.com,66,USA,2838
8397,Customer_8397,user8397@gmail.com,32,UK,2866
8398,Customer_8398,user8398@gmail.com,45,UK,146
8399,Customer_8399,user8399@gmail.com,64,UK,914
8400,Customer_8400,user8400@gmail.com,46,USA,2374
8401,Customer_8401,user8401@gmail.com,68,USA,1503
8402,Customer_8402,user8402@gmail.com,18,India,2571
8403,Customer_8403,user8403@gmail.com,18,UK,3693
8404,Customer_8404,user8404@gmail.com,55,UK,2581
8405,Customer_8405,user8405@gmail.com,27,UK,1948
8406,Customer_8406,user8406@gmail.com,38,USA,4657
8407,Customer_8407,user8407@gmail.com,41,India,3500
8408,Customer_8408,user8408@gmail.com,35,UK,1803
8409,Customer_8409,user8409@gmail.com,52,USA,1979
8410,Customer_8410,user8410@gmail.com,62,India,4582
8411,Customer_8411,user8411@gmail.com,54,UK,2793
8412,Customer_8412,user8412@gmail.com,28,USA,4978
8413,Customer_8413,user8413@gmail.com,26,India,637
8414,Customer_8414,user8414@gmail.com,66,UK,1364
8415,Customer_8415,user8415@gmail.com,68,USA,1180
8416,Customer_8416,user8416@gmail.com,45,USA,1637
8417,Customer_8417,user8417@gmail.com,62,USA,4281
8418,Customer_8418,user8418@gmail.com,28,UK,3067
8419,Customer_8419,user8419@gmail.com,31,UK,3272
8420,Customer_8420,user8420@gmail.com,21,India,3812
8421,Customer_8421,user8421@gmail.com,29,USA,4717
8422,Customer_8422,user8422@gmail.com,18,UK,1019
8423,Customer_8423,user8423@gmail.com,52,USA,843
8424,Customer_8424,user8424@gmail.com,32,USA,274
8425,Customer_8425,user8425@gmail.com,47,USA,4513
8426,Customer_8426,user8426@gmail.com,61,USA,384
8427,Customer_8427,user8427@gmail.com,39,UK,3457
8428,Customer_8428,user8428@gmail.com,69,India,3053
8429,Customer_8429,user8429@gmail.com,19,India,244
8430,Customer_8430,user8430@gmail.com,27,UK,2457
8431,Customer_8431,user8431@gmail.com,25,UK,1342
8432,Customer_8432,user8432@gmail.com,46,UK,1149
8433,Customer_8433,user8433@gmail.com,51,USA,3879
8434,Customer_8434,user8434@gmail.com,68,India,2214
8435,Customer_8435,user8435@gmail.com,68,UK,1485
8436,Customer_8436,user8436@gmail.com,64,UK,2770
8437,Customer_8437,user8437@gmail.com,47,India,4647
8438,Customer_8438,user8438@gmail.com,20,India,1789
8439,Customer_8439,user8439@gmail.com,22,USA,2234
8440,Customer_8440,user8440@gmail.com,65,India,1373
8441,Customer_8441,user8441@gmail.com,26,India,826
8442,Customer_8442,user8442@gmail.com,45,India,4692
8443,Customer_8443,user8443@gmail.com,48,India,1763
8444,Customer_8444,user8444@gmail.com,69,UK,997
8445,Customer_8445,user8445@gmail.com,43,UK,2457
8446,Customer_8446,user8446@gmail.com,19,UK,3426
8447,Customer_8447,user8447@gmail.com,36,USA,3299
8448,Customer_8448,user8448@gmail.com,50,India,4813
8449,Customer_8449,user8449@gmail.com,56,India,1400
8450,Customer_8450,user8450@gmail.com,60,UK,4921
8451,Customer_8451,user8451@gmail.com,35,India,361
8452,Customer_8452,user8452@gmail.com,21,UK,856
8453,Customer_8453,user8453@gmail.com,63,USA,2182
8454,Customer_8454,user8454@gmail.com,66,UK,1016
8455,Customer_8455,user8455@gmail.com,62,USA,193
8456,Customer_8456,user8456@gmail.com,64,India,4828
8457,Customer_8457,user8457@gmail.com,35,UK,4187
8458,Customer_8458,user8458@gmail.com,49,India,3288
8459,Customer_8459,user8459@gmail.com,19,USA,4675
8460,Customer_8460,user8460@gmail.com,51,UK,4608
8461,Customer_8461,user8461@gmail.com,31,India,3826
8462,Customer_8462,user8462@gmail.com,30,UK,2016
8463,Customer_8463,user8463@gmail.com,58,UK,1927
8464,Customer_8464,user8464@gmail.com,32,UK,4759
8465,Customer_8465,user8465@gmail.com,20,India,312
8466,Customer_8466,user8466@gmail.com,56,India,247
8467,Customer_8467,user8467@gmail.com,23,India,885
8468,Customer_8468,user8468@gmail.com,21,USA,689
8469,Customer_8469,user8469@gmail.com,29,USA,1461
8470,Customer_8470,user8470@gmail.com,26,UK,1970
8471,Customer_8471,user8471@gmail.com,47,India,2121
8472,Customer_8472,user8472@gmail.com,37,UK,2049
8473,Customer_8473,user8473@gmail.com,62,India,3173
8474,Customer_8474,user8474@gmail.com,68,UK,4689
8475,Customer_8475,user8475@gmail.com,64,India,1239
8476,Customer_8476,user8476@gmail.com,63,UK,3455
8477,Customer_8477,user8477@gmail.com,46,UK,1947
8478,Customer_8478,user8478@gmail.com,38,India,2618
8479,Customer_8479,user8479@gmail.com,65,India,4771
8480,Customer_8480,user8480@gmail.com,36,India,1728
8481,Customer_8481,user8481@gmail.com,48,UK,4639
8482,Customer_8482,user8482@gmail.com,35,India,935
8483,Customer_8483,user8483@gmail.com,43,USA,3878
8484,Customer_8484,user8484@gmail.com,41,India,2686
8485,Customer_8485,user8485@gmail.com,60,USA,1883
8486,Customer_8486,user8486@gmail.com,39,UK,4217
8487,Customer_8487,user8487@gmail.com,21,UK,1285
8488,Customer_8488,user8488@gmail.com,30,UK,891
8489,Customer_8489,user8489@gmail.com,70,India,3090
8490,Customer_8490,user8490@gmail.com,54,UK,3006
8491,Customer_8491,user8491@gmail.com,62,UK,4753
8492,Customer_8492,user8492@gmail.com,37,India,109
8493,Customer_8493,user8493@gmail.com,66,USA,3099
8494,Customer_8494,user8494@gmail.com,37,India,4464
8495,Customer_8495,user8495@gmail.com,23,India,2204
8496,Customer_8496,user8496@gmail.com,32,India,3364
8497,Customer_8497,user8497@gmail.com,42,India,575
8498,Customer_8498,user8498@gmail.com,42,UK,4498
8499,Customer_8499,user8499@gmail.com,35,UK,699
8500,Customer_8500,user8500@gmail.com,33,India,4325
8501,Customer_8501,user8501@gmail.com,68,USA,4264
8502,Customer_8502,user8502@gmail.com,50,India,402
8503,Customer_8503,user8503@gmail.com,20,UK,1175
8504,Customer_8504,user8504@gmail.com,38,USA,4361
8505,Customer_8505,user8505@gmail.com,70,UK,1951
8506,Customer_8506,user8506@gmail.com,57,USA,4369
8507,Customer_8507,user8507@gmail.com,35,USA,2848
8508,Customer_8508,user8508@gmail.com,41,USA,2943
8509,Customer_8509,user8509@gmail.com,57,UK,960
8510,Customer_8510,user8510@gmail.com,46,UK,1796
8511,Customer_8511,user8511@gmail.com,51,UK,2971
8512,Customer_8512,user8512@gmail.com,62,USA,3554
8513,Customer_8513,user8513@gmail.com,32,India,3348
8514,Customer_8514,user8514@gmail.com,55,India,471
8515,Customer_8515,user8515@gmail.com,23,UK,3140
8516,Customer_8516,user8516@gmail.com,67,India,2744
8517,Customer_8517,user8517@gmail.com,47,India,3396
8518,Customer_8518,user8518@gmail.com,66,UK,699
8519,Customer_8519,user8519@gmail.com,31,USA,1676
8520,Customer_8520,user8520@gmail.com,49,India,1066
8521,Customer_8521,user8521@gmail.com,36,USA,289
8522,Customer_8522,user8522@gmail.com,20,USA,249
8523,Customer_8523,user8523@gmail.com,58,USA,3920
8524,Customer_8524,user8524@gmail.com,21,UK,715
8525,Customer_8525,user8525@gmail.com,50,India,2748
8526,Customer_8526,user8526@gmail.com,39,India,850
8527,Customer_8527,user8527@gmail.com,25,India,1417
8528,Customer_8528,user8528@gmail.com,41,India,1049
8529,Customer_8529,user8529@gmail.com,46,India,4334
8530,Customer_8530,user8530@gmail.com,35,India,3914
8531,Customer_8531,user8531@gmail.com,61,USA,3498
8532,Customer_8532,user8532@gmail.com,30,USA,2074
8533,Customer_8533,user8533@gmail.com,61,India,2046
8534,Customer_8534,user8534@gmail.com,49,India,3427
8535,Customer_8535,user8535@gmail.com,69,UK,1298
8536,Customer_8536,user8536@gmail.com,30,India,3763
8537,Customer_8537,user8537@gmail.com,44,India,2072
8538,Customer_8538,user8538@gmail.com,66,USA,238
8539,Customer_8539,user8539@gmail.com,36,USA,1614
8540,Customer_8540,user8540@gmail.com,42,UK,1475
8541,Customer_8541,user8541@gmail.com,69,USA,4897
8542,Customer_8542,user8542@gmail.com,64,UK,2471
8543,Customer_8543,user8543@gmail.com,67,USA,2658
8544,Customer_8544,user8544@gmail.com,66,UK,4797
8545,Customer_8545,user8545@gmail.com,46,India,1887
8546,Customer_8546,user8546@gmail.com,45,India,2905
8547,Customer_8547,user8547@gmail.com,52,UK,1902
8548,Customer_8548,user8548@gmail.com,50,UK,4390
8549,Customer_8549,user8549@gmail.com,68,India,945
8550,Customer_8550,user8550@gmail.com,24,India,2622
8551,Customer_8551,user8551@gmail.com,32,USA,1893
8552,Customer_8552,user8552@gmail.com,59,India,1413
8553,Customer_8553,user8553@gmail.com,52,USA,127
8554,Customer_8554,user8554@gmail.com,49,UK,2132
8555,Customer_8555,user8555@gmail.com,60,India,468
8556,Customer_8556,user8556@gmail.com,47,UK,1974
8557,Customer_8557,user8557@gmail.com,49,India,2450
8558,Customer_8558,user8558@gmail.com,40,UK,3244
8559,Customer_8559,user8559@gmail.com,39,USA,4257
8560,Customer_8560,user8560@gmail.com,28,USA,2534
8561,Customer_8561,user8561@gmail.com,27,UK,975
8562,Customer_8562,user8562@gmail.com,19,India,3343
8563,Customer_8563,user8563@gmail.com,40,India,4363
8564,Customer_8564,user8564@gmail.com,31,USA,2734
8565,Customer_8565,user8565@gmail.com,50,UK,2373
8566,Customer_8566,user8566@gmail.com,58,UK,4135
8567,Customer_8567,user8567@gmail.com,66,USA,3569
8568,Customer_8568,user8568@gmail.com,47,India,1656
8569,Customer_8569,user8569@gmail.com,37,UK,2176
8570,Customer_8570,user8570@gmail.com,53,USA,3661
8571,Customer_8571,user8571@gmail.com,67,USA,4365
8572,Customer_8572,user8572@gmail.com,33,India,916
8573,Customer_8573,user8573@gmail.com,48,USA,1275
8574,Customer_8574,user8574@gmail.com,32,USA,1747
8575,Customer_8575,user8575@gmail.com,64,USA,2765
8576,Customer_8576,user8576@gmail.com,26,India,1181
8577,Customer_8577,user8577@gmail.com,42,India,1812
8578,Customer_8578,user8578@gmail.com,70,USA,4690
8579,Customer_8579,user8579@gmail.com,57,UK,3445
8580,Customer_8580,user8580@gmail.com,60,UK,1893
8581,Customer_8581,user8581@gmail.com,48,India,3128
8582,Customer_8582,user8582@gmail.com,18,USA,1359
8583,Customer_8583,user8583@gmail.com,40,UK,793
8584,Customer_8584,user8584@gmail.com,66,India,1195
8585,Customer_8585,user8585@gmail.com,22,USA,4308
8586,Customer_8586,user8586@gmail.com,42,India,3360
8587,Customer_8587,user8587@gmail.com,22,India,257
8588,Customer_8588,user8588@gmail.com,70,UK,3965
8589,Customer_8589,user8589@gmail.com,62,UK,1970
8590,Customer_8590,user8590@gmail.com,68,UK,1421
8591,Customer_8591,user8591@gmail.com,55,UK,3873
8592,Customer_8592,user8592@gmail.com,19,UK,1129
8593,Customer_8593,user8593@gmail.com,38,UK,1828
8594,Customer_8594,user8594@gmail.com,47,India,2609
8595,Customer_8595,user8595@gmail.com,62,UK,4999
8596,Customer_8596,user8596@gmail.com,55,UK,3290
8597,Customer_8597,user8597@gmail.com,43,India,920
8598,Customer_8598,user8598@gmail.com,60,India,644
8599,Customer_8599,user8599@gmail.com,20,India,1818
8600,Customer_8600,user8600@gmail.com,34,USA,1219
8601,Customer_8601,user8601@gmail.com,47,UK,3516
8602,Customer_8602,user8602@gmail.com,30,USA,4611
8603,Customer_8603,user8603@gmail.com,23,UK,3220
8604,Customer_8604,user8604@gmail.com,55,UK,2954
8605,Customer_8605,user8605@gmail.com,69,India,4096
8606,Customer_8606,user8606@gmail.com,66,UK,3563
8607,Customer_8607,user8607@gmail.com,57,India,4260
8608,Customer_8608,user8608@gmail.com,70,India,930
8609,Customer_8609,user8609@gmail.com,24,UK,4478
8610,Customer_8610,user8610@gmail.com,40,India,2732
8611,Customer_8611,user8611@gmail.com,27,USA,2119
8612,Customer_8612,user8612@gmail.com,63,India,4055
8613,Customer_8613,user8613@gmail.com,21,UK,3465
8614,Customer_8614,user8614@gmail.com,54,UK,1771
8615,Customer_8615,user8615@gmail.com,24,UK,4269
8616,Customer_8616,user8616@gmail.com,53,USA,813
8617,Customer_8617,user8617@gmail.com,32,India,1144
8618,Customer_8618,user8618@gmail.com,32,USA,1667
8619,Customer_8619,user8619@gmail.com,57,UK,4317
8620,Customer_8620,user8620@gmail.com,68,USA,700
8621,Customer_8621,user8621@gmail.com,26,UK,2910
8622,Customer_8622,user8622@gmail.com,30,UK,1416
8623,Customer_8623,user8623@gmail.com,66,USA,2883
8624,Customer_8624,user8624@gmail.com,64,UK,2889
8625,Customer_8625,user8625@gmail.com,47,UK,320
8626,Customer_8626,user8626@gmail.com,66,USA,4062
8627,Customer_8627,user8627@gmail.com,62,India,480
8628,Customer_8628,user8628@gmail.com,57,USA,4415
8629,Customer_8629,user8629@gmail.com,30,UK,2289
8630,Customer_8630,user8630@gmail.com,63,India,4476
8631,Customer_8631,user8631@gmail.com,69,USA,4683
8632,Customer_8632,user8632@gmail.com,43,UK,3667
8633,Customer_8633,user8633@gmail.com,22,UK,665
8634,Customer_8634,user8634@gmail.com,29,USA,631
8635,Customer_8635,user8635@gmail.com,62,UK,369
8636,Customer_8636,user8636@gmail.com,27,USA,110
8637,Customer_8637,user8637@gmail.com,30,India,2311
8638,Customer_8638,user8638@gmail.com,35,UK,2602
8639,Customer_8639,user8639@gmail.com,27,USA,896
8640,Customer_8640,user8640@gmail.com,69,India,2837
8641,Customer_8641,user8641@gmail.com,65,India,3113
8642,Customer_8642,user8642@gmail.com,30,USA,2562
8643,Customer_8643,user8643@gmail.com,23,UK,2948
8644,Customer_8644,user8644@gmail.com,52,USA,1146
8645,Customer_8645,user8645@gmail.com,62,USA,2593
8646,Customer_8646,user8646@gmail.com,47,India,1202
8647,Customer_8647,user8647@gmail.com,46,UK,3152
8648,Customer_8648,user8648@gmail.com,34,UK,2884
8649,Customer_8649,user8649@gmail.com,64,USA,2232
8650,Customer_8650,user8650@gmail.com,57,India,3731
8651,Customer_8651,user8651@gmail.com,24,UK,2799
8652,Customer_8652,user8652@gmail.com,67,USA,2181
8653,Customer_8653,user8653@gmail.com,55,India,1711
8654,Customer_8654,user8654@gmail.com,42,UK,2404
8655,Customer_8655,user8655@gmail.com,22,USA,3512
8656,Customer_8656,user8656@gmail.com,52,USA,854
8657,Customer_8657,user8657@gmail.com,49,UK,350
8658,Customer_8658,user8658@gmail.com,22,USA,3393
8659,Customer_8659,user8659@gmail.com,34,India,4147
8660,Customer_8660,user8660@gmail.com,70,UK,1108
8661,Customer_8661,user8661@gmail.com,69,USA,1859
8662,Customer_8662,user8662@gmail.com,44,USA,4275
8663,Customer_8663,user8663@gmail.com,56,UK,1409
8664,Customer_8664,user8664@gmail.com,32,UK,4576
8665,Customer_8665,user8665@gmail.com,63,India,1883
8666,Customer_8666,user8666@gmail.com,22,India,3036
8667,Customer_8667,user8667@gmail.com,64,UK,4351
8668,Customer_8668,user8668@gmail.com,65,USA,4992
8669,Customer_8669,user8669@gmail.com,42,USA,4510
8670,Customer_8670,user8670@gmail.com,19,USA,4198
8671,Customer_8671,user8671@gmail.com,42,USA,2967
8672,Customer_8672,user8672@gmail.com,59,India,827
8673,Customer_8673,user8673@gmail.com,51,USA,1303
8674,Customer_8674,user8674@gmail.com,64,UK,1714
8675,Customer_8675,user8675@gmail.com,32,USA,248
8676,Customer_8676,user8676@gmail.com,48,UK,2504
8677,Customer_8677,user8677@gmail.com,58,USA,2308
8678,Customer_8678,user8678@gmail.com,19,UK,3329
8679,Customer_8679,user8679@gmail.com,54,UK,3714
8680,Customer_8680,user8680@gmail.com,28,USA,4129
8681,Customer_8681,user8681@gmail.com,44,USA,4573
8682,Customer_8682,user8682@gmail.com,44,UK,2309
8683,Customer_8683,user8683@gmail.com,59,USA,1640
8684,Customer_8684,user8684@gmail.com,18,USA,2639
8685,Customer_8685,user8685@gmail.com,29,India,212
8686,Customer_8686,user8686@gmail.com,26,India,3533
8687,Customer_8687,user8687@gmail.com,19,USA,1595
8688,Customer_8688,user8688@gmail.com,23,India,3337
8689,Customer_8689,user8689@gmail.com,58,UK,4666
8690,Customer_8690,user8690@gmail.com,21,UK,3508
8691,Customer_8691,user8691@gmail.com,54,UK,4837
8692,Customer_8692,user8692@gmail.com,52,UK,4142
8693,Customer_8693,user8693@gmail.com,47,UK,102
8694,Customer_8694,user8694@gmail.com,20,UK,4228
8695,Customer_8695,user8695@gmail.com,68,USA,3270
8696,Customer_8696,user8696@gmail.com,27,USA,1442
8697,Customer_8697,user8697@gmail.com,56,India,1184
8698,Customer_8698,user8698@gmail.com,46,USA,3307
8699,Customer_8699,user8699@gmail.com,50,USA,2176
8700,Customer_8700,user8700@gmail.com,70,UK,1330
8701,Customer_8701,user8701@gmail.com,18,India,2839
8702,Customer_8702,user8702@gmail.com,58,India,4194
8703,Customer_8703,user8703@gmail.com,44,India,830
8704,Customer_8704,user8704@gmail.com,52,USA,3962
8705,Customer_8705,user8705@gmail.com,39,India,2010
8706,Customer_8706,user8706@gmail.com,43,UK,150
8707,Customer_8707,user8707@gmail.com,58,UK,2918
8708,Customer_8708,user8708@gmail.com,25,UK,4271
8709,Customer_8709,user8709@gmail.com,42,India,1465
8710,Customer_8710,user8710@gmail.com,60,USA,4368
8711,Customer_8711,user8711@gmail.com,39,India,2485
8712,Customer_8712,user8712@gmail.com,35,USA,3472
8713,Customer_8713,user8713@gmail.com,25,UK,782
8714,Customer_8714,user8714@gmail.com,63,USA,3507
8715,Customer_8715,user8715@gmail.com,37,USA,3573
8716,Customer_8716,user8716@gmail.com,63,UK,1040
8717,Customer_8717,user8717@gmail.com,55,UK,2099
8718,Customer_8718,user8718@gmail.com,31,India,3622
8719,Customer_8719,user8719@gmail.com,59,India,3626
8720,Customer_8720,user8720@gmail.com,28,USA,956
8721,Customer_8721,user8721@gmail.com,39,India,4111
8722,Customer_8722,user8722@gmail.com,55,USA,3197
8723,Customer_8723,user8723@gmail.com,38,India,2764
8724,Customer_8724,user8724@gmail.com,42,India,1531
8725,Customer_8725,user8725@gmail.com,46,India,523
8726,Customer_8726,user8726@gmail.com,53,UK,537
8727,Customer_8727,user8727@gmail.com,47,UK,3466
8728,Customer_8728,user8728@gmail.com,58,India,4450
8729,Customer_8729,user8729@gmail.com,40,UK,1019
8730,Customer_8730,user8730@gmail.com,20,UK,1750
8731,Customer_8731,user8731@gmail.com,38,India,3008
8732,Customer_8732,user8732@gmail.com,69,USA,2941
8733,Customer_8733,user8733@gmail.com,38,USA,3970
8734,Customer_8734,user8734@gmail.com,43,USA,647
8735,Customer_8735,user8735@gmail.com,56,UK,4825
8736,Customer_8736,user8736@gmail.com,49,UK,531
8737,Customer_8737,user8737@gmail.com,64,India,1249
8738,Customer_8738,user8738@gmail.com,37,USA,225
8739,Customer_8739,user8739@gmail.com,67,USA,1478
8740,Customer_8740,user8740@gmail.com,22,USA,1291
8741,Customer_8741,user8741@gmail.com,33,India,3410
8742,Customer_8742,user8742@gmail.com,54,USA,3544
8743,Customer_8743,user8743@gmail.com,30,India,2318
8744,Customer_8744,user8744@gmail.com,70,India,1949
8745,Customer_8745,user8745@gmail.com,49,USA,2607
8746,Customer_8746,user8746@gmail.com,70,USA,325
8747,Customer_8747,user8747@gmail.com,19,UK,3103
8748,Customer_8748,user8748@gmail.com,19,India,832
8749,Customer_8749,user8749@gmail.com,43,USA,2737
8750,Customer_8750,user8750@gmail.com,27,USA,2635
8751,Customer_8751,user8751@gmail.com,67,India,4102
8752,Customer_8752,user8752@gmail.com,54,UK,3640
8753,Customer_8753,user8753@gmail.com,22,USA,1991
8754,Customer_8754,user8754@gmail.com,68,USA,2141
8755,Customer_8755,user8755@gmail.com,35,India,459
8756,Customer_8756,user8756@gmail.com,55,USA,3139
8757,Customer_8757,user8757@gmail.com,60,USA,2282
8758,Customer_8758,user8758@gmail.com,54,UK,3494
8759,Customer_8759,user8759@gmail.com,49,UK,1088
8760,Customer_8760,user8760@gmail.com,64,USA,3972
8761,Customer_8761,user8761@gmail.com,31,USA,489
8762,Customer_8762,user8762@gmail.com,34,India,1903
8763,Customer_8763,user8763@gmail.com,41,USA,4228
8764,Customer_8764,user8764@gmail.com,33,UK,3581
8765,Customer_8765,user8765@gmail.com,53,USA,1884
8766,Customer_8766,user8766@gmail.com,70,India,2428
8767,Customer_8767,user8767@gmail.com,67,USA,4218
8768,Customer_8768,user8768@gmail.com,34,India,2433
8769,Customer_8769,user8769@gmail.com,29,USA,3352
8770,Customer_8770,user8770@gmail.com,48,USA,942
8771,Customer_8771,user8771@gmail.com,18,India,4496
8772,Customer_8772,user8772@gmail.com,45,India,1354
8773,Customer_8773,user8773@gmail.com,38,USA,3157
8774,Customer_8774,user8774@gmail.com,57,UK,1689
8775,Customer_8775,user8775@gmail.com,44,UK,984
8776,Customer_8776,user8776@gmail.com,38,USA,3718
8777,Customer_8777,user8777@gmail.com,57,USA,3589
8778,Customer_8778,user8778@gmail.com,25,USA,3514
8779,Customer_8779,user8779@gmail.com,21,USA,3275
8780,Customer_8780,user8780@gmail.com,32,UK,2782
8781,Customer_8781,user8781@gmail.com,37,USA,3571
8782,Customer_8782,user8782@gmail.com,37,UK,1137
8783,Customer_8783,user8783@gmail.com,35,UK,514
8784,Customer_8784,user8784@gmail.com,34,UK,4288
8785,Customer_8785,user8785@gmail.com,60,India,1049
8786,Customer_8786,user8786@gmail.com,60,USA,855
8787,Customer_8787,user8787@gmail.com,36,USA,3107
8788,Customer_8788,user8788@gmail.com,61,USA,4443
8789,Customer_8789,user8789@gmail.com,29,India,2249
8790,Customer_8790,user8790@gmail.com,22,USA,1190
8791,Customer_8791,user8791@gmail.com,52,UK,2408
8792,Customer_8792,user8792@gmail.com,29,India,164
8793,Customer_8793,user8793@gmail.com,28,USA,1481
8794,Customer_8794,user8794@gmail.com,42,India,1852
8795,Customer_8795,user8795@gmail.com,40,UK,1436
8796,Customer_8796,user8796@gmail.com,36,USA,2323
8797,Customer_8797,user8797@gmail.com,43,India,2790
8798,Customer_8798,user8798@gmail.com,56,India,1385
8799,Customer_8799,user8799@gmail.com,22,India,3489
8800,Customer_8800,user8800@gmail.com,30,UK,3828
8801,Customer_8801,user8801@gmail.com,28,UK,1329
8802,Customer_8802,user8802@gmail.com,48,UK,3528
8803,Customer_8803,user8803@gmail.com,46,USA,1106
8804,Customer_8804,user8804@gmail.com,38,UK,163
8805,Customer_8805,user8805@gmail.com,26,India,4781
8806,Customer_8806,user8806@gmail.com,26,USA,1352
8807,Customer_8807,user8807@gmail.com,43,India,3993
8808,Customer_8808,user8808@gmail.com,31,USA,3434
8809,Customer_8809,user8809@gmail.com,37,India,3571
8810,Customer_8810,user8810@gmail.com,69,UK,3304
8811,Customer_8811,user8811@gmail.com,21,India,1395
8812,Customer_8812,user8812@gmail.com,41,India,1300
8813,Customer_8813,user8813@gmail.com,50,USA,160
8814,Customer_8814,user8814@gmail.com,44,USA,2459
8815,Customer_8815,user8815@gmail.com,38,India,2654
8816,Customer_8816,user8816@gmail.com,34,UK,1024
8817,Customer_8817,user8817@gmail.com,62,India,1186
8818,Customer_8818,user8818@gmail.com,49,India,1076
8819,Customer_8819,user8819@gmail.com,27,India,2586
8820,Customer_8820,user8820@gmail.com,29,USA,3214
8821,Customer_8821,user8821@gmail.com,27,USA,2044
8822,Customer_8822,user8822@gmail.com,30,UK,2826
8823,Customer_8823,user8823@gmail.com,34,UK,3889
8824,Customer_8824,user8824@gmail.com,53,USA,2789
8825,Customer_8825,user8825@gmail.com,62,UK,1739
8826,Customer_8826,user8826@gmail.com,43,UK,4386
8827,Customer_8827,user8827@gmail.com,44,India,4442
8828,Customer_8828,user8828@gmail.com,35,India,415
8829,Customer_8829,user8829@gmail.com,42,UK,2446
8830,Customer_8830,user8830@gmail.com,68,USA,1089
8831,Customer_8831,user8831@gmail.com,64,UK,2878
8832,Customer_8832,user8832@gmail.com,25,USA,4916
8833,Customer_8833,user8833@gmail.com,60,UK,2425
8834,Customer_8834,user8834@gmail.com,43,USA,340
8835,Customer_8835,user8835@gmail.com,19,USA,569
8836,Customer_8836,user8836@gmail.com,41,UK,4222
8837,Customer_8837,user8837@gmail.com,61,India,2517
8838,Customer_8838,user8838@gmail.com,21,UK,2593
8839,Customer_8839,user8839@gmail.com,52,India,4650
8840,Customer_8840,user8840@gmail.com,35,India,2096
8841,Customer_8841,user8841@gmail.com,70,UK,838
8842,Customer_8842,user8842@gmail.com,68,India,2042
8843,Customer_8843,user8843@gmail.com,40,UK,4146
8844,Customer_8844,user8844@gmail.com,68,USA,764
8845,Customer_8845,user8845@gmail.com,61,India,3206
8846,Customer_8846,user8846@gmail.com,20,USA,1098
8847,Customer_8847,user8847@gmail.com,55,UK,898
8848,Customer_8848,user8848@gmail.com,48,UK,2568
8849,Customer_8849,user8849@gmail.com,21,UK,1024
8850,Customer_8850,user8850@gmail.com,33,India,4773
8851,Customer_8851,user8851@gmail.com,54,USA,3001
8852,Customer_8852,user8852@gmail.com,34,USA,3463
8853,Customer_8853,user8853@gmail.com,22,USA,823
8854,Customer_8854,user8854@gmail.com,31,USA,2357
8855,Customer_8855,user8855@gmail.com,43,USA,331
8856,Customer_8856,user8856@gmail.com,18,UK,1614
8857,Customer_8857,user8857@gmail.com,27,USA,265
8858,Customer_8858,user8858@gmail.com,59,UK,613
8859,Customer_8859,user8859@gmail.com,56,UK,589
8860,Customer_8860,user8860@gmail.com,33,UK,512
8861,Customer_8861,user8861@gmail.com,30,India,915
8862,Customer_8862,user8862@gmail.com,49,India,2567
8863,Customer_8863,user8863@gmail.com,51,UK,902
8864,Customer_8864,user8864@gmail.com,45,USA,3926
8865,Customer_8865,user8865@gmail.com,45,UK,144
8866,Customer_8866,user8866@gmail.com,59,India,1082
8867,Customer_8867,user8867@gmail.com,31,USA,4157
8868,Customer_8868,user8868@gmail.com,32,USA,4452
8869,Customer_8869,user8869@gmail.com,67,India,2605
8870,Customer_8870,user8870@gmail.com,26,USA,1362
8871,Customer_8871,user8871@gmail.com,36,UK,2596
8872,Customer_8872,user8872@gmail.com,68,India,4386
8873,Customer_8873,user8873@gmail.com,65,USA,4972
8874,Customer_8874,user8874@gmail.com,63,USA,2122
8875,Customer_8875,user8875@gmail.com,26,India,1233
8876,Customer_8876,user8876@gmail.com,70,India,4348
8877,Customer_8877,user8877@gmail.com,18,UK,434
8878,Customer_8878,user8878@gmail.com,26,India,239
8879,Customer_8879,user8879@gmail.com,23,India,2109
8880,Customer_8880,user8880@gmail.com,41,India,1303
8881,Customer_8881,user8881@gmail.com,35,India,3878
8882,Customer_8882,user8882@gmail.com,20,UK,1578
8883,Customer_8883,user8883@gmail.com,56,USA,4100
8884,Customer_8884,user8884@gmail.com,28,UK,4510
8885,Customer_8885,user8885@gmail.com,29,UK,3856
8886,Customer_8886,user8886@gmail.com,24,India,4378
8887,Customer_8887,user8887@gmail.com,45,UK,3643
8888,Customer_8888,user8888@gmail.com,65,USA,3321
8889,Customer_8889,user8889@gmail.com,32,India,1177
8890,Customer_8890,user8890@gmail.com,46,UK,2582
8891,Customer_8891,user8891@gmail.com,43,UK,1794
8892,Customer_8892,user8892@gmail.com,65,UK,3612
8893,Customer_8893,user8893@gmail.com,60,USA,3525
8894,Customer_8894,user8894@gmail.com,70,UK,3650
8895,Customer_8895,user8895@gmail.com,19,USA,4354
8896,Customer_8896,user8896@gmail.com,44,UK,4116
8897,Customer_8897,user8897@gmail.com,56,India,4757
8898,Customer_8898,user8898@gmail.com,19,USA,3280
8899,Customer_8899,user8899@gmail.com,47,India,2936
8900,Customer_8900,user8900@gmail.com,51,India,2282
8901,Customer_8901,user8901@gmail.com,25,India,4248
8902,Customer_8902,user8902@gmail.com,70,UK,3104
8903,Customer_8903,user8903@gmail.com,63,USA,448
8904,Customer_8904,user8904@gmail.com,31,USA,2407
8905,Customer_8905,user8905@gmail.com,58,UK,493
8906,Customer_8906,user8906@gmail.com,50,UK,319
8907,Customer_8907,user8907@gmail.com,23,UK,3370
8908,Customer_8908,user8908@gmail.com,49,UK,1334
8909,Customer_8909,user8909@gmail.com,51,India,1193
8910,Customer_8910,user8910@gmail.com,63,USA,440
8911,Customer_8911,user8911@gmail.com,24,India,4376
8912,Customer_8912,user8912@gmail.com,27,USA,2870
8913,Customer_8913,user8913@gmail.com,53,India,4395
8914,Customer_8914,user8914@gmail.com,36,India,3304
8915,Customer_8915,user8915@gmail.com,69,USA,3911
8916,Customer_8916,user8916@gmail.com,49,USA,848
8917,Customer_8917,user8917@gmail.com,64,USA,100
8918,Customer_8918,user8918@gmail.com,69,USA,1970
8919,Customer_8919,user8919@gmail.com,39,India,2299
8920,Customer_8920,user8920@gmail.com,26,India,2055
8921,Customer_8921,user8921@gmail.com,64,USA,3396
8922,Customer_8922,user8922@gmail.com,37,India,3407
8923,Customer_8923,user8923@gmail.com,30,India,3132
8924,Customer_8924,user8924@gmail.com,19,India,3600
8925,Customer_8925,user8925@gmail.com,64,India,3368
8926,Customer_8926,user8926@gmail.com,57,India,1262
8927,Customer_8927,user8927@gmail.com,55,UK,2038
8928,Customer_8928,user8928@gmail.com,19,UK,3948
8929,Customer_8929,user8929@gmail.com,56,India,3773
8930,Customer_8930,user8930@gmail.com,23,USA,2406
8931,Customer_8931,user8931@gmail.com,48,UK,1908
8932,Customer_8932,user8932@gmail.com,56,UK,2460
8933,Customer_8933,user8933@gmail.com,18,UK,2137
8934,Customer_8934,user8934@gmail.com,46,UK,857
8935,Customer_8935,user8935@gmail.com,48,UK,344
8936,Customer_8936,user8936@gmail.com,43,India,3857
8937,Customer_8937,user8937@gmail.com,62,UK,1939
8938,Customer_8938,user8938@gmail.com,46,USA,4820
8939,Customer_8939,user8939@gmail.com,67,India,4420
8940,Customer_8940,user8940@gmail.com,58,India,593
8941,Customer_8941,user8941@gmail.com,45,India,943
8942,Customer_8942,user8942@gmail.com,49,UK,4261
8943,Customer_8943,user8943@gmail.com,26,India,232
8944,Customer_8944,user8944@gmail.com,37,USA,3239
8945,Customer_8945,user8945@gmail.com,24,India,2252
8946,Customer_8946,user8946@gmail.com,49,India,2476
8947,Customer_8947,user8947@gmail.com,36,UK,2170
8948,Customer_8948,user8948@gmail.com,55,USA,4104
8949,Customer_8949,user8949@gmail.com,30,USA,4031
8950,Customer_8950,user8950@gmail.com,34,USA,1642
8951,Customer_8951,user8951@gmail.com,36,USA,4349
8952,Customer_8952,user8952@gmail.com,28,India,4808
8953,Customer_8953,user8953@gmail.com,23,USA,532
8954,Customer_8954,user8954@gmail.com,29,UK,3330
8955,Customer_8955,user8955@gmail.com,50,UK,2972
8956,Customer_8956,user8956@gmail.com,58,India,2514
8957,Customer_8957,user8957@gmail.com,65,India,2899
8958,Customer_8958,user8958@gmail.com,39,UK,2427
8959,Customer_8959,user8959@gmail.com,47,India,2724
8960,Customer_8960,user8960@gmail.com,46,UK,4799
8961,Customer_8961,user8961@gmail.com,34,India,1219
8962,Customer_8962,user8962@gmail.com,20,USA,2937
8963,Customer_8963,user8963@gmail.com,21,India,4162
8964,Customer_8964,user8964@gmail.com,50,USA,673
8965,Customer_8965,user8965@gmail.com,68,USA,860
8966,Customer_8966,user8966@gmail.com,51,UK,924
8967,Customer_8967,user8967@gmail.com,51,UK,1205
8968,Customer_8968,user8968@gmail.com,70,USA,679
8969,Customer_8969,user8969@gmail.com,52,USA,326
8970,Customer_8970,user8970@gmail.com,55,India,3302
8971,Customer_8971,user8971@gmail.com,48,USA,3130
8972,Customer_8972,user8972@gmail.com,60,UK,1847
8973,Customer_8973,user8973@gmail.com,44,USA,4053
8974,Customer_8974,user8974@gmail.com,38,USA,2036
8975,Customer_8975,user8975@gmail.com,38,UK,4884
8976,Customer_8976,user8976@gmail.com,33,USA,2126
8977,Customer_8977,user8977@gmail.com,58,USA,3703
8978,Customer_8978,user8978@gmail.com,41,USA,1172
8979,Customer_8979,user8979@gmail.com,67,India,1397
8980,Customer_8980,user8980@gmail.com,38,UK,2169
8981,Customer_8981,user8981@gmail.com,44,UK,4173
8982,Customer_8982,user8982@gmail.com,22,India,2544
8983,Customer_8983,user8983@gmail.com,55,USA,4922
8984,Customer_8984,user8984@gmail.com,69,India,3033
8985,Customer_8985,user8985@gmail.com,53,USA,3319
8986,Customer_8986,user8986@gmail.com,47,India,4415
8987,Customer_8987,user8987@gmail.com,41,UK,3132
8988,Customer_8988,user8988@gmail.com,62,USA,4435
8989,Customer_8989,user8989@gmail.com,35,India,1118
8990,Customer_8990,user8990@gmail.com,35,USA,275
8991,Customer_8991,user8991@gmail.com,70,USA,1531
8992,Customer_8992,user8992@gmail.com,25,India,3654
8993,Customer_8993,user8993@gmail.com,29,India,2443
8994,Customer_8994,user8994@gmail.com,32,UK,1561
8995,Customer_8995,user8995@gmail.com,38,USA,1949
8996,Customer_8996,user8996@gmail.com,24,USA,2583
8997,Customer_8997,user8997@gmail.com,53,India,2919
8998,Customer_8998,user8998@gmail.com,38,UK,2835
8999,Customer_8999,user8999@gmail.com,19,India,2883
9000,Customer_9000,user9000@gmail.com,64,India,1780
9001,Customer_9001,user9001@gmail.com,52,USA,1791
9002,Customer_9002,user9002@gmail.com,43,UK,4921
9003,Customer_9003,user9003@gmail.com,57,UK,1105
9004,Customer_9004,user9004@gmail.com,24,India,3793
9005,Customer_9005,user9005@gmail.com,33,India,2585
9006,Customer_9006,user9006@gmail.com,19,India,3145
9007,Customer_9007,user9007@gmail.com,66,India,4455
9008,Customer_9008,user9008@gmail.com,54,UK,4965
9009,Customer_9009,user9009@gmail.com,69,India,2247
9010,Customer_9010,user9010@gmail.com,29,USA,1449
9011,Customer_9011,user9011@gmail.com,25,UK,1172
9012,Customer_9012,user9012@gmail.com,48,USA,3553
9013,Customer_9013,user9013@gmail.com,30,India,2271
9014,Customer_9014,user9014@gmail.com,63,India,589
9015,Customer_9015,user9015@gmail.com,44,UK,4686
9016,Customer_9016,user9016@gmail.com,23,UK,1773
9017,Customer_9017,user9017@gmail.com,25,India,426
9018,Customer_9018,user9018@gmail.com,19,UK,187
9019,Customer_9019,user9019@gmail.com,40,India,3038
9020,Customer_9020,user9020@gmail.com,45,India,1172
9021,Customer_9021,user9021@gmail.com,45,UK,1559
9022,Customer_9022,user9022@gmail.com,36,USA,689
9023,Customer_9023,user9023@gmail.com,65,USA,1276
9024,Customer_9024,user9024@gmail.com,38,UK,2191
9025,Customer_9025,user9025@gmail.com,25,UK,129
9026,Customer_9026,user9026@gmail.com,43,UK,1590
9027,Customer_9027,user9027@gmail.com,56,UK,4822
9028,Customer_9028,user9028@gmail.com,53,UK,1105
9029,Customer_9029,user9029@gmail.com,52,USA,3376
9030,Customer_9030,user9030@gmail.com,45,USA,1577
9031,Customer_9031,user9031@gmail.com,22,USA,4724
9032,Customer_9032,user9032@gmail.com,62,India,3816
9033,Customer_9033,user9033@gmail.com,60,USA,102
9034,Customer_9034,user9034@gmail.com,39,USA,1392
9035,Customer_9035,user9035@gmail.com,41,USA,4705
9036,Customer_9036,user9036@gmail.com,56,UK,240
9037,Customer_9037,user9037@gmail.com,69,UK,4789
9038,Customer_9038,user9038@gmail.com,42,India,1848
9039,Customer_9039,user9039@gmail.com,35,UK,4028
9040,Customer_9040,user9040@gmail.com,32,USA,4217
9041,Customer_9041,user9041@gmail.com,41,USA,2251
9042,Customer_9042,user9042@gmail.com,39,USA,2235
9043,Customer_9043,user9043@gmail.com,52,USA,1902
9044,Customer_9044,user9044@gmail.com,60,USA,4808
9045,Customer_9045,user9045@gmail.com,24,USA,577
9046,Customer_9046,user9046@gmail.com,26,UK,4367
9047,Customer_9047,user9047@gmail.com,69,UK,1688
9048,Customer_9048,user9048@gmail.com,49,USA,270
9049,Customer_9049,user9049@gmail.com,58,India,4064
9050,Customer_9050,user9050@gmail.com,37,UK,4254
9051,Customer_9051,user9051@gmail.com,42,USA,4425
9052,Customer_9052,user9052@gmail.com,52,USA,584
9053,Customer_9053,user9053@gmail.com,33,UK,1122
9054,Customer_9054,user9054@gmail.com,44,India,1405
9055,Customer_9055,user9055@gmail.com,24,USA,653
9056,Customer_9056,user9056@gmail.com,46,USA,3547
9057,Customer_9057,user9057@gmail.com,31,UK,285
9058,Customer_9058,user9058@gmail.com,48,USA,596
9059,Customer_9059,user9059@gmail.com,28,USA,4377
9060,Customer_9060,user9060@gmail.com,37,UK,815
9061,Customer_9061,user9061@gmail.com,46,UK,3488
9062,Customer_9062,user9062@gmail.com,30,USA,3666
9063,Customer_9063,user9063@gmail.com,18,India,830
9064,Customer_9064,user9064@gmail.com,40,UK,4728
9065,Customer_9065,user9065@gmail.com,62,UK,1489
9066,Customer_9066,user9066@gmail.com,27,India,1733
9067,Customer_9067,user9067@gmail.com,64,UK,2342
9068,Customer_9068,user9068@gmail.com,60,USA,234
9069,Customer_9069,user9069@gmail.com,43,UK,1806
9070,Customer_9070,user9070@gmail.com,53,India,4959
9071,Customer_9071,user9071@gmail.com,30,USA,1301
9072,Customer_9072,user9072@gmail.com,35,USA,1678
9073,Customer_9073,user9073@gmail.com,45,UK,3298
9074,Customer_9074,user9074@gmail.com,40,UK,2158
9075,Customer_9075,user9075@gmail.com,50,UK,3961
9076,Customer_9076,user9076@gmail.com,55,USA,2712
9077,Customer_9077,user9077@gmail.com,24,USA,1697
9078,Customer_9078,user9078@gmail.com,38,India,1625
9079,Customer_9079,user9079@gmail.com,23,India,4845
9080,Customer_9080,user9080@gmail.com,42,India,834
9081,Customer_9081,user9081@gmail.com,50,UK,1825
9082,Customer_9082,user9082@gmail.com,47,India,4583
9083,Customer_9083,user9083@gmail.com,23,India,860
9084,Customer_9084,user9084@gmail.com,70,India,4625
9085,Customer_9085,user9085@gmail.com,33,UK,4496
9086,Customer_9086,user9086@gmail.com,35,USA,4064
9087,Customer_9087,user9087@gmail.com,64,UK,2972
9088,Customer_9088,user9088@gmail.com,20,India,4532
9089,Customer_9089,user9089@gmail.com,47,India,2476
9090,Customer_9090,user9090@gmail.com,43,India,285
9091,Customer_9091,user9091@gmail.com,64,USA,4179
9092,Customer_9092,user9092@gmail.com,49,USA,2337
9093,Customer_9093,user9093@gmail.com,32,USA,709
9094,Customer_9094,user9094@gmail.com,36,UK,3540
9095,Customer_9095,user9095@gmail.com,64,USA,535
9096,Customer_9096,user9096@gmail.com,34,India,4087
9097,Customer_9097,user9097@gmail.com,52,USA,103
9098,Customer_9098,user9098@gmail.com,21,USA,2157
9099,Customer_9099,user9099@gmail.com,32,USA,3700
9100,Customer_9100,user9100@gmail.com,52,USA,3352
9101,Customer_9101,user9101@gmail.com,69,UK,550
9102,Customer_9102,user9102@gmail.com,21,UK,3086
9103,Customer_9103,user9103@gmail.com,32,USA,1978
9104,Customer_9104,user9104@gmail.com,54,USA,1969
9105,Customer_9105,user9105@gmail.com,36,UK,973
9106,Customer_9106,user9106@gmail.com,70,UK,413
9107,Customer_9107,user9107@gmail.com,43,USA,3847
9108,Customer_9108,user9108@gmail.com,18,UK,3952
9109,Customer_9109,user9109@gmail.com,20,India,4531
9110,Customer_9110,user9110@gmail.com,41,India,1864
9111,Customer_9111,user9111@gmail.com,20,India,4194
9112,Customer_9112,user9112@gmail.com,19,USA,3270
9113,Customer_9113,user9113@gmail.com,35,USA,4299
9114,Customer_9114,user9114@gmail.com,35,India,997
9115,Customer_9115,user9115@gmail.com,51,UK,1004
9116,Customer_9116,user9116@gmail.com,34,India,3862
9117,Customer_9117,user9117@gmail.com,19,USA,1916
9118,Customer_9118,user9118@gmail.com,49,USA,3273
9119,Customer_9119,user9119@gmail.com,20,UK,3145
9120,Customer_9120,user9120@gmail.com,69,USA,402
9121,Customer_9121,user9121@gmail.com,68,India,619
9122,Customer_9122,user9122@gmail.com,36,USA,2546
9123,Customer_9123,user9123@gmail.com,21,India,832
9124,Customer_9124,user9124@gmail.com,22,USA,1721
9125,Customer_9125,user9125@gmail.com,66,USA,238
9126,Customer_9126,user9126@gmail.com,36,USA,4083
9127,Customer_9127,user9127@gmail.com,69,USA,128
9128,Customer_9128,user9128@gmail.com,67,India,4922
9129,Customer_9129,user9129@gmail.com,22,USA,4320
9130,Customer_9130,user9130@gmail.com,48,UK,1294
9131,Customer_9131,user9131@gmail.com,38,USA,4553
9132,Customer_9132,user9132@gmail.com,49,USA,2977
9133,Customer_9133,user9133@gmail.com,39,India,3150
9134,Customer_9134,user9134@gmail.com,58,USA,3444
9135,Customer_9135,user9135@gmail.com,67,UK,3464
9136,Customer_9136,user9136@gmail.com,32,India,3675
9137,Customer_9137,user9137@gmail.com,42,USA,1082
9138,Customer_9138,user9138@gmail.com,47,India,1545
9139,Customer_9139,user9139@gmail.com,43,USA,3119
9140,Customer_9140,user9140@gmail.com,51,USA,2728
9141,Customer_9141,user9141@gmail.com,67,UK,3279
9142,Customer_9142,user9142@gmail.com,64,UK,665
9143,Customer_9143,user9143@gmail.com,24,UK,4121
9144,Customer_9144,user9144@gmail.com,59,USA,4023
9145,Customer_9145,user9145@gmail.com,43,India,4920
9146,Customer_9146,user9146@gmail.com,64,UK,327
9147,Customer_9147,user9147@gmail.com,29,USA,3644
9148,Customer_9148,user9148@gmail.com,47,India,3838
9149,Customer_9149,user9149@gmail.com,34,India,616
9150,Customer_9150,user9150@gmail.com,50,UK,3946
9151,Customer_9151,user9151@gmail.com,31,USA,4602
9152,Customer_9152,user9152@gmail.com,21,India,347
9153,Customer_9153,user9153@gmail.com,51,UK,1341
9154,Customer_9154,user9154@gmail.com,62,UK,1200
9155,Customer_9155,user9155@gmail.com,55,USA,2243
9156,Customer_9156,user9156@gmail.com,67,USA,2492
9157,Customer_9157,user9157@gmail.com,30,USA,4291
9158,Customer_9158,user9158@gmail.com,63,UK,3615
9159,Customer_9159,user9159@gmail.com,42,UK,1983
9160,Customer_9160,user9160@gmail.com,61,USA,2618
9161,Customer_9161,user9161@gmail.com,48,India,2300
9162,Customer_9162,user9162@gmail.com,50,India,1376
9163,Customer_9163,user9163@gmail.com,35,USA,3533
9164,Customer_9164,user9164@gmail.com,23,UK,176
9165,Customer_9165,user9165@gmail.com,35,UK,101
9166,Customer_9166,user9166@gmail.com,53,USA,4299
9167,Customer_9167,user9167@gmail.com,41,India,1878
9168,Customer_9168,user9168@gmail.com,25,UK,1517
9169,Customer_9169,user9169@gmail.com,46,USA,1506
9170,Customer_9170,user9170@gmail.com,51,UK,783
9171,Customer_9171,user9171@gmail.com,39,India,331
9172,Customer_9172,user9172@gmail.com,53,India,820
9173,Customer_9173,user9173@gmail.com,67,UK,1475
9174,Customer_9174,user9174@gmail.com,57,India,3580
9175,Customer_9175,user9175@gmail.com,44,UK,3202
9176,Customer_9176,user9176@gmail.com,42,India,2784
9177,Customer_9177,user9177@gmail.com,35,UK,2856
9178,Customer_9178,user9178@gmail.com,43,India,3525
9179,Customer_9179,user9179@gmail.com,52,India,124
9180,Customer_9180,user9180@gmail.com,40,USA,585
9181,Customer_9181,user9181@gmail.com,21,India,2004
9182,Customer_9182,user9182@gmail.com,59,India,1599
9183,Customer_9183,user9183@gmail.com,60,USA,615
9184,Customer_9184,user9184@gmail.com,66,India,3138
9185,Customer_9185,user9185@gmail.com,63,USA,234
9186,Customer_9186,user9186@gmail.com,18,UK,3226
9187,Customer_9187,user9187@gmail.com,30,India,1040
9188,Customer_9188,user9188@gmail.com,18,UK,4944
9189,Customer_9189,user9189@gmail.com,30,India,873
9190,Customer_9190,user9190@gmail.com,57,India,1674
9191,Customer_9191,user9191@gmail.com,44,India,2016
9192,Customer_9192,user9192@gmail.com,22,UK,3135
9193,Customer_9193,user9193@gmail.com,42,India,2463
9194,Customer_9194,user9194@gmail.com,33,USA,1523
9195,Customer_9195,user9195@gmail.com,51,India,191
9196,Customer_9196,user9196@gmail.com,61,India,3298
9197,Customer_9197,user9197@gmail.com,49,UK,2927
9198,Customer_9198,user9198@gmail.com,24,USA,1035
9199,Customer_9199,user9199@gmail.com,55,India,3682
9200,Customer_9200,user9200@gmail.com,29,USA,4163
9201,Customer_9201,user9201@gmail.com,59,UK,2854
9202,Customer_9202,user9202@gmail.com,32,India,4374
9203,Customer_9203,user9203@gmail.com,59,UK,1842
9204,Customer_9204,user9204@gmail.com,27,India,2260
9205,Customer_9205,user9205@gmail.com,31,UK,633
9206,Customer_9206,user9206@gmail.com,56,India,114
9207,Customer_9207,user9207@gmail.com,26,UK,1534
9208,Customer_9208,user9208@gmail.com,35,USA,4874
9209,Customer_9209,user9209@gmail.com,42,USA,3578
9210,Customer_9210,user9210@gmail.com,28,India,4865
9211,Customer_9211,user9211@gmail.com,45,India,2534
9212,Customer_9212,user9212@gmail.com,47,UK,4589
9213,Customer_9213,user9213@gmail.com,19,UK,2880
9214,Customer_9214,user9214@gmail.com,67,India,2060
9215,Customer_9215,user9215@gmail.com,61,USA,4669
9216,Customer_9216,user9216@gmail.com,31,USA,398
9217,Customer_9217,user9217@gmail.com,48,USA,3612
9218,Customer_9218,user9218@gmail.com,46,USA,3146
9219,Customer_9219,user9219@gmail.com,65,USA,1756
9220,Customer_9220,user9220@gmail.com,69,UK,631
9221,Customer_9221,user9221@gmail.com,56,USA,2902
9222,Customer_9222,user9222@gmail.com,39,UK,2202
9223,Customer_9223,user9223@gmail.com,49,UK,1889
9224,Customer_9224,user9224@gmail.com,43,UK,2334
9225,Customer_9225,user9225@gmail.com,58,UK,2125
9226,Customer_9226,user9226@gmail.com,29,India,1151
9227,Customer_9227,user9227@gmail.com,46,USA,1165
9228,Customer_9228,user9228@gmail.com,62,UK,4962
9229,Customer_9229,user9229@gmail.com,59,UK,419
9230,Customer_9230,user9230@gmail.com,29,UK,535
9231,Customer_9231,user9231@gmail.com,35,UK,4433
9232,Customer_9232,user9232@gmail.com,39,USA,3337
9233,Customer_9233,user9233@gmail.com,45,UK,2763
9234,Customer_9234,user9234@gmail.com,45,USA,3461
9235,Customer_9235,user9235@gmail.com,53,UK,1378
9236,Customer_9236,user9236@gmail.com,65,USA,3247
9237,Customer_9237,user9237@gmail.com,34,USA,2646
9238,Customer_9238,user9238@gmail.com,48,UK,4437
9239,Customer_9239,user9239@gmail.com,44,UK,1330
9240,Customer_9240,user9240@gmail.com,33,UK,1011
9241,Customer_9241,user9241@gmail.com,54,India,3785
9242,Customer_9242,user9242@gmail.com,58,UK,1434
9243,Customer_9243,user9243@gmail.com,59,India,1488
9244,Customer_9244,user9244@gmail.com,53,UK,693
9245,Customer_9245,user9245@gmail.com,36,India,1516
9246,Customer_9246,user9246@gmail.com,47,India,1847
9247,Customer_9247,user9247@gmail.com,39,USA,1353
9248,Customer_9248,user9248@gmail.com,20,India,926
9249,Customer_9249,user9249@gmail.com,44,UK,4751
9250,Customer_9250,user9250@gmail.com,35,UK,4937
9251,Customer_9251,user9251@gmail.com,65,UK,2970
9252,Customer_9252,user9252@gmail.com,42,UK,2011
9253,Customer_9253,user9253@gmail.com,42,USA,4443
9254,Customer_9254,user9254@gmail.com,60,India,3780
9255,Customer_9255,user9255@gmail.com,28,USA,147
9256,Customer_9256,user9256@gmail.com,39,India,2975
9257,Customer_9257,user9257@gmail.com,41,India,266
9258,Customer_9258,user9258@gmail.com,67,India,686
9259,Customer_9259,user9259@gmail.com,65,UK,4324
9260,Customer_9260,user9260@gmail.com,37,UK,555
9261,Customer_9261,user9261@gmail.com,65,USA,3686
9262,Customer_9262,user9262@gmail.com,40,USA,767
9263,Customer_9263,user9263@gmail.com,35,UK,920
9264,Customer_9264,user9264@gmail.com,46,USA,2247
9265,Customer_9265,user9265@gmail.com,27,India,4408
9266,Customer_9266,user9266@gmail.com,24,USA,3614
9267,Customer_9267,user9267@gmail.com,54,India,2315
9268,Customer_9268,user9268@gmail.com,53,UK,384
9269,Customer_9269,user9269@gmail.com,37,India,2548
9270,Customer_9270,user9270@gmail.com,26,UK,1514
9271,Customer_9271,user9271@gmail.com,53,India,3386
9272,Customer_9272,user9272@gmail.com,68,UK,1050
9273,Customer_9273,user9273@gmail.com,31,UK,1781
9274,Customer_9274,user9274@gmail.com,62,USA,800
9275,Customer_9275,user9275@gmail.com,51,India,4739
9276,Customer_9276,user9276@gmail.com,30,USA,2354
9277,Customer_9277,user9277@gmail.com,42,India,1326
9278,Customer_9278,user9278@gmail.com,67,UK,3289
9279,Customer_9279,user9279@gmail.com,40,UK,3453
9280,Customer_9280,user9280@gmail.com,59,India,4639
9281,Customer_9281,user9281@gmail.com,21,UK,3613
9282,Customer_9282,user9282@gmail.com,24,USA,1142
9283,Customer_9283,user9283@gmail.com,34,UK,4773
9284,Customer_9284,user9284@gmail.com,57,India,486
9285,Customer_9285,user9285@gmail.com,21,India,3499
9286,Customer_9286,user9286@gmail.com,50,USA,3566
9287,Customer_9287,user9287@gmail.com,27,UK,4397
9288,Customer_9288,user9288@gmail.com,55,USA,2706
9289,Customer_9289,user9289@gmail.com,47,India,3784
9290,Customer_9290,user9290@gmail.com,62,UK,1215
9291,Customer_9291,user9291@gmail.com,65,UK,1301
9292,Customer_9292,user9292@gmail.com,64,UK,4578
9293,Customer_9293,user9293@gmail.com,44,USA,562
9294,Customer_9294,user9294@gmail.com,57,UK,4848
9295,Customer_9295,user9295@gmail.com,64,India,2978
9296,Customer_9296,user9296@gmail.com,62,UK,1937
9297,Customer_9297,user9297@gmail.com,27,USA,3840
9298,Customer_9298,user9298@gmail.com,19,USA,3000
9299,Customer_9299,user9299@gmail.com,53,USA,3720
9300,Customer_9300,user9300@gmail.com,26,UK,4075
9301,Customer_9301,user9301@gmail.com,49,UK,3302
9302,Customer_9302,user9302@gmail.com,26,India,1495
9303,Customer_9303,user9303@gmail.com,52,India,2663
9304,Customer_9304,user9304@gmail.com,63,UK,4730
9305,Customer_9305,user9305@gmail.com,66,USA,2667
9306,Customer_9306,user9306@gmail.com,41,UK,1205
9307,Customer_9307,user9307@gmail.com,48,USA,558
9308,Customer_9308,user9308@gmail.com,45,India,4052
9309,Customer_9309,user9309@gmail.com,30,UK,509
9310,Customer_9310,user9310@gmail.com,63,USA,3142
9311,Customer_9311,user9311@gmail.com,30,UK,2669
9312,Customer_9312,user9312@gmail.com,31,USA,4288
9313,Customer_9313,user9313@gmail.com,69,UK,2629
9314,Customer_9314,user9314@gmail.com,57,USA,4241
9315,Customer_9315,user9315@gmail.com,27,India,1290
9316,Customer_9316,user9316@gmail.com,64,India,3754
9317,Customer_9317,user9317@gmail.com,45,India,4501
9318,Customer_9318,user9318@gmail.com,22,USA,882
9319,Customer_9319,user9319@gmail.com,18,USA,1248
9320,Customer_9320,user9320@gmail.com,53,India,2270
9321,Customer_9321,user9321@gmail.com,37,India,4625
9322,Customer_9322,user9322@gmail.com,41,UK,983
9323,Customer_9323,user9323@gmail.com,56,India,454
9324,Customer_9324,user9324@gmail.com,60,USA,4943
9325,Customer_9325,user9325@gmail.com,66,India,2935
9326,Customer_9326,user9326@gmail.com,45,UK,341
9327,Customer_9327,user9327@gmail.com,29,USA,1288
9328,Customer_9328,user9328@gmail.com,61,UK,1308
9329,Customer_9329,user9329@gmail.com,55,UK,1940
9330,Customer_9330,user9330@gmail.com,45,USA,1355
9331,Customer_9331,user9331@gmail.com,40,India,952
9332,Customer_9332,user9332@gmail.com,47,UK,4670
9333,Customer_9333,user9333@gmail.com,31,India,214
9334,Customer_9334,user9334@gmail.com,35,UK,2981
9335,Customer_9335,user9335@gmail.com,27,UK,186
9336,Customer_9336,user9336@gmail.com,31,India,3394
9337,Customer_9337,user9337@gmail.com,66,USA,4048
9338,Customer_9338,user9338@gmail.com,29,India,1552
9339,Customer_9339,user9339@gmail.com,32,USA,2365
9340,Customer_9340,user9340@gmail.com,27,UK,2185
9341,Customer_9341,user9341@gmail.com,29,India,379
9342,Customer_9342,user9342@gmail.com,51,USA,3400
9343,Customer_9343,user9343@gmail.com,49,USA,2012
9344,Customer_9344,user9344@gmail.com,21,UK,3030
9345,Customer_9345,user9345@gmail.com,23,UK,4993
9346,Customer_9346,user9346@gmail.com,29,UK,4676
9347,Customer_9347,user9347@gmail.com,64,India,2780
9348,Customer_9348,user9348@gmail.com,68,USA,4410
9349,Customer_9349,user9349@gmail.com,31,USA,4802
9350,Customer_9350,user9350@gmail.com,43,India,1801
9351,Customer_9351,user9351@gmail.com,57,India,1088
9352,Customer_9352,user9352@gmail.com,24,UK,3758
9353,Customer_9353,user9353@gmail.com,43,UK,902
9354,Customer_9354,user9354@gmail.com,62,USA,4702
9355,Customer_9355,user9355@gmail.com,58,UK,2574
9356,Customer_9356,user9356@gmail.com,34,India,4022
9357,Customer_9357,user9357@gmail.com,39,India,3574
9358,Customer_9358,user9358@gmail.com,68,India,141
9359,Customer_9359,user9359@gmail.com,51,USA,955
9360,Customer_9360,user9360@gmail.com,48,UK,3942
9361,Customer_9361,user9361@gmail.com,68,India,1304
9362,Customer_9362,user9362@gmail.com,46,USA,4940
9363,Customer_9363,user9363@gmail.com,55,India,3093
9364,Customer_9364,user9364@gmail.com,42,USA,3436
9365,Customer_9365,user9365@gmail.com,25,UK,451
9366,Customer_9366,user9366@gmail.com,47,UK,4830
9367,Customer_9367,user9367@gmail.com,66,India,3484
9368,Customer_9368,user9368@gmail.com,69,UK,2731
9369,Customer_9369,user9369@gmail.com,51,India,4631
9370,Customer_9370,user9370@gmail.com,54,USA,2391
9371,Customer_9371,user9371@gmail.com,20,India,4052
9372,Customer_9372,user9372@gmail.com,48,USA,693
9373,Customer_9373,user9373@gmail.com,53,UK,3427
9374,Customer_9374,user9374@gmail.com,52,UK,4083
9375,Customer_9375,user9375@gmail.com,49,UK,2180
9376,Customer_9376,user9376@gmail.com,47,India,3636
9377,Customer_9377,user9377@gmail.com,36,USA,1267
9378,Customer_9378,user9378@gmail.com,68,UK,2907
9379,Customer_9379,user9379@gmail.com,29,India,2733
9380,Customer_9380,user9380@gmail.com,22,UK,3818
9381,Customer_9381,user9381@gmail.com,38,UK,3412
9382,Customer_9382,user9382@gmail.com,43,USA,3713
9383,Customer_9383,user9383@gmail.com,20,UK,396
9384,Customer_9384,user9384@gmail.com,21,USA,3341
9385,Customer_9385,user9385@gmail.com,21,India,3406
9386,Customer_9386,user9386@gmail.com,41,India,2027
9387,Customer_9387,user9387@gmail.com,35,UK,1130
9388,Customer_9388,user9388@gmail.com,46,India,4397
9389,Customer_9389,user9389@gmail.com,18,India,791
9390,Customer_9390,user9390@gmail.com,25,USA,3351
9391,Customer_9391,user9391@gmail.com,26,UK,3285
9392,Customer_9392,user9392@gmail.com,61,India,3354
9393,Customer_9393,user9393@gmail.com,30,India,2500
9394,Customer_9394,user9394@gmail.com,51,India,2537
9395,Customer_9395,user9395@gmail.com,67,UK,352
9396,Customer_9396,user9396@gmail.com,60,India,317
9397,Customer_9397,user9397@gmail.com,34,UK,4220
9398,Customer_9398,user9398@gmail.com,23,India,479
9399,Customer_9399,user9399@gmail.com,60,USA,4598
9400,Customer_9400,user9400@gmail.com,62,UK,4014
9401,Customer_9401,user9401@gmail.com,50,USA,2064
9402,Customer_9402,user9402@gmail.com,64,USA,663
9403,Customer_9403,user9403@gmail.com,55,USA,3978
9404,Customer_9404,user9404@gmail.com,58,UK,3425
9405,Customer_9405,user9405@gmail.com,24,USA,3761
9406,Customer_9406,user9406@gmail.com,60,UK,1344
9407,Customer_9407,user9407@gmail.com,18,UK,1472
9408,Customer_9408,user9408@gmail.com,52,India,1081
9409,Customer_9409,user9409@gmail.com,67,India,2812
9410,Customer_9410,user9410@gmail.com,40,India,3893
9411,Customer_9411,user9411@gmail.com,21,UK,3544
9412,Customer_9412,user9412@gmail.com,42,USA,793
9413,Customer_9413,user9413@gmail.com,39,USA,2311
9414,Customer_9414,user9414@gmail.com,18,India,2246
9415,Customer_9415,user9415@gmail.com,70,India,1849
9416,Customer_9416,user9416@gmail.com,35,UK,3865
9417,Customer_9417,user9417@gmail.com,20,UK,1002
9418,Customer_9418,user9418@gmail.com,58,India,246
9419,Customer_9419,user9419@gmail.com,67,USA,2590
9420,Customer_9420,user9420@gmail.com,34,India,1188
9421,Customer_9421,user9421@gmail.com,59,UK,4667
9422,Customer_9422,user9422@gmail.com,58,India,4691
9423,Customer_9423,user9423@gmail.com,42,USA,748
9424,Customer_9424,user9424@gmail.com,44,USA,3565
9425,Customer_9425,user9425@gmail.com,40,USA,4234
9426,Customer_9426,user9426@gmail.com,44,India,3147
9427,Customer_9427,user9427@gmail.com,30,USA,278
9428,Customer_9428,user9428@gmail.com,65,USA,2453
9429,Customer_9429,user9429@gmail.com,66,UK,2100
9430,Customer_9430,user9430@gmail.com,19,UK,2702
9431,Customer_9431,user9431@gmail.com,66,India,3863
9432,Customer_9432,user9432@gmail.com,37,UK,2552
9433,Customer_9433,user9433@gmail.com,64,USA,339
9434,Customer_9434,user9434@gmail.com,63,India,2630
9435,Customer_9435,user9435@gmail.com,69,USA,4722
9436,Customer_9436,user9436@gmail.com,49,USA,3579
9437,Customer_9437,user9437@gmail.com,25,USA,4574
9438,Customer_9438,user9438@gmail.com,23,USA,1629
9439,Customer_9439,user9439@gmail.com,33,USA,3803
9440,Customer_9440,user9440@gmail.com,31,USA,2448
9441,Customer_9441,user9441@gmail.com,51,UK,502
9442,Customer_9442,user9442@gmail.com,31,India,402
9443,Customer_9443,user9443@gmail.com,53,UK,2857
9444,Customer_9444,user9444@gmail.com,27,USA,1378
9445,Customer_9445,user9445@gmail.com,29,USA,105
9446,Customer_9446,user9446@gmail.com,69,UK,1052
9447,Customer_9447,user9447@gmail.com,67,USA,3246
9448,Customer_9448,user9448@gmail.com,49,UK,2448
9449,Customer_9449,user9449@gmail.com,30,India,1857
9450,Customer_9450,user9450@gmail.com,33,USA,215
9451,Customer_9451,user9451@gmail.com,20,USA,3472
9452,Customer_9452,user9452@gmail.com,45,USA,1043
9453,Customer_9453,user9453@gmail.com,59,India,2724
9454,Customer_9454,user9454@gmail.com,27,UK,377
9455,Customer_9455,user9455@gmail.com,27,India,3277
9456,Customer_9456,user9456@gmail.com,66,India,2529
9457,Customer_9457,user9457@gmail.com,62,India,909
9458,Customer_9458,user9458@gmail.com,26,India,2759
9459,Customer_9459,user9459@gmail.com,25,USA,2192
9460,Customer_9460,user9460@gmail.com,44,India,790
9461,Customer_9461,user9461@gmail.com,67,USA,4769
9462,Customer_9462,user9462@gmail.com,62,USA,755
9463,Customer_9463,user9463@gmail.com,57,UK,1614
9464,Customer_9464,user9464@gmail.com,51,India,391
9465,Customer_9465,user9465@gmail.com,51,USA,965
9466,Customer_9466,user9466@gmail.com,23,UK,4709
9467,Customer_9467,user9467@gmail.com,31,UK,2014
9468,Customer_9468,user9468@gmail.com,46,UK,237
9469,Customer_9469,user9469@gmail.com,69,UK,1790
9470,Customer_9470,user9470@gmail.com,64,USA,4019
9471,Customer_9471,user9471@gmail.com,52,USA,4880
9472,Customer_9472,user9472@gmail.com,43,UK,3954
9473,Customer_9473,user9473@gmail.com,19,India,1127
9474,Customer_9474,user9474@gmail.com,67,UK,4415
9475,Customer_9475,user9475@gmail.com,52,India,4989
9476,Customer_9476,user9476@gmail.com,26,India,944
9477,Customer_9477,user9477@gmail.com,54,India,821
9478,Customer_9478,user9478@gmail.com,67,UK,3921
9479,Customer_9479,user9479@gmail.com,49,UK,2220
9480,Customer_9480,user9480@gmail.com,55,USA,3370
9481,Customer_9481,user9481@gmail.com,44,UK,2457
9482,Customer_9482,user9482@gmail.com,45,USA,541
9483,Customer_9483,user9483@gmail.com,57,USA,321
9484,Customer_9484,user9484@gmail.com,27,USA,4279
9485,Customer_9485,user9485@gmail.com,56,USA,1979
9486,Customer_9486,user9486@gmail.com,57,UK,3786
9487,Customer_9487,user9487@gmail.com,44,USA,3735
9488,Customer_9488,user9488@gmail.com,43,India,305
9489,Customer_9489,user9489@gmail.com,49,UK,133
9490,Customer_9490,user9490@gmail.com,63,USA,4644
9491,Customer_9491,user9491@gmail.com,46,UK,2191
9492,Customer_9492,user9492@gmail.com,59,UK,2167
9493,Customer_9493,user9493@gmail.com,19,USA,3365
9494,Customer_9494,user9494@gmail.com,24,USA,4693
9495,Customer_9495,user9495@gmail.com,50,USA,1977
9496,Customer_9496,user9496@gmail.com,38,India,956
9497,Customer_9497,user9497@gmail.com,46,USA,4046
9498,Customer_9498,user9498@gmail.com,55,UK,3519
9499,Customer_9499,user9499@gmail.com,53,India,3016
9500,Customer_9500,user9500@gmail.com,25,UK,3903
9501,Customer_9501,user9501@gmail.com,27,India,2096
9502,Customer_9502,user9502@gmail.com,44,India,1135
9503,Customer_9503,user9503@gmail.com,50,UK,366
9504,Customer_9504,user9504@gmail.com,27,India,4942
9505,Customer_9505,user9505@gmail.com,64,USA,4025
9506,Customer_9506,user9506@gmail.com,20,USA,3519
9507,Customer_9507,user9507@gmail.com,69,India,2995
9508,Customer_9508,user9508@gmail.com,58,India,3359
9509,Customer_9509,user9509@gmail.com,61,India,2364
9510,Customer_9510,user9510@gmail.com,32,UK,439
9511,Customer_9511,user9511@gmail.com,56,USA,4174
9512,Customer_9512,user9512@gmail.com,38,USA,4269
9513,Customer_9513,user9513@gmail.com,34,USA,2281
9514,Customer_9514,user9514@gmail.com,62,UK,1111
9515,Customer_9515,user9515@gmail.com,65,USA,1611
9516,Customer_9516,user9516@gmail.com,65,India,648
9517,Customer_9517,user9517@gmail.com,56,India,1105
9518,Customer_9518,user9518@gmail.com,70,UK,1207
9519,Customer_9519,user9519@gmail.com,64,USA,4558
9520,Customer_9520,user9520@gmail.com,18,USA,3922
9521,Customer_9521,user9521@gmail.com,53,UK,3758
9522,Customer_9522,user9522@gmail.com,28,UK,3759
9523,Customer_9523,user9523@gmail.com,31,India,4639
9524,Customer_9524,user9524@gmail.com,66,India,3806
9525,Customer_9525,user9525@gmail.com,33,UK,522
9526,Customer_9526,user9526@gmail.com,28,India,1618
9527,Customer_9527,user9527@gmail.com,20,India,1252
9528,Customer_9528,user9528@gmail.com,19,UK,4553
9529,Customer_9529,user9529@gmail.com,53,India,2217
9530,Customer_9530,user9530@gmail.com,36,India,4186
9531,Customer_9531,user9531@gmail.com,36,India,768
9532,Customer_9532,user9532@gmail.com,49,USA,3782
9533,Customer_9533,user9533@gmail.com,28,UK,3700
9534,Customer_9534,user9534@gmail.com,53,UK,446
9535,Customer_9535,user9535@gmail.com,56,India,1367
9536,Customer_9536,user9536@gmail.com,23,India,1060
9537,Customer_9537,user9537@gmail.com,23,India,2690
9538,Customer_9538,user9538@gmail.com,27,USA,4987
9539,Customer_9539,user9539@gmail.com,34,India,1561
9540,Customer_9540,user9540@gmail.com,70,India,1331
9541,Customer_9541,user9541@gmail.com,56,USA,4888
9542,Customer_9542,user9542@gmail.com,49,India,1159
9543,Customer_9543,user9543@gmail.com,49,UK,3047
9544,Customer_9544,user9544@gmail.com,49,USA,3244
9545,Customer_9545,user9545@gmail.com,61,India,363
9546,Customer_9546,user9546@gmail.com,58,USA,1705
9547,Customer_9547,user9547@gmail.com,24,India,3473
9548,Customer_9548,user9548@gmail.com,46,USA,4524
9549,Customer_9549,user9549@gmail.com,21,UK,1637
9550,Customer_9550,user9550@gmail.com,55,USA,4746
9551,Customer_9551,user9551@gmail.com,41,USA,841
9552,Customer_9552,user9552@gmail.com,18,UK,2191
9553,Customer_9553,user9553@gmail.com,46,UK,1443
9554,Customer_9554,user9554@gmail.com,46,USA,1842
9555,Customer_9555,user9555@gmail.com,63,UK,4230
9556,Customer_9556,user9556@gmail.com,21,USA,4361
9557,Customer_9557,user9557@gmail.com,68,UK,166
9558,Customer_9558,user9558@gmail.com,58,India,208
9559,Customer_9559,user9559@gmail.com,18,USA,868
9560,Customer_9560,user9560@gmail.com,24,India,2478
9561,Customer_9561,user9561@gmail.com,54,UK,3658
9562,Customer_9562,user9562@gmail.com,70,UK,3073
9563,Customer_9563,user9563@gmail.com,50,UK,2594
9564,Customer_9564,user9564@gmail.com,37,UK,2041
9565,Customer_9565,user9565@gmail.com,52,USA,1724
9566,Customer_9566,user9566@gmail.com,49,USA,1230
9567,Customer_9567,user9567@gmail.com,28,UK,3126
9568,Customer_9568,user9568@gmail.com,60,India,117
9569,Customer_9569,user9569@gmail.com,49,India,353
9570,Customer_9570,user9570@gmail.com,39,India,871
9571,Customer_9571,user9571@gmail.com,40,USA,3000
9572,Customer_9572,user9572@gmail.com,63,India,137
9573,Customer_9573,user9573@gmail.com,31,UK,3829
9574,Customer_9574,user9574@gmail.com,30,India,2451
9575,Customer_9575,user9575@gmail.com,43,USA,3359
9576,Customer_9576,user9576@gmail.com,52,India,4960
9577,Customer_9577,user9577@gmail.com,39,USA,282
9578,Customer_9578,user9578@gmail.com,32,India,2962
9579,Customer_9579,user9579@gmail.com,63,USA,4527
9580,Customer_9580,user9580@gmail.com,40,UK,1302
9581,Customer_9581,user9581@gmail.com,19,UK,4104
9582,Customer_9582,user9582@gmail.com,47,USA,756
9583,Customer_9583,user9583@gmail.com,65,USA,1979
9584,Customer_9584,user9584@gmail.com,48,UK,4024
9585,Customer_9585,user9585@gmail.com,25,UK,4906
9586,Customer_9586,user9586@gmail.com,40,India,971
9587,Customer_9587,user9587@gmail.com,26,USA,3289
9588,Customer_9588,user9588@gmail.com,33,India,3092
9589,Customer_9589,user9589@gmail.com,20,India,3638
9590,Customer_9590,user9590@gmail.com,33,UK,1284
9591,Customer_9591,user9591@gmail.com,56,India,3186
9592,Customer_9592,user9592@gmail.com,27,India,4684
9593,Customer_9593,user9593@gmail.com,52,UK,3105
9594,Customer_9594,user9594@gmail.com,27,UK,1987
9595,Customer_9595,user9595@gmail.com,19,UK,2676
9596,Customer_9596,user9596@gmail.com,38,USA,3146
9597,Customer_9597,user9597@gmail.com,48,India,2813
9598,Customer_9598,user9598@gmail.com,21,India,4169
9599,Customer_9599,user9599@gmail.com,33,UK,478
9600,Customer_9600,user9600@gmail.com,37,USA,1873
9601,Customer_9601,user9601@gmail.com,70,India,1688
9602,Customer_9602,user9602@gmail.com,70,India,4835
9603,Customer_9603,user9603@gmail.com,69,UK,2749
9604,Customer_9604,user9604@gmail.com,59,India,4901
9605,Customer_9605,user9605@gmail.com,21,UK,1072
9606,Customer_9606,user9606@gmail.com,22,India,1208
9607,Customer_9607,user9607@gmail.com,38,India,490
9608,Customer_9608,user9608@gmail.com,60,India,3067
9609,Customer_9609,user9609@gmail.com,29,USA,4017
9610,Customer_9610,user9610@gmail.com,35,USA,3795
9611,Customer_9611,user9611@gmail.com,53,UK,4041
9612,Customer_9612,user9612@gmail.com,19,USA,2896
9613,Customer_9613,user9613@gmail.com,28,India,1284
9614,Customer_9614,user9614@gmail.com,25,India,2922
9615,Customer_9615,user9615@gmail.com,24,UK,1744
9616,Customer_9616,user9616@gmail.com,48,USA,2540
9617,Customer_9617,user9617@gmail.com,45,USA,1675
9618,Customer_9618,user9618@gmail.com,48,UK,4551
9619,Customer_9619,user9619@gmail.com,59,USA,2736
9620,Customer_9620,user9620@gmail.com,62,India,4972
9621,Customer_9621,user9621@gmail.com,66,India,334
9622,Customer_9622,user9622@gmail.com,34,India,162
9623,Customer_9623,user9623@gmail.com,19,UK,691
9624,Customer_9624,user9624@gmail.com,39,India,1305
9625,Customer_9625,user9625@gmail.com,30,UK,381
9626,Customer_9626,user9626@gmail.com,65,USA,1830
9627,Customer_9627,user9627@gmail.com,59,USA,2830
9628,Customer_9628,user9628@gmail.com,27,UK,3351
9629,Customer_9629,user9629@gmail.com,50,India,4097
9630,Customer_9630,user9630@gmail.com,68,India,3901
9631,Customer_9631,user9631@gmail.com,30,USA,2519
9632,Customer_9632,user9632@gmail.com,66,UK,3611
9633,Customer_9633,user9633@gmail.com,47,USA,3415
9634,Customer_9634,user9634@gmail.com,44,India,4633
9635,Customer_9635,user9635@gmail.com,42,UK,1724
9636,Customer_9636,user9636@gmail.com,43,India,4121
9637,Customer_9637,user9637@gmail.com,55,India,4520
9638,Customer_9638,user9638@gmail.com,67,UK,3737
9639,Customer_9639,user9639@gmail.com,48,USA,3041
9640,Customer_9640,user9640@gmail.com,57,India,1995
9641,Customer_9641,user9641@gmail.com,34,India,496
9642,Customer_9642,user9642@gmail.com,21,USA,4724
9643,Customer_9643,user9643@gmail.com,29,UK,278
9644,Customer_9644,user9644@gmail.com,24,India,663
9645,Customer_9645,user9645@gmail.com,40,UK,242
9646,Customer_9646,user9646@gmail.com,26,India,3862
9647,Customer_9647,user9647@gmail.com,44,UK,3394
9648,Customer_9648,user9648@gmail.com,33,UK,2835
9649,Customer_9649,user9649@gmail.com,45,USA,3119
9650,Customer_9650,user9650@gmail.com,56,USA,4433
9651,Customer_9651,user9651@gmail.com,36,USA,4848
9652,Customer_9652,user9652@gmail.com,24,UK,3400
9653,Customer_9653,user9653@gmail.com,45,UK,1421
9654,Customer_9654,user9654@gmail.com,59,USA,1754
9655,Customer_9655,user9655@gmail.com,34,India,1812
9656,Customer_9656,user9656@gmail.com,65,UK,2725
9657,Customer_9657,user9657@gmail.com,23,India,2273
9658,Customer_9658,user9658@gmail.com,56,UK,4845
9659,Customer_9659,user9659@gmail.com,55,USA,3778
9660,Customer_9660,user9660@gmail.com,61,UK,4899
9661,Customer_9661,user9661@gmail.com,59,India,4893
9662,Customer_9662,user9662@gmail.com,50,UK,1190
9663,Customer_9663,user9663@gmail.com,51,India,3066
9664,Customer_9664,user9664@gmail.com,54,UK,2522
9665,Customer_9665,user9665@gmail.com,27,USA,307
9666,Customer_9666,user9666@gmail.com,55,USA,582
9667,Customer_9667,user9667@gmail.com,37,India,1013
9668,Customer_9668,user9668@gmail.com,56,India,728
9669,Customer_9669,user9669@gmail.com,66,UK,4006
9670,Customer_9670,user9670@gmail.com,53,USA,2052
9671,Customer_9671,user9671@gmail.com,55,USA,3551
9672,Customer_9672,user9672@gmail.com,37,USA,3354
9673,Customer_9673,user9673@gmail.com,31,India,2640
9674,Customer_9674,user9674@gmail.com,23,USA,4952
9675,Customer_9675,user9675@gmail.com,65,India,229
9676,Customer_9676,user9676@gmail.com,20,UK,3098
9677,Customer_9677,user9677@gmail.com,18,USA,3354
9678,Customer_9678,user9678@gmail.com,22,USA,3843
9679,Customer_9679,user9679@gmail.com,34,UK,4892
9680,Customer_9680,user9680@gmail.com,68,UK,2403
9681,Customer_9681,user9681@gmail.com,46,USA,4515
9682,Customer_9682,user9682@gmail.com,32,UK,3537
9683,Customer_9683,user9683@gmail.com,67,UK,3113
9684,Customer_9684,user9684@gmail.com,23,UK,2542
9685,Customer_9685,user9685@gmail.com,44,UK,2099
9686,Customer_9686,user9686@gmail.com,49,India,3143
9687,Customer_9687,user9687@gmail.com,39,UK,4977
9688,Customer_9688,user9688@gmail.com,20,USA,4962
9689,Customer_9689,user9689@gmail.com,33,USA,3540
9690,Customer_9690,user9690@gmail.com,50,India,1570
9691,Customer_9691,user9691@gmail.com,42,UK,3564
9692,Customer_9692,user9692@gmail.com,20,USA,1344
9693,Customer_9693,user9693@gmail.com,41,India,329
9694,Customer_9694,user9694@gmail.com,26,USA,1300
9695,Customer_9695,user9695@gmail.com,68,USA,1584
9696,Customer_9696,user9696@gmail.com,37,UK,852
9697,Customer_9697,user9697@gmail.com,64,UK,427
9698,Customer_9698,user9698@gmail.com,43,India,732
9699,Customer_9699,user9699@gmail.com,47,India,4986
9700,Customer_9700,user9700@gmail.com,38,India,4882
9701,Customer_9701,user9701@gmail.com,42,USA,1451
9702,Customer_9702,user9702@gmail.com,26,USA,1828
9703,Customer_9703,user9703@gmail.com,22,USA,3495
9704,Customer_9704,user9704@gmail.com,27,USA,3086
9705,Customer_9705,user9705@gmail.com,61,USA,2707
9706,Customer_9706,user9706@gmail.com,46,USA,2663
9707,Customer_9707,user9707@gmail.com,41,UK,210
9708,Customer_9708,user9708@gmail.com,50,UK,150
9709,Customer_9709,user9709@gmail.com,51,India,3146
9710,Customer_9710,user9710@gmail.com,70,India,3716
9711,Customer_9711,user9711@gmail.com,36,India,570
9712,Customer_9712,user9712@gmail.com,21,UK,2586
9713,Customer_9713,user9713@gmail.com,23,USA,447
9714,Customer_9714,user9714@gmail.com,49,UK,4852
9715,Customer_9715,user9715@gmail.com,67,UK,1510
9716,Customer_9716,user9716@gmail.com,42,USA,1415
9717,Customer_9717,user9717@gmail.com,36,USA,1179
9718,Customer_9718,user9718@gmail.com,21,India,4568
9719,Customer_9719,user9719@gmail.com,66,India,3701
9720,Customer_9720,user9720@gmail.com,19,USA,1060
9721,Customer_9721,user9721@gmail.com,37,India,4775
9722,Customer_9722,user9722@gmail.com,70,UK,4813
9723,Customer_9723,user9723@gmail.com,70,UK,4042
9724,Customer_9724,user9724@gmail.com,64,USA,3191
9725,Customer_9725,user9725@gmail.com,43,India,443
9726,Customer_9726,user9726@gmail.com,52,India,1417
9727,Customer_9727,user9727@gmail.com,32,UK,3853
9728,Customer_9728,user9728@gmail.com,30,USA,1294
9729,Customer_9729,user9729@gmail.com,64,India,1505
9730,Customer_9730,user9730@gmail.com,22,UK,4975
9731,Customer_9731,user9731@gmail.com,60,UK,2589
9732,Customer_9732,user9732@gmail.com,57,UK,4371
9733,Customer_9733,user9733@gmail.com,40,USA,1837
9734,Customer_9734,user9734@gmail.com,40,UK,2873
9735,Customer_9735,user9735@gmail.com,46,India,4694
9736,Customer_9736,user9736@gmail.com,70,India,2432
9737,Customer_9737,user9737@gmail.com,54,UK,4901
9738,Customer_9738,user9738@gmail.com,67,USA,3123
9739,Customer_9739,user9739@gmail.com,33,India,908
9740,Customer_9740,user9740@gmail.com,70,USA,3302
9741,Customer_9741,user9741@gmail.com,39,India,3042
9742,Customer_9742,user9742@gmail.com,26,USA,2783
9743,Customer_9743,user9743@gmail.com,63,India,3949
9744,Customer_9744,user9744@gmail.com,51,India,4168
9745,Customer_9745,user9745@gmail.com,40,USA,3002
9746,Customer_9746,user9746@gmail.com,21,India,2146
9747,Customer_9747,user9747@gmail.com,56,UK,1172
9748,Customer_9748,user9748@gmail.com,19,India,803
9749,Customer_9749,user9749@gmail.com,47,India,338
9750,Customer_9750,user9750@gmail.com,35,USA,4907
9751,Customer_9751,user9751@gmail.com,22,USA,4730
9752,Customer_9752,user9752@gmail.com,57,UK,1275
9753,Customer_9753,user9753@gmail.com,40,India,1625
9754,Customer_9754,user9754@gmail.com,31,India,4592
9755,Customer_9755,user9755@gmail.com,18,USA,248
9756,Customer_9756,user9756@gmail.com,22,USA,1578
9757,Customer_9757,user9757@gmail.com,50,UK,410
9758,Customer_9758,user9758@gmail.com,35,UK,3580
9759,Customer_9759,user9759@gmail.com,46,India,2869
9760,Customer_9760,user9760@gmail.com,64,India,1063
9761,Customer_9761,user9761@gmail.com,50,UK,247
9762,Customer_9762,user9762@gmail.com,22,USA,2181
9763,Customer_9763,user9763@gmail.com,27,USA,4076
9764,Customer_9764,user9764@gmail.com,26,USA,3742
9765,Customer_9765,user9765@gmail.com,68,India,1246
9766,Customer_9766,user9766@gmail.com,35,UK,4113
9767,Customer_9767,user9767@gmail.com,28,USA,4239
9768,Customer_9768,user9768@gmail.com,41,UK,4974
9769,Customer_9769,user9769@gmail.com,58,India,2930
9770,Customer_9770,user9770@gmail.com,37,UK,267
9771,Customer_9771,user9771@gmail.com,67,USA,3066
9772,Customer_9772,user9772@gmail.com,56,India,4312
9773,Customer_9773,user9773@gmail.com,27,USA,1096
9774,Customer_9774,user9774@gmail.com,40,UK,3644
9775,Customer_9775,user9775@gmail.com,55,India,324
9776,Customer_9776,user9776@gmail.com,28,India,702
9777,Customer_9777,user9777@gmail.com,36,India,4551
9778,Customer_9778,user9778@gmail.com,24,USA,193
9779,Customer_9779,user9779@gmail.com,41,India,2809
9780,Customer_9780,user9780@gmail.com,21,India,3369
9781,Customer_9781,user9781@gmail.com,18,USA,3862
9782,Customer_9782,user9782@gmail.com,44,USA,2374
9783,Customer_9783,user9783@gmail.com,54,UK,4953
9784,Customer_9784,user9784@gmail.com,28,India,3351
9785,Customer_9785,user9785@gmail.com,69,India,4544
9786,Customer_9786,user9786@gmail.com,46,India,1969
9787,Customer_9787,user9787@gmail.com,21,UK,2875
9788,Customer_9788,user9788@gmail.com,43,USA,1917
9789,Customer_9789,user9789@gmail.com,33,UK,2531
9790,Customer_9790,user9790@gmail.com,47,UK,351
9791,Customer_9791,user9791@gmail.com,19,USA,1540
9792,Customer_9792,user9792@gmail.com,50,USA,1479
9793,Customer_9793,user9793@gmail.com,70,UK,1417
9794,Customer_9794,user9794@gmail.com,19,UK,3525
9795,Customer_9795,user9795@gmail.com,47,USA,3841
9796,Customer_9796,user9796@gmail.com,47,UK,1770
9797,Customer_9797,user9797@gmail.com,23,India,503
9798,Customer_9798,user9798@gmail.com,28,USA,1430
9799,Customer_9799,user9799@gmail.com,64,USA,2968
9800,Customer_9800,user9800@gmail.com,21,UK,136
9801,Customer_9801,user9801@gmail.com,31,UK,4759
9802,Customer_9802,user9802@gmail.com,43,USA,3673
9803,Customer_9803,user9803@gmail.com,48,India,3692
9804,Customer_9804,user9804@gmail.com,53,India,620
9805,Customer_9805,user9805@gmail.com,57,UK,138
9806,Customer_9806,user9806@gmail.com,47,USA,3021
9807,Customer_9807,user9807@gmail.com,29,USA,1517
9808,Customer_9808,user9808@gmail.com,55,USA,926
9809,Customer_9809,user9809@gmail.com,20,USA,617
9810,Customer_9810,user9810@gmail.com,57,USA,3245
9811,Customer_9811,user9811@gmail.com,57,USA,1705
9812,Customer_9812,user9812@gmail.com,52,USA,3244
9813,Customer_9813,user9813@gmail.com,52,USA,4634
9814,Customer_9814,user9814@gmail.com,64,UK,3907
9815,Customer_9815,user9815@gmail.com,33,India,1737
9816,Customer_9816,user9816@gmail.com,54,India,572
9817,Customer_9817,user9817@gmail.com,56,USA,858
9818,Customer_9818,user9818@gmail.com,45,UK,757
9819,Customer_9819,user9819@gmail.com,27,UK,2777
9820,Customer_9820,user9820@gmail.com,64,India,2870
9821,Customer_9821,user9821@gmail.com,29,UK,4998
9822,Customer_9822,user9822@gmail.com,41,India,1901
9823,Customer_9823,user9823@gmail.com,70,USA,1906
9824,Customer_9824,user9824@gmail.com,41,UK,201
9825,Customer_9825,user9825@gmail.com,63,UK,919
9826,Customer_9826,user9826@gmail.com,59,UK,1904
9827,Customer_9827,user9827@gmail.com,21,India,3936
9828,Customer_9828,user9828@gmail.com,19,USA,1164
9829,Customer_9829,user9829@gmail.com,59,USA,3289
9830,Customer_9830,user9830@gmail.com,20,USA,2155
9831,Customer_9831,user9831@gmail.com,63,USA,3906
9832,Customer_9832,user9832@gmail.com,57,USA,4026
9833,Customer_9833,user9833@gmail.com,35,UK,3911
9834,Customer_9834,user9834@gmail.com,64,UK,3013
9835,Customer_9835,user9835@gmail.com,65,USA,1965
9836,Customer_9836,user9836@gmail.com,39,UK,217
9837,Customer_9837,user9837@gmail.com,19,USA,1139
9838,Customer_9838,user9838@gmail.com,23,UK,1717
9839,Customer_9839,user9839@gmail.com,66,USA,839
9840,Customer_9840,user9840@gmail.com,24,India,2419
9841,Customer_9841,user9841@gmail.com,38,India,1011
9842,Customer_9842,user9842@gmail.com,39,UK,1266
9843,Customer_9843,user9843@gmail.com,35,India,2239
9844,Customer_9844,user9844@gmail.com,50,India,1195
9845,Customer_9845,user9845@gmail.com,53,UK,2140
9846,Customer_9846,user9846@gmail.com,68,India,4040
9847,Customer_9847,user9847@gmail.com,23,UK,2675
9848,Customer_9848,user9848@gmail.com,55,USA,3204
9849,Customer_9849,user9849@gmail.com,33,USA,3323
9850,Customer_9850,user9850@gmail.com,68,USA,481
9851,Customer_9851,user9851@gmail.com,25,India,3618
9852,Customer_9852,user9852@gmail.com,70,India,2467
9853,Customer_9853,user9853@gmail.com,57,USA,2843
9854,Customer_9854,user9854@gmail.com,28,USA,2686
9855,Customer_9855,user9855@gmail.com,29,UK,3341
9856,Customer_9856,user9856@gmail.com,35,India,2064
9857,Customer_9857,user9857@gmail.com,64,India,1784
9858,Customer_9858,user9858@gmail.com,46,UK,4314
9859,Customer_9859,user9859@gmail.com,41,USA,1498
9860,Customer_9860,user9860@gmail.com,54,USA,4778
9861,Customer_9861,user9861@gmail.com,40,USA,1124
9862,Customer_9862,user9862@gmail.com,20,UK,448
9863,Customer_9863,user9863@gmail.com,25,USA,716
9864,Customer_9864,user9864@gmail.com,62,USA,4483
9865,Customer_9865,user9865@gmail.com,56,India,3252
9866,Customer_9866,user9866@gmail.com,42,India,4387
9867,Customer_9867,user9867@gmail.com,41,UK,4357
9868,Customer_9868,user9868@gmail.com,57,India,3401
9869,Customer_9869,user9869@gmail.com,30,India,3458
9870,Customer_9870,user9870@gmail.com,59,UK,3298
9871,Customer_9871,user9871@gmail.com,27,USA,1327
9872,Customer_9872,user9872@gmail.com,50,India,3085
9873,Customer_9873,user9873@gmail.com,29,India,1569
9874,Customer_9874,user9874@gmail.com,45,UK,4852
9875,Customer_9875,user9875@gmail.com,63,India,4054
9876,Customer_9876,user9876@gmail.com,36,UK,1920
9877,Customer_9877,user9877@gmail.com,45,India,775
9878,Customer_9878,user9878@gmail.com,19,USA,4637
9879,Customer_9879,user9879@gmail.com,32,India,1926
9880,Customer_9880,user9880@gmail.com,58,UK,1724
9881,Customer_9881,user9881@gmail.com,70,USA,3935
9882,Customer_9882,user9882@gmail.com,70,India,914
9883,Customer_9883,user9883@gmail.com,66,India,3339
9884,Customer_9884,user9884@gmail.com,69,India,3633
9885,Customer_9885,user9885@gmail.com,31,India,4300
9886,Customer_9886,user9886@gmail.com,37,UK,3244
9887,Customer_9887,user9887@gmail.com,41,UK,4443
9888,Customer_9888,user9888@gmail.com,48,USA,518
9889,Customer_9889,user9889@gmail.com,31,UK,646
9890,Customer_9890,user9890@gmail.com,53,UK,3596
9891,Customer_9891,user9891@gmail.com,21,UK,4397
9892,Customer_9892,user9892@gmail.com,64,India,1720
9893,Customer_9893,user9893@gmail.com,27,UK,414
9894,Customer_9894,user9894@gmail.com,45,India,3671
9895,Customer_9895,user9895@gmail.com,24,India,359
9896,Customer_9896,user9896@gmail.com,36,India,2975
9897,Customer_9897,user9897@gmail.com,20,USA,1140
9898,Customer_9898,user9898@gmail.com,58,USA,422
9899,Customer_9899,user9899@gmail.com,65,UK,3977
9900,Customer_9900,user9900@gmail.com,20,UK,4456
9901,Customer_9901,user9901@gmail.com,29,India,4429
9902,Customer_9902,user9902@gmail.com,68,USA,2540
9903,Customer_9903,user9903@gmail.com,61,UK,4790
9904,Customer_9904,user9904@gmail.com,61,USA,3153
9905,Customer_9905,user9905@gmail.com,54,USA,188
9906,Customer_9906,user9906@gmail.com,45,India,842
9907,Customer_9907,user9907@gmail.com,44,India,895
9908,Customer_9908,user9908@gmail.com,42,UK,3470
9909,Customer_9909,user9909@gmail.com,55,India,3128
9910,Customer_9910,user9910@gmail.com,69,UK,1612
9911,Customer_9911,user9911@gmail.com,59,UK,4811
9912,Customer_9912,user9912@gmail.com,54,USA,4620
9913,Customer_9913,user9913@gmail.com,50,USA,4415
9914,Customer_9914,user9914@gmail.com,55,India,1737
9915,Customer_9915,user9915@gmail.com,70,UK,2123
9916,Customer_9916,user9916@gmail.com,43,UK,1118
9917,Customer_9917,user9917@gmail.com,61,India,4485
9918,Customer_9918,user9918@gmail.com,37,India,2563
9919,Customer_9919,user9919@gmail.com,21,India,609
9920,Customer_9920,user9920@gmail.com,26,UK,2857
9921,Customer_9921,user9921@gmail.com,22,UK,4469
9922,Customer_9922,user9922@gmail.com,23,UK,3727
9923,Customer_9923,user9923@gmail.com,69,UK,728
9924,Customer_9924,user9924@gmail.com,61,USA,4220
9925,Customer_9925,user9925@gmail.com,60,India,1609
9926,Customer_9926,user9926@gmail.com,68,UK,3236
9927,Customer_9927,user9927@gmail.com,36,USA,1765
9928,Customer_9928,user9928@gmail.com,44,UK,209
9929,Customer_9929,user9929@gmail.com,57,India,338
9930,Customer_9930,user9930@gmail.com,61,UK,1424
9931,Customer_9931,user9931@gmail.com,58,UK,4157
9932,Customer_9932,user9932@gmail.com,34,USA,3745
9933,Customer_9933,user9933@gmail.com,46,USA,3470
9934,Customer_9934,user9934@gmail.com,51,USA,4162
9935,Customer_9935,user9935@gmail.com,51,UK,2660
9936,Customer_9936,user9936@gmail.com,20,India,2380
9937,Customer_9937,user9937@gmail.com,45,India,267
9938,Customer_9938,user9938@gmail.com,22,USA,1926
9939,Customer_9939,user9939@gmail.com,39,UK,295
9940,Customer_9940,user9940@gmail.com,62,USA,1015
9941,Customer_9941,user9941@gmail.com,34,India,3516
9942,Customer_9942,user9942@gmail.com,40,USA,3522
9943,Customer_9943,user9943@gmail.com,25,UK,3264
9944,Customer_9944,user9944@gmail.com,33,USA,4999
9945,Customer_9945,user9945@gmail.com,27,UK,445
9946,Customer_9946,user9946@gmail.com,67,UK,874
9947,Customer_9947,user9947@gmail.com,47,UK,830
9948,Customer_9948,user9948@gmail.com,54,India,4004
9949,Customer_9949,user9949@gmail.com,63,UK,3104
9950,Customer_9950,user9950@gmail.com,65,India,4900
9951,Customer_9951,user9951@gmail.com,27,India,2493
9952,Customer_9952,user9952@gmail.com,39,India,2576
9953,Customer_9953,user9953@gmail.com,26,India,2525
9954,Customer_9954,user9954@gmail.com,39,India,3917
9955,Customer_9955,user9955@gmail.com,68,USA,4602
9956,Customer_9956,user9956@gmail.com,36,UK,1841
9957,Customer_9957,user9957@gmail.com,53,UK,1171
9958,Customer_9958,user9958@gmail.com,50,USA,228
9959,Customer_9959,user9959@gmail.com,25,USA,4804
9960,Customer_9960,user9960@gmail.com,69,India,851
9961,Customer_9961,user9961@gmail.com,49,UK,3795
9962,Customer_9962,user9962@gmail.com,42,India,2482
9963,Customer_9963,user9963@gmail.com,60,USA,2533
9964,Customer_9964,user9964@gmail.com,19,India,3503
9965,Customer_9965,user9965@gmail.com,68,UK,1412
9966,Customer_9966,user9966@gmail.com,46,India,3402
9967,Customer_9967,user9967@gmail.com,29,India,1674
9968,Customer_9968,user9968@gmail.com,52,USA,4160
9969,Customer_9969,user9969@gmail.com,68,India,2423
9970,Customer_9970,user9970@gmail.com,49,UK,4266
9971,Customer_9971,user9971@gmail.com,32,USA,1200
9972,Customer_9972,user9972@gmail.com,34,India,4197
9973,Customer_9973,user9973@gmail.com,25,UK,3953
9974,Customer_9974,user9974@gmail.com,42,India,1447
9975,Customer_9975,user9975@gmail.com,44,USA,4136
9976,Customer_9976,user9976@gmail.com,60,UK,961
9977,Customer_9977,user9977@gmail.com,50,UK,3094
9978,Customer_9978,user9978@gmail.com,22,UK,3718
9979,Customer_9979,user9979@gmail.com,37,USA,2651
9980,Customer_9980,user9980@gmail.com,42,India,4290
9981,Customer_9981,user9981@gmail.com,20,USA,293
9982,Customer_9982,user9982@gmail.com,68,India,715
9983,Customer_9983,user9983@gmail.com,26,India,3112
9984,Customer_9984,user9984@gmail.com,24,India,2098
9985,Customer_9985,user9985@gmail.com,61,USA,3768
9986,Customer_9986,user9986@gmail.com,55,UK,1506
9987,Customer_9987,user9987@gmail.com,53,India,3679
9988,Customer_9988,user9988@gmail.com,31,USA,725
9989,Customer_9989,user9989@gmail.com,67,UK,1443
9990,Customer_9990,user9990@gmail.com,34,India,1902
9991,Customer_9991,user9991@gmail.com,52,USA,2631
9992,Customer_9992,user9992@gmail.com,23,USA,4096
9993,Customer_9993,user9993@gmail.com,64,USA,1925
9994,Customer_9994,user9994@gmail.com,37,UK,198
9995,Customer_9995,user9995@gmail.com,21,India,1338
9996,Customer_9996,user9996@gmail.com,38,USA,4062
9997,Customer_9997,user9997@gmail.com,27,UK,288
9998,Customer_9998,user9998@gmail.com,37,India,4351
9999,Customer_9999,user9999@gmail.com,43,India,4190
